kyc_record_id,person_id,name_as_reported,date_of_birth,national_id,passport_id,phone_as_reported,email_as_reported,address_as_reported,occupation,employer_name,kyc_date,kyc_status,source_id
KYC-F868B4,P-2D7685,Ashok Kulkarni,1971-11-28,4356-6484-8023,,+919893431537,ashok.kulkarni@email.com,"Flat 758, 99 Avenue, Dwarka Sector 10, Delhi, Delhi - 541955",software_engineer,Software_engineer Corp,2025-06-04T00:00:00,verified,KYC_CORE_DB
KYC-92AA8A,P-275CEC,Pooja Deshmukh,1983-07-21,9562-6299-9528,,+91 91951 16512,pooja.deshmukh@email.com,"Flat 287, 24 Sector, Powai, Mumbai, Maharashtra - 276926",accountant,Accountant Corp,2025-02-14T00:00:00,verified,KYC_CORE_DB
KYC-A02AB1,P-FDF0F1,Sanjay Singh,1986-06-19,6774-5253-5719,,+919418422925,sanjay.singh@email.com,"Flat 328, 7 Block, Alipore, Kolkata, West Bengal - 175779",unemployed,,2025-05-18T00:00:00,verified,KYC_CORE_DB
KYC-127DBD,P-895033,Sanjay Patel,1975-09-21,2986-8698-6493,,+917776692028,sanjay.patel@email.com,"Flat 588, 62 Path, Baner, Pune, Maharashtra - 578637",customer_service,Customer_service Corp,2025-01-20T00:00:00,verified,KYC_CORE_DB
KYC-4E3906,P-71CABF,Divya Malhotra,1978-10-01,4481-8888-1762,,+919748414725,divya.malhotra@email.com,"Flat 474, 82 Lane, Goregaon East, Mumbai, Maharashtra - 221523",shop_owner,Shop_owner Corp,2025-06-30T00:00:00,verified,KYC_CORE_DB
KYC-780BBD,P-60EB48,Rekha Aggarwal,1993-06-28,4100-5262-6993,Z4216721,+91 99975 19835,rekha.aggarwal@email.com,"Flat 410, 96 Sector, Kurla, Mumbai, Maharashtra - 232008",business_owner,Business_owner Corp,2025-03-30T00:00:00,verified,KYC_CORE_DB
KYC-30E37E,P-C06C25,Anand Reddy,1985-02-17,5792-1031-9840,,+919494988981,anand.reddy@email.com,"Flat 611, 22 Lane, Koregaon Park, Pune, Maharashtra - 234469",unemployed,,2025-02-21T00:00:00,verified,KYC_CORE_DB
KYC-A6AEA9,P-76177F,Abhishek Jain,1977-10-10,8370-8055-9796,,+919130138688,abhishek.jain@email.com,"Flat 140, 35 Marg, Juhu, Mumbai, Maharashtra - 507541",teacher,Teacher Corp,2025-03-08T00:00:00,verified,KYC_CORE_DB
KYC-1A7420,P-0B4C18,Vikram Sharma,1989-02-12,6065-1757-4077,,+91 98868 01621,vikram.sharma@email.com,"Flat 796, 18 Block, MG Road, Bengaluru, Karnataka - 214264",teacher,Teacher Corp,2025-04-30T00:00:00,verified,KYC_CORE_DB
KYC-276F46,P-029953,Rekha Deshmukh,1978-10-13,7520-4093-9358,,+919943584893,rekha.deshmukh@email.com,"Flat 230, 5 Street, HSR Layout, Bengaluru, Karnataka - 580586",retired,Retired Corp,2025-04-03T00:00:00,verified,KYC_CORE_DB
KYC-8B5106,P-227D82,Kunal Verma,1973-06-20,9194-7793-2470,,+917044125881,kunal.verma@email.com,"Flat 651, 10 Block, Bandra Kurla Complex, Mumbai, Maharashtra - 638623",retired,Retired Corp,2025-01-26T00:00:00,verified,KYC_CORE_DB
KYC-2C37DE,P-74D2B8,Praveen Banerjee,1992-10-18,3269-1404-7709,,+917032302180,praveen.banerjee@email.com,"Flat 485, 8 Nagar, Dum Dum, Kolkata, West Bengal - 634786",shop_owner,Shop_owner Corp,2025-05-21T00:00:00,verified,KYC_CORE_DB
KYC-F649D2,P-31740B,Sanjay Jain,1981-04-11,8752-2420-2564,,+91 93208 06541,sanjay.jain@email.com,"Flat 167, 51 Block, Lajpat Nagar, Delhi, Delhi - 673679",software_engineer,Software_engineer Corp,2025-01-19T00:00:00,verified,KYC_CORE_DB
KYC-D4F09E,P-0560D4,A Yadav,1959-05-03,3275-7455-9066,Z9391907,+919930554162,amit.yadav@email.com,"Flat 430, 51 Block, Hebbal, Bengaluru, Karnataka - 144572",lawyer,Lawyer Corp,2025-02-02T00:00:00,verified,KYC_CORE_DB
KYC-41573A,P-41A0F6,Karan Yadav,1982-04-02,9659-5420-5548,Z4510335,+919722229386,karan.yadav@email.com,"Flat 816, 94 Nagar, HSR Layout, Bengaluru, Karnataka - 415538",business_owner,Business_owner Corp,2025-04-28T00:00:00,verified,KYC_CORE_DB
KYC-DB8122,P-CC83FB,Ritu Sharma,1992-02-28,9709-5114-1053,,+91 93254 42312,ritu.sharma@email.com,"Flat 780, 97 Nagar, Goregaon East, Mumbai, Maharashtra - 295811",student,Student Corp,2025-02-20T00:00:00,verified,KYC_CORE_DB
KYC-D61DE1,P-5A1FC9,Pooja Banerjee,1989-04-04,8980-1648-7958,,+919181926505,pooja.banerjee@email.com,"Flat 737, 64 Road, Secunderabad, Hyderabad, Telangana - 501605",retired,Retired Corp,2025-01-12T00:00:00,verified,KYC_CORE_DB
KYC-927308,P-AF59F4,Praveen Bhatia,1994-07-26,9459-4701-3647,,+919147197512,praveen.bhatia@email.com,"Flat 618, 96 Sector, Jayanagar, Bengaluru, Karnataka - 263362",shop_owner,Shop_owner Corp,2025-06-20T00:00:00,verified,KYC_CORE_DB
KYC-578A50,P-459D31,Ritu Chopra,1985-03-30,3784-6072-9987,,+919977892804,ritu.chopra@email.com,"Flat 230, 94 Marg, Ballygunge, Kolkata, West Bengal - 237931",unemployed,,2025-03-24T00:00:00,verified,KYC_CORE_DB
KYC-7B795B,P-F46564,Divya Joshi,1990-05-03,8337-1375-2601,,+917055415811,divya.joshi@email.com,"Flat 724, 62 Lane, Begumpet, Hyderabad, Telangana - 662679",student,Student Corp,2025-06-15T00:00:00,verified,KYC_CORE_DB
KYC-D075AC,P-6F2C39,Naveen Yadav,1972-05-07,7333-9433-4796,,+91 77855 90270,naveen.yadav@email.com,"Flat 359, 47 Street, Powai, Mumbai, Maharashtra - 540701",software_engineer,Software_engineer Corp,2025-05-07T00:00:00,verified,KYC_CORE_DB
KYC-66060B,P-A25F6A,Praveen Bhatia,1998-02-02,7476-9399-2570,,+91 94276 25661,praveen.bhatia@email.com,"Flat 796, 18 Block, MG Road, Bengaluru, Karnataka - 214264",unemployed,,2025-06-20T00:00:00,verified,KYC_CORE_DB
KYC-84EBC1,P-6B9C89,Ananya Rao,1979-04-25,7912-7849-4927,,+919797226717,ananya.rao@email.com,"Flat 319, 37 Path, Electronic City, Bengaluru, Karnataka - 519560",retired,Retired Corp,2025-05-14T00:00:00,verified,KYC_CORE_DB
KYC-5D0D78,P-001749,Amit Bhatia,1960-04-12,7688-5591-4429,,+919898039910,amit.bhatia@email.com,"Flat 457, 43 Nagar, Koregaon Park, Pune, Maharashtra - 134948",retired,Retired Corp,2025-05-18T00:00:00,verified,KYC_CORE_DB
KYC-13DA31,P-1BCE93,Ritu Chopra,1990-07-30,3409-4219-9170,,+919315908547,ritu.chopra@email.com,"Flat 812, 90 Block, Dwarka Sector 10, Delhi, Delhi - 699384",software_engineer,Software_engineer Corp,2025-05-13T00:00:00,verified,KYC_CORE_DB
KYC-0A8C62,P-9E1A06,Manoj Kapoor,1976-04-14,3920-3394-6115,,+919819480410,,"Flat 410, 96 Sector, Kurla, Mumbai, Maharashtra - 232008",software_engineer,Software_engineer Corp,2025-01-23T00:00:00,verified,KYC_CORE_DB
KYC-88CA07,P-100720,Praveen Saxena,1974-06-19,3550-2051-5218,,+919397428158,praveen.saxena@email.com,"Flat 688, 38 Nagar, Koramangala, Bengaluru, Karnataka - 610091",student,Student Corp,2025-01-05T00:00:00,verified,KYC_CORE_DB
KYC-E6F9BA,P-82A459,Neha Reddy,1972-12-03,2381-6910-7025,Z6502758,+919938591367,neha.reddy@email.com,"Flat 737, 64 Road, Secunderabad, Hyderabad, Telangana - 501605",high_net_worth,High_net_worth Corp,2025-05-19T00:00:00,verified,KYC_CORE_DB
KYC-194B49,P-5AE54E,Rekha Jain,1996-05-05,4377-5675-7376,,+918886276304,rekha.jain@email.com,"Flat 319, 37 Path, Electronic City, Bengaluru, Karnataka - 519560",accountant,Accountant Corp,2025-03-31T00:00:00,verified,KYC_CORE_DB
KYC-603B1B,P-B50164,Naveen Bose,1990-02-17,6954-2131-5319,,+919985646647,naveen.bose@email.com,"Flat 205, 23 Lane, Hebbal, Bengaluru, Karnataka - 165300",software_engineer,Software_engineer Corp,2025-04-30T00:00:00,verified,KYC_CORE_DB
KYC-1556B6,P-16BADE,Arun Banerjee,1986-03-28,9109-3111-2476,,+91 70842 23473,arun.banerjee@email.com,"Flat 410, 96 Sector, Kurla, Mumbai, Maharashtra - 232008",retired,Retired Corp,2025-01-08T00:00:00,verified,KYC_CORE_DB
KYC-1ED1F3,P-15394B,Abhishek Joshi,1978-04-21,9679-1868-6337,,+91 87713 37656,abhishek.joshi@email.com,"Flat 585, 14 Marg, Connaught Place, Delhi, Delhi - 519732",shop_owner,Shop_owner Corp,2025-05-11T00:00:00,verified,KYC_CORE_DB
KYC-76306C,P-6EE637,Deepak Pandey,1981-12-02,8465-4458-6082,,+917714818867,deepak.pandey@email.com,"Flat 319, 37 Path, Electronic City, Bengaluru, Karnataka - 519560",shop_owner,Shop_owner Corp,2025-02-24T00:00:00,verified,KYC_CORE_DB
KYC-81EEDE,P-E5C136,Shweta Pandey,1959-06-14,8111-4597-5945,,+919833300172,shweta.pandey@email.com,"Flat 887, 97 Avenue, Andheri West, Mumbai, Maharashtra - 311128",accountant,Accountant Corp,2025-04-25T00:00:00,verified,KYC_CORE_DB
KYC-C58305,P-023111,Ananya Sharma,1991-06-21,5718-3954-2972,,+918834693400,ananya.sharma@email.com,"Flat 314, 90 Road, Powai, Mumbai, Maharashtra - 147367",teacher,Teacher Corp,2025-06-12T00:00:00,verified,KYC_CORE_DB
KYC-845710,P-CBB542,Pooja Joshi,1969-12-10,8010-9996-3299,,+919375007806,pooja.joshi@email.com,"Flat 591, 81 Block, HSR Layout, Bengaluru, Karnataka - 140882",shop_owner,Shop_owner Corp,2025-02-19T00:00:00,verified,KYC_CORE_DB
KYC-335E1B,P-892A41,Anjali Chopra,1993-11-27,6727-4197-9785,,+917743031501,anjali.chopra@email.com,"Flat 725, 93 Street, Juhu, Mumbai, Maharashtra - 451458",shop_owner,Shop_owner Corp,2025-03-11T00:00:00,verified,KYC_CORE_DB
KYC-1586EA,P-60A124,Praveen V.,1993-05-17,2312-8160-4105,,+919945796506,praveen.verma@email.com,"Flat 688, 38 Nagar, Koramangala, Bengaluru, Karnataka - 610091",customer_service,Customer_service Corp,2025-03-01T00:00:00,verified,KYC_CORE_DB
KYC-10825C,P-12CFD8,Pooja Bhatia,1969-08-05,8338-3240-1875,,+917010663268,pooja.bhatia@email.com,"Flat 236, 87 Street, Saket, Delhi, Delhi - 516236",student,Student Corp,2025-02-14T00:00:00,verified,KYC_CORE_DB
KYC-8C2DC6,P-8BECDB,Arun Iyer,1990-07-21,5330-9925-5141,,+917716578922,,"Flat 470, 78 Sector, Saket, Delhi, Delhi - 347389",student,Student Corp,2025-01-05T00:00:00,verified,KYC_CORE_DB
KYC-269FC1,P-B1B77A,Kavita Verma,1975-06-13,2068-9208-6691,Z9774301,+91 93471 52827,kavita.verma@email.com,"Flat 780, 97 Nagar, Goregaon East, Mumbai, Maharashtra - 295811",business_owner,Business_owner Corp,2025-02-05T00:00:00,verified,KYC_CORE_DB
KYC-14BFD2,P-A29576,Karan Jain,1973-05-29,6818-2137-5932,,+919922480662,karan.jain@email.com,"Flat 255, 58 Nagar, Gachibowli, Hyderabad, Telangana - 297051",teacher,Teacher Corp,2025-06-11T00:00:00,verified,KYC_CORE_DB
KYC-CCFA59,P-677A20,Pradeep Iyer,1977-04-17,2656-8928-3774,,+919770068360,pradeep.iyer@email.com,"Flat 279, 74 Nagar, Karol Bagh, Delhi, Delhi - 453190",shop_owner,Shop_owner Corp,2025-04-06T00:00:00,verified,KYC_CORE_DB
KYC-C1D129,P-077583,Deepika Aggarwal,1981-12-09,7223-6846-2542,,+918849267968,deepika.aggarwal@email.com,"Flat 145, 46 Nagar, Ballygunge, Kolkata, West Bengal - 123601",customer_service,Customer_service Corp,2025-02-11T00:00:00,verified,KYC_CORE_DB
KYC-026A08,P-FC3FC7,Kunal Nair,1987-01-04,3819-3310-5863,,+918896585484,,"Flat 611, 22 Lane, Koregaon Park, Pune, Maharashtra - 234469",driver,Driver Corp,2025-02-13T00:00:00,verified,KYC_CORE_DB
KYC-96A0A4,P-528C9A,Anjali Malhotra,1982-05-03,7621-5079-2175,Z9537570,+917060896326,anjali.malhotra@email.com,"Flat 688, 38 Nagar, Koramangala, Bengaluru, Karnataka - 610091",business_owner,Business_owner Corp,2025-05-02T00:00:00,verified,KYC_CORE_DB
KYC-8A79C0,P-4335D2,Ritu Rao,1981-07-01,8213-3573-8550,,+91 77688 93332,ritu.rao@email.com,"Flat 796, 18 Block, MG Road, Bengaluru, Karnataka - 214264",customer_service,Customer_service Corp,2025-01-10T00:00:00,verified,KYC_CORE_DB
KYC-FBEBCE,P-F4AD16,Rahul Bhatia,1969-04-02,8214-7529-5807,,+919424827559,rahul.bhatia@email.com,"Flat 474, 82 Lane, Goregaon East, Mumbai, Maharashtra - 221523",teacher,Teacher Corp,2025-01-09T00:00:00,verified,KYC_CORE_DB
KYC-F0079E,P-78F676,Jyoti Bose,1978-08-05,9713-5716-5673,,+919318703493,jyoti.bose@email.com,"Flat 486, 65 Nagar, Rohini, Delhi, Delhi - 458475",student,Student Corp,2025-02-02T00:00:00,verified,KYC_CORE_DB
KYC-7EAB9A,P-0874BA,Ashok Sharma,1964-06-03,7627-7022-9349,,+919423707037,ashok.sharma@email.com,"Flat 512, 80 Road, Hitec City, Hyderabad, Telangana - 175730",software_engineer,Software_engineer Corp,2025-06-12T00:00:00,verified,KYC_CORE_DB
KYC-82BD44,P-C03568,Rohan Kulkarni,1989-02-08,9325-8630-9604,,+91 77698 00089,rohan.kulkarni@email.com,"Flat 651, 10 Block, Bandra Kurla Complex, Mumbai, Maharashtra - 638623",student,Student Corp,2025-05-02T00:00:00,verified,KYC_CORE_DB
KYC-FEABCD,P-8FC43E,Pradeep Bose,1982-04-17,8650-3939-8904,Z6006318,+919182046349,pradeep.bose@email.com,"Flat 418, 56 Block, Bandra Kurla Complex, Mumbai, Maharashtra - 210502",high_net_worth,High_net_worth Corp,2025-03-12T00:00:00,verified,KYC_CORE_DB
KYC-5D9E35,P-55B774,Anjali Saxena,1984-03-13,3533-9418-5446,,+919483390352,anjali.saxena@email.com,"Flat 279, 74 Nagar, Karol Bagh, Delhi, Delhi - 453190",driver,Driver Corp,2025-06-24T00:00:00,verified,KYC_CORE_DB
KYC-0F1D2B,P-6A0098,Pooja Saxena,1987-08-24,8706-2395-5437,,+91 93827 76507,pooja.saxena@email.com,"Flat 122, 59 Lane, Banjara Hills, Hyderabad, Telangana - 378816",retired,Retired Corp,2025-03-09T00:00:00,verified,KYC_CORE_DB
KYC-B7CA77,P-592E94,Deepika S.,1975-01-12,6861-8287-1805,,+918813869745,,"Flat 898, 50 Colony, Chandni Chowk, Delhi, Delhi - 462433",student,Student Corp,2025-04-01T00:00:00,verified,KYC_CORE_DB
KYC-89836E,P-06173F,Abhishek Joshi,2000-03-01,9878-3336-3390,,+918740361710,abhishek.joshi@email.com,"Flat 122, 59 Lane, Banjara Hills, Hyderabad, Telangana - 378816",student,Student Corp,2025-03-11T00:00:00,verified,KYC_CORE_DB
KYC-F9C72B,P-A39DE3,Rajesh Pandey,1992-11-28,3650-5346-7559,Z2714176,+918715949681,rajesh.pandey@email.com,"Flat 819, 72 Path, New Town, Kolkata, West Bengal - 367073",lawyer,Lawyer Corp,2025-05-02T00:00:00,verified,KYC_CORE_DB
KYC-CD37BE,P-A2D665,Rekha Bhatia,1987-09-23,6736-1524-1617,,+919115817498,rekha.bhatia@email.com,"Flat 319, 37 Path, Electronic City, Bengaluru, Karnataka - 519560",driver,Driver Corp,2025-06-13T00:00:00,verified,KYC_CORE_DB
KYC-9848B2,P-F83D58,Anita Kulkarni,1993-02-03,7638-9199-5157,Z4825272,+919119531014,anita.kulkarni@email.com,"Flat 720, 43 Path, Hebbal, Bengaluru, Karnataka - 546479",business_owner,Business_owner Corp,2025-03-10T00:00:00,verified,KYC_CORE_DB
KYC-3B14D5,P-29F2A2,Ashok Jain,1997-05-06,3895-4709-6561,Z7840425,+919320573395,ashok.jain@email.com,"Flat 504, 16 Colony, Connaught Place, Delhi, Delhi - 389041",lawyer,Lawyer Corp,2025-05-30T00:00:00,verified,KYC_CORE_DB
KYC-EA53BD,P-E245F7,Gaurav Mehta,1977-09-09,8115-4053-9971,,+919811804012,gaurav.mehta@email.com,"Flat 849, 62 Sector, Karol Bagh, Delhi, Delhi - 527707",retired,Retired Corp,2025-05-26T00:00:00,verified,KYC_CORE_DB
KYC-EEF1AE,P-F692FF,Naveen Gupta,1989-05-20,2363-5685-1393,,+919310818683,naveen.gupta@email.com,"Flat 287, 24 Sector, Powai, Mumbai, Maharashtra - 276926",student,Student Corp,2025-05-07T00:00:00,verified,KYC_CORE_DB
KYC-BF0224,P-6B4610,Anita Saxena,1990-05-11,2116-1117-8389,,+918883695091,anita.saxena@email.com,"Flat 205, 23 Lane, Hebbal, Bengaluru, Karnataka - 165300",software_engineer,Software_engineer Corp,2025-02-26T00:00:00,verified,KYC_CORE_DB
KYC-3796B2,P-107275,Rakesh Bhatia,1985-08-11,8019-6327-4901,Z4709512,+918850115862,rakesh.bhatia@email.com,"Flat 430, 51 Block, Hebbal, Bengaluru, Karnataka - 144572",high_net_worth,High_net_worth Corp,2025-05-12T00:00:00,verified,KYC_CORE_DB
KYC-66A28B,P-B7BC5C,Tarun Pandey,1989-03-13,8412-4191-3030,,+917060857963,tarun.pandey@email.com,"Flat 688, 38 Nagar, Koramangala, Bengaluru, Karnataka - 610091",shop_owner,Shop_owner Corp,2025-03-21T00:00:00,verified,KYC_CORE_DB
KYC-3076E5,P-DEA611,Arun Mehta,1968-12-19,5807-7428-1223,,+919412580743,arun.mehta@email.com,"Flat 166, 14 Sector, MG Road, Bengaluru, Karnataka - 478072",accountant,Accountant Corp,2025-06-11T00:00:00,verified,KYC_CORE_DB
KYC-1C707F,P-ADD659,Karan Mehta,1968-06-04,7584-1023-4626,Z3687944,+919956481014,karan.mehta@email.com,"Flat 645, 30 Nagar, New Town, Kolkata, West Bengal - 635345",high_net_worth,High_net_worth Corp,2025-03-28T00:00:00,verified,KYC_CORE_DB
KYC-3CDF48,P-24DC25,Priya Iyer,1996-08-01,2690-7568-2308,,+919954576505,priya.iyer@email.com,"Flat 203, 42 Road, Colaba, Mumbai, Maharashtra - 365199",software_engineer,Software_engineer Corp,2025-01-24T00:00:00,verified,KYC_CORE_DB
KYC-1051FD,P-5F4293,Praveen Kapoor,1977-05-21,6222-4578-3118,,+91 93180 41998,praveen.kapoor@email.com,"Flat 848, 2 Path, Secunderabad, Hyderabad, Telangana - 515276",driver,Driver Corp,2025-03-17T00:00:00,verified,KYC_CORE_DB
KYC-D09AF6,P-AB33E9,Deepak Kapoor,1998-02-17,7475-5700-7077,,+918875595182,deepak.kapoor@email.com,"Flat 812, 90 Block, Dwarka Sector 10, Delhi, Delhi - 699384",unemployed,,2025-04-19T00:00:00,verified,KYC_CORE_DB
KYC-0B1C1F,P-3C2690,Sunita K.,1989-07-21,2060-7832-8693,,+918826083357,sunita.kulkarni@email.com,"Flat 203, 42 Road, Colaba, Mumbai, Maharashtra - 365199",teacher,Teacher Corp,2025-04-09T00:00:00,verified,KYC_CORE_DB
KYC-DBE142,P-BE7E41,Shweta Verma,1989-03-13,4638-9814-5491,,+919882526437,shweta.verma@email.com,"Flat 725, 93 Street, Juhu, Mumbai, Maharashtra - 451458",shop_owner,Shop_owner Corp,2025-05-11T00:00:00,verified,KYC_CORE_DB
KYC-327138,P-14107B,Ritu Mehta,1971-11-06,2614-8482-8702,,+917075918979,ritu.mehta@email.com,"Flat 485, 8 Nagar, Dum Dum, Kolkata, West Bengal - 634786",teacher,Teacher Corp,2025-06-01T00:00:00,verified,KYC_CORE_DB
KYC-DF983C,P-D32345,Karan Iyer,1993-05-25,5351-8082-1240,,+919368368379,karan.iyer@email.com,"Flat 780, 97 Nagar, Goregaon East, Mumbai, Maharashtra - 295811",unemployed,,2025-05-30T00:00:00,verified,KYC_CORE_DB
KYC-5CC9E2,P-E1002D,P Iyer,1974-02-09,5143-2714-2981,,+919411047387,pooja.iyer@email.com,"Flat 230, 94 Marg, Ballygunge, Kolkata, West Bengal - 237931",teacher,Teacher Corp,2025-03-02T00:00:00,verified,KYC_CORE_DB
KYC-CB7F1B,P-A0A54A,Harish Singh,1993-06-08,2165-7836-4792,,+917093187101,harish.singh@email.com,"Flat 167, 64 Block, Hebbal, Bengaluru, Karnataka - 249330",software_engineer,Software_engineer Corp,2025-05-26T00:00:00,verified,KYC_CORE_DB
KYC-E884CF,P-0EA1FC,Jyoti Aggarwal,1991-10-31,5945-1692-6147,Z5650995,+918713077434,jyoti.aggarwal@email.com,"Flat 725, 93 Street, Juhu, Mumbai, Maharashtra - 451458",lawyer,Lawyer Corp,2025-01-13T00:00:00,verified,KYC_CORE_DB
KYC-8D0F6E,P-C21069,Divya Nair,2004-08-28,2703-8088-1940,,+919973967913,divya.nair@email.com,"Flat 720, 43 Path, Hebbal, Bengaluru, Karnataka - 546479",driver,Driver Corp,2025-05-28T00:00:00,verified,KYC_CORE_DB
KYC-4AE095,P-84C944,Sunita Patel,1997-05-06,9580-3353-7935,,+919149042000,sunita.patel@email.com,"Flat 611, 22 Lane, Koregaon Park, Pune, Maharashtra - 234469",accountant,Accountant Corp,2025-03-22T00:00:00,verified,KYC_CORE_DB
KYC-85421C,P-63201A,Deepak Pandey,1981-05-15,5693-9470-5716,,+917022948395,deepak.pandey@email.com,"Flat 512, 80 Road, Hitec City, Hyderabad, Telangana - 175730",driver,Driver Corp,2025-06-24T00:00:00,verified,KYC_CORE_DB
KYC-A73830,P-899BFB,Anita Aggarwal,1995-12-02,8994-1299-7789,,+919474216727,anita.aggarwal@email.com,"Flat 457, 43 Nagar, Koregaon Park, Pune, Maharashtra - 134948",driver,Driver Corp,2025-06-21T00:00:00,verified,KYC_CORE_DB
KYC-C8F2EB,P-4E60BF,Jyoti Saxena,1979-09-10,7214-4940-2103,,+919134643401,jyoti.saxena@email.com,"Flat 143, 98 Colony, Secunderabad, Hyderabad, Telangana - 519717",student,Student Corp,2025-03-04T00:00:00,verified,KYC_CORE_DB
KYC-D586AB,P-256961,Tarun Mehta,1991-12-07,5461-6882-5647,,+917764510433,tarun.mehta@email.com,"Flat 588, 62 Path, Baner, Pune, Maharashtra - 578637",software_engineer,Software_engineer Corp,2025-06-05T00:00:00,verified,KYC_CORE_DB
KYC-6E00AD,P-E9E9B1,Vikram Kapoor,1994-02-03,3690-3033-9442,,+917018726152,vikram.kapoor@email.com,"Flat 371, 27 Path, HSR Layout, Bengaluru, Karnataka - 527512",student,Student Corp,2025-04-13T00:00:00,verified,KYC_CORE_DB
KYC-CB8035,P-A7EB24,Rohan Yadav,1991-04-10,2552-5728-8984,,+919782655332,rohan.yadav@email.com,"Flat 819, 72 Path, New Town, Kolkata, West Bengal - 367073",shop_owner,Shop_owner Corp,2025-06-17T00:00:00,verified,KYC_CORE_DB
KYC-37CE75,P-C5BF60,Divya Sharma,1975-08-19,8020-2489-1643,Z5739604,+919465291746,divya.sharma@email.com,"Flat 205, 23 Lane, Hebbal, Bengaluru, Karnataka - 165300",business_owner,Business_owner Corp,2025-06-01T00:00:00,verified,KYC_CORE_DB
KYC-EDEBF0,P-EA7363,Anand Rao,1985-03-03,2545-7767-1569,,+919127349482,anand.rao@email.com,"Flat 167, 51 Block, Lajpat Nagar, Delhi, Delhi - 673679",customer_service,Customer_service Corp,2025-01-09T00:00:00,verified,KYC_CORE_DB
KYC-17DA32,P-4A8BBF,Shweta Rao,1988-02-06,4778-3277-8440,,+91 94928 11674,shweta.rao@email.com,"Flat 819, 72 Path, New Town, Kolkata, West Bengal - 367073",student,Student Corp,2025-06-15T00:00:00,verified,KYC_CORE_DB
KYC-E94793,P-C6B0A6,Suresh Saxena,1992-10-08,7297-1935-9227,,+918830075864,suresh.saxena@email.com,"Flat 725, 93 Street, Juhu, Mumbai, Maharashtra - 451458",customer_service,Customer_service Corp,2025-06-13T00:00:00,verified,KYC_CORE_DB
KYC-53843A,P-D5EEC9,Rohan Kapoor,1963-01-06,6566-7977-6778,,+919724561207,rohan.kapoor@email.com,"Flat 470, 78 Sector, Saket, Delhi, Delhi - 347389",unemployed,,2025-05-02T00:00:00,verified,KYC_CORE_DB
KYC-393821,P-63A67E,Priya Bhatia,1991-07-24,3015-2332-6711,,+918856583649,priya.bhatia@email.com,"Flat 577, 39 Marg, Baner, Pune, Maharashtra - 450468",student,Student Corp,2025-06-13T00:00:00,verified,KYC_CORE_DB
KYC-B4EDAA,P-5E553D,Deepak Chopra,1995-04-21,7439-4263-7035,Z6751279,+919350788244,deepak.chopra@email.com,"Flat 315, 83 Lane, Kurla, Mumbai, Maharashtra - 454499",high_net_worth,High_net_worth Corp,2025-02-03T00:00:00,verified,KYC_CORE_DB
KYC-BE448B,P-206055,Sonu Nair,1975-01-17,3142-2901-2808,,+919454452947,ritu.nair@email.com,"Flat 474, 82 Lane, Goregaon East, Mumbai, Maharashtra - 221523",retired,Retired Corp,2025-02-25T00:00:00,verified,KYC_CORE_DB
KYC-E604ED,P-88F08D,Pooja Kapoor,2001-10-23,4855-4929-3379,,+919371810817,pooja.kapoor@email.com,"Flat 485, 8 Nagar, Dum Dum, Kolkata, West Bengal - 634786",shop_owner,Shop_owner Corp,2025-04-25T00:00:00,verified,KYC_CORE_DB
KYC-053F10,P-F994FB,Anand Yadav,2000-01-17,7954-8456-5854,,+919848560064,anand.yadav@email.com,"Flat 287, 24 Sector, Powai, Mumbai, Maharashtra - 276926",student,Student Corp,2025-01-12T00:00:00,verified,KYC_CORE_DB
KYC-861EA1,P-567519,Ashok Mishra,1986-01-08,9894-1403-1094,,+919822641960,ashok.mishra@email.com,"Flat 802, 19 Street, Colaba, Mumbai, Maharashtra - 528814",retired,Retired Corp,2025-03-01T00:00:00,verified,KYC_CORE_DB
KYC-F97852,P-8460E4,R. Mehta,1975-06-18,9075-6703-1484,,+919988046630,rajesh.mehta@email.com,"Flat 236, 87 Street, Saket, Delhi, Delhi - 516236",driver,Driver Corp,2025-01-31T00:00:00,verified,KYC_CORE_DB
KYC-1E278F,P-1E9BE4,Rakesh Mehta,1992-10-16,9635-9530-4166,Z1096819,+917010804509,rakesh.mehta@email.com,"Flat 457, 43 Nagar, Koregaon Park, Pune, Maharashtra - 134948",business_owner,Business_owner Corp,2025-06-21T00:00:00,verified,KYC_CORE_DB
KYC-935A62,P-A12E9E,Kavita Aggarwal,1988-12-30,4739-5389-7473,,+919726774002,kavita.aggarwal@email.com,"Flat 457, 43 Nagar, Koregaon Park, Pune, Maharashtra - 134948",software_engineer,Software_engineer Corp,2025-05-20T00:00:00,verified,KYC_CORE_DB
KYC-A48B0B,P-2AB384,Tarun Gupta,2001-12-08,9331-2023-4510,,+917026349170,tarun.gupta@email.com,"Flat 457, 43 Nagar, Koregaon Park, Pune, Maharashtra - 134948",retired,Retired Corp,2025-01-15T00:00:00,verified,KYC_CORE_DB
KYC-2DCD2F,P-CD6200,Kunal Iyer,1986-10-27,2046-9983-3685,,+91 98302 51155,kunal.iyer@email.com,"Flat 333, 76 Colony, Aundh, Pune, Maharashtra - 277803",accountant,Accountant Corp,2025-05-25T00:00:00,verified,KYC_CORE_DB
KYC-5682EE,P-96DC0A,Anita Reddy,1991-02-01,6706-3266-6862,,+919843851750,anita.reddy@email.com,"Flat 618, 96 Sector, Jayanagar, Bengaluru, Karnataka - 263362",shop_owner,Shop_owner Corp,2025-05-31T00:00:00,verified,KYC_CORE_DB
KYC-C2BC16,P-62E107,Rajesh Sharma,1994-10-24,3681-9306-2599,,+91 94242 54429,rajesh.sharma@email.com,"Flat 688, 38 Nagar, Koramangala, Bengaluru, Karnataka - 610091",software_engineer,Software_engineer Corp,2025-02-12T00:00:00,verified,KYC_CORE_DB
KYC-61543A,P-6EA37F,Abhishek Reddy,1994-04-09,2519-3959-6953,,+918752189886,abhishek.reddy@email.com,"Flat 315, 83 Lane, Kurla, Mumbai, Maharashtra - 454499",student,Student Corp,2025-01-20T00:00:00,verified,KYC_CORE_DB
KYC-48202D,P-0FE2E2,Pradeep Joshi,1995-10-08,2583-3096-1211,,+917093479995,pradeep.joshi@email.com,"Flat 418, 56 Block, Bandra Kurla Complex, Mumbai, Maharashtra - 210502",student,Student Corp,2025-05-23T00:00:00,verified,KYC_CORE_DB
KYC-E21754,P-BDC9CB,Rakesh Deshmukh,1966-07-09,6019-9689-4742,,+919969965045,rakesh.deshmukh@email.com,"Flat 819, 72 Path, New Town, Kolkata, West Bengal - 367073",accountant,Accountant Corp,2025-04-07T00:00:00,verified,KYC_CORE_DB
KYC-39015D,P-22D1EE,Sanjay Patel,1972-12-16,6063-9498-1562,,+919841339927,sanjay.patel@email.com,"Flat 816, 94 Nagar, HSR Layout, Bengaluru, Karnataka - 415538",retired,Retired Corp,2025-06-13T00:00:00,verified,KYC_CORE_DB
KYC-89A641,P-7469E0,Karan Bhatia,2003-12-21,2918-6071-4550,,+918883284051,karan.bhatia@email.com,"Flat 688, 38 Nagar, Koramangala, Bengaluru, Karnataka - 610091",software_engineer,Software_engineer Corp,2025-01-28T00:00:00,verified,KYC_CORE_DB
KYC-1AA62A,P-AB1F5A,Sangeeta Banerjee,1983-04-22,4881-7724-4607,,+919112400690,sangeeta.banerjee@email.com,"Flat 591, 81 Block, HSR Layout, Bengaluru, Karnataka - 140882",software_engineer,Software_engineer Corp,2025-01-13T00:00:00,verified,KYC_CORE_DB
KYC-EC2389,P-0546D9,Gaurav Joshi,1967-08-18,9392-5282-1591,,+919463661963,gaurav.joshi@email.com,"Flat 474, 82 Lane, Goregaon East, Mumbai, Maharashtra - 221523",student,Student Corp,2025-05-03T00:00:00,verified,KYC_CORE_DB
KYC-A1C9E8,P-597B6E,Vikram Patel,1982-10-25,8164-1091-5800,,+918874873800,vikram.patel@email.com,"Flat 725, 93 Street, Juhu, Mumbai, Maharashtra - 451458",customer_service,Customer_service Corp,2025-05-16T00:00:00,verified,KYC_CORE_DB
KYC-B96361,P-73211A,A Iyer,1983-08-26,3870-4970-7248,Z9234917,+917749792911,anita.iyer@email.com,"Flat 205, 23 Lane, Hebbal, Bengaluru, Karnataka - 165300",high_net_worth,High_net_worth Corp,2025-02-08T00:00:00,verified,KYC_CORE_DB
KYC-800B7A,P-DEFEEA,Tarun Mishra,1997-08-05,3712-6008-2729,,+919751553726,tarun.mishra@email.com,"Flat 205, 23 Lane, Hebbal, Bengaluru, Karnataka - 165300",retired,Retired Corp,2025-06-03T00:00:00,verified,KYC_CORE_DB
KYC-D9290C,P-BD0ABB,Rakesh Bose,1995-09-12,9061-8863-9295,,+918873246548,rakesh.bose@email.com,"Flat 848, 2 Path, Secunderabad, Hyderabad, Telangana - 515276",unemployed,,2025-03-23T00:00:00,verified,KYC_CORE_DB
KYC-8DB354,P-BD7B6B,Harish Deshmukh,1988-07-08,9642-3461-4252,,+919855100756,harish.deshmukh@email.com,"Flat 512, 80 Road, Hitec City, Hyderabad, Telangana - 175730",shop_owner,Shop_owner Corp,2025-03-20T00:00:00,verified,KYC_CORE_DB
KYC-8A6802,P-B85ADB,Deepak Patel,1995-03-23,4657-6997-9786,,+918733503076,deepak.patel@email.com,"Flat 140, 35 Marg, Juhu, Mumbai, Maharashtra - 507541",student,Student Corp,2025-05-18T00:00:00,verified,KYC_CORE_DB
KYC-ABF6FF,P-FAFE0F,Arun Banerjee,1967-04-08,2373-3306-4322,,+919179544190,arun.banerjee@email.com,"Flat 279, 74 Nagar, Karol Bagh, Delhi, Delhi - 453190",student,Student Corp,2025-01-31T00:00:00,verified,KYC_CORE_DB
KYC-ED6B69,P-B605D0,Jyoti Saxena,1968-08-30,3912-4992-2229,,+91 77206 85636,jyoti.saxena@email.com,"Flat 611, 22 Lane, Koregaon Park, Pune, Maharashtra - 234469",teacher,Teacher Corp,2025-01-12T00:00:00,verified,KYC_CORE_DB
KYC-95862A,P-AB38BA,Divya Rao,1986-04-25,4408-8410-4876,Z4355312,+918733345307,divya.rao@email.com,"Flat 688, 38 Nagar, Koramangala, Bengaluru, Karnataka - 610091",lawyer,Lawyer Corp,2025-02-05T00:00:00,verified,KYC_CORE_DB
KYC-FF08B5,P-737E7B,Harish Kulkarni,1996-05-25,8688-1103-3465,,+918777241479,harish.kulkarni@email.com,"Flat 725, 93 Street, Juhu, Mumbai, Maharashtra - 451458",customer_service,Customer_service Corp,2025-01-04T00:00:00,verified,KYC_CORE_DB
KYC-C23644,P-4DC637,Sanjay Chopra,1999-01-07,7646-6018-1688,Z9552988,+91 97903 71556,sanjay.chopra@email.com,"Flat 315, 83 Lane, Kurla, Mumbai, Maharashtra - 454499",lawyer,Lawyer Corp,2025-06-25T00:00:00,verified,KYC_CORE_DB
KYC-0CF99F,P-6DD384,Rekha Jain,1990-08-06,6252-9072-8744,,+917793434732,rekha.jain@email.com,"Flat 816, 94 Nagar, HSR Layout, Bengaluru, Karnataka - 415538",student,Student Corp,2025-01-25T00:00:00,verified,KYC_CORE_DB
KYC-B3D6BF,P-CA8621,Karan Mehta,1994-02-15,8127-4082-4661,Z1935331,+919839807041,karan.mehta@email.com,"Flat 485, 8 Nagar, Dum Dum, Kolkata, West Bengal - 634786",lawyer,Lawyer Corp,2025-02-11T00:00:00,verified,KYC_CORE_DB
KYC-F615E1,P-C63A14,Deepak Patel,1984-09-14,6301-7383-1651,,+919149133077,deepak.patel@email.com,"Flat 122, 59 Lane, Banjara Hills, Hyderabad, Telangana - 378816",customer_service,Customer_service Corp,2025-03-08T00:00:00,verified,KYC_CORE_DB
KYC-35AA3D,P-073BEB,Ananya Mehta,1971-02-07,8435-4470-4195,,+919461736016,ananya.mehta@email.com,"Flat 230, 94 Marg, Ballygunge, Kolkata, West Bengal - 237931",retired,Retired Corp,2025-05-19T00:00:00,verified,KYC_CORE_DB
KYC-D9793E,P-289887,Sanjay Sharma,1995-04-21,4996-7612-2093,,+919369243863,sanjay.sharma@email.com,"Flat 796, 18 Block, MG Road, Bengaluru, Karnataka - 214264",teacher,Teacher Corp,2025-02-27T00:00:00,verified,KYC_CORE_DB
KYC-5ECA89,P-8586F9,Praveen Kapoor,1991-03-31,7240-2186-9857,,+919435313818,praveen.kapoor@email.com,"Flat 758, 99 Avenue, Dwarka Sector 10, Delhi, Delhi - 541955",software_engineer,Software_engineer Corp,2025-03-06T00:00:00,verified,KYC_CORE_DB
KYC-6C9DCF,P-5329C8,Anjali Rao,1998-02-03,9278-5187-1185,,+919747674854,anjali.rao@email.com,"Flat 315, 83 Lane, Kurla, Mumbai, Maharashtra - 454499",shop_owner,Shop_owner Corp,2025-06-22T00:00:00,verified,KYC_CORE_DB
KYC-50084F,P-DF13B8,Rekha Aggarwal,1960-05-09,6916-4315-1081,,+919991757502,rekha.aggarwal@email.com,"Flat 725, 93 Street, Juhu, Mumbai, Maharashtra - 451458",software_engineer,Software_engineer Corp,2025-01-05T00:00:00,verified,KYC_CORE_DB
KYC-3EC391,P-844FCB,Komal Bhatia,1977-01-06,8963-7714-1228,,+919833605800,komal.bhatia@email.com,"Flat 848, 2 Path, Secunderabad, Hyderabad, Telangana - 515276",student,Student Corp,2025-04-19T00:00:00,verified,KYC_CORE_DB
KYC-BA132A,P-83C4A2,Rajesh Mishra,1978-07-31,7448-5341-3816,,+919847061722,rajesh.mishra@email.com,"Flat 457, 43 Nagar, Koregaon Park, Pune, Maharashtra - 134948",shop_owner,Shop_owner Corp,2025-06-29T00:00:00,verified,KYC_CORE_DB
KYC-0D4E69,P-8E7BEA,Rajesh Verma,1988-09-15,3958-4709-8272,,+918814783404,rajesh.verma@email.com,"Flat 819, 72 Path, New Town, Kolkata, West Bengal - 367073",teacher,Teacher Corp,2025-01-26T00:00:00,verified,KYC_CORE_DB
KYC-01C01A,P-232AC7,Abhishek Singh,1989-05-15,6991-1426-1056,,+919940372995,abhishek.singh@email.com,"Flat 512, 80 Road, Hitec City, Hyderabad, Telangana - 175730",software_engineer,Software_engineer Corp,2025-01-30T00:00:00,verified,KYC_CORE_DB
KYC-8913B4,P-57F442,Deepak Nair,1981-07-25,2510-2436-8176,,+91 99538 92093,deepak.nair@email.com,"Flat 315, 83 Lane, Kurla, Mumbai, Maharashtra - 454499",retired,Retired Corp,2025-05-20T00:00:00,verified,KYC_CORE_DB
KYC-62A777,P-800807,Ritu Mishra,1970-06-20,6028-2155-1924,,+918742773880,ritu.mishra@email.com,"Flat 474, 82 Lane, Goregaon East, Mumbai, Maharashtra - 221523",student,Student Corp,2025-06-09T00:00:00,verified,KYC_CORE_DB
KYC-54BA44,P-1AD2B3,Priya Singh,1980-08-28,6694-8350-8959,,+919898279418,,"Flat 122, 59 Lane, Banjara Hills, Hyderabad, Telangana - 378816",student,Student Corp,2025-06-28T00:00:00,verified,KYC_CORE_DB
KYC-3AD8C5,P-8BA31E,Sunil Sharma,1980-11-13,2654-8938-5170,,+917720959009,sunil.sharma@email.com,"Flat 629, 51 Lane, Saket, Delhi, Delhi - 333905",driver,Driver Corp,2025-03-31T00:00:00,verified,KYC_CORE_DB
KYC-636DC9,P-B9F082,Gaurav Iyer,1997-09-06,8748-6569-3621,,+919917001129,gaurav.iyer@email.com,"Flat 820, 51 Block, Hadapsar, Pune, Maharashtra - 563845",student,Student Corp,2025-02-13T00:00:00,verified,KYC_CORE_DB
KYC-652700,P-5E76D1,Amit Nair,1972-02-16,4555-7597-3515,Z7446201,+918771880300,amit.nair@email.com,"Flat 651, 10 Block, Bandra Kurla Complex, Mumbai, Maharashtra - 638623",business_owner,Business_owner Corp,2025-06-02T00:00:00,verified,KYC_CORE_DB
KYC-F52634,P-399353,Rakesh Malhotra,1983-07-01,5839-8178-3443,,+918718136532,rakesh.malhotra@email.com,"Flat 203, 42 Road, Colaba, Mumbai, Maharashtra - 365199",teacher,Teacher Corp,2025-06-12T00:00:00,verified,KYC_CORE_DB
KYC-845BBC,P-E4B80F,Rakesh Bose,1983-05-11,4909-6455-4343,Z6277475,+919458093608,rakesh.bose@email.com,"Flat 470, 78 Sector, Saket, Delhi, Delhi - 347389",high_net_worth,High_net_worth Corp,2025-03-10T00:00:00,verified,KYC_CORE_DB
KYC-75F6BE,P-91F7AA,Rakesh Verma,1959-09-21,4885-4650-4073,,+918766713446,rakesh.verma@email.com,"Flat 848, 2 Path, Secunderabad, Hyderabad, Telangana - 515276",teacher,Teacher Corp,2025-03-10T00:00:00,verified,KYC_CORE_DB
KYC-9600D2,P-570F89,Divya Kulkarni,1996-01-09,4400-6700-8736,,+918742029459,divya.kulkarni@email.com,"Flat 279, 74 Nagar, Karol Bagh, Delhi, Delhi - 453190",shop_owner,Shop_owner Corp,2025-04-03T00:00:00,verified,KYC_CORE_DB
KYC-52F801,P-17C578,Sunita Verma,1988-05-17,5551-5045-7919,Z2680056,+919844919740,sunita.verma@email.com,"Flat 203, 42 Road, Colaba, Mumbai, Maharashtra - 365199",high_net_worth,High_net_worth Corp,2025-01-26T00:00:00,verified,KYC_CORE_DB
KYC-CDA5FC,P-45917F,Praveen Iyer,1996-12-07,5010-8721-5026,,+919138394389,praveen.iyer@email.com,"Flat 725, 93 Street, Juhu, Mumbai, Maharashtra - 451458",shop_owner,Shop_owner Corp,2025-02-17T00:00:00,verified,KYC_CORE_DB
KYC-F4E78E,P-EE086A,Ananya Deshmukh,1997-09-27,6416-8502-8598,,+91 97473 99435,ananya.deshmukh@email.com,"Flat 720, 43 Path, Hebbal, Bengaluru, Karnataka - 546479",driver,Driver Corp,2025-01-21T00:00:00,verified,KYC_CORE_DB
KYC-90CF2B,P-819CF9,Rajesh Singh,1981-05-09,5322-9130-8889,Z8071099,+91 77575 78251,rajesh.singh@email.com,"Flat 315, 83 Lane, Kurla, Mumbai, Maharashtra - 454499",lawyer,Lawyer Corp,2025-01-23T00:00:00,verified,KYC_CORE_DB
KYC-62A3C4,P-3E44ED,H. Kulkarni,1999-03-09,5084-7839-8858,,+919828763289,harish.kulkarni@email.com,"Flat 688, 38 Nagar, Koramangala, Bengaluru, Karnataka - 610091",customer_service,Customer_service Corp,2025-02-19T00:00:00,verified,KYC_CORE_DB
KYC-B169B4,P-3409A3,Meera Iyer,1970-04-05,2380-5885-4267,Z7903167,+918712299850,meera.iyer@email.com,"Flat 588, 62 Path, Baner, Pune, Maharashtra - 578637",business_owner,Business_owner Corp,2025-02-11T00:00:00,verified,KYC_CORE_DB
KYC-B2F674,P-E2F150,Komal Reddy,1987-10-24,7518-5664-9022,,+919796318057,komal.reddy@email.com,"Flat 314, 90 Road, Powai, Mumbai, Maharashtra - 147367",retired,Retired Corp,2025-06-21T00:00:00,verified,KYC_CORE_DB
KYC-8D5455,P-527257,Arun Jain,1987-11-20,4244-6600-1246,,+919437743446,arun.jain@email.com,"Flat 359, 47 Street, Powai, Mumbai, Maharashtra - 540701",customer_service,Customer_service Corp,2025-02-16T00:00:00,verified,KYC_CORE_DB
KYC-2B6852,P-43B974,Sanjay Kulkarni,1980-01-29,2953-3943-2111,,+919126410889,sanjay.kulkarni@email.com,"Flat 328, 7 Block, Alipore, Kolkata, West Bengal - 175779",teacher,Teacher Corp,2025-05-13T00:00:00,verified,KYC_CORE_DB
KYC-C81CDC,P-65EE7B,Pooja Patel,1994-12-08,7077-2827-2176,,+91 87329 88204,pooja.patel@email.com,"Flat 205, 23 Lane, Hebbal, Bengaluru, Karnataka - 165300",software_engineer,Software_engineer Corp,2025-06-16T00:00:00,verified,KYC_CORE_DB
KYC-754F48,P-0B03AA,Rohan Mehta,1988-03-12,3144-7487-6149,,+91 98945 15242,rohan.mehta@email.com,"Flat 780, 97 Nagar, Goregaon East, Mumbai, Maharashtra - 295811",customer_service,Customer_service Corp,2025-01-31T00:00:00,verified,KYC_CORE_DB
KYC-1E2BF2,P-F031F8,Suresh Deshmukh,1998-06-08,4700-9668-7628,,+917725657940,suresh.deshmukh@email.com,"Flat 737, 64 Road, Secunderabad, Hyderabad, Telangana - 501605",shop_owner,Shop_owner Corp,2025-03-07T00:00:00,verified,KYC_CORE_DB
KYC-779D63,P-8023DF,Neha Chopra,2003-12-18,8137-2152-6125,,+918762323638,neha.chopra@email.com,"Flat 410, 96 Sector, Kurla, Mumbai, Maharashtra - 232008",teacher,Teacher Corp,2025-03-21T00:00:00,verified,KYC_CORE_DB
KYC-119E01,P-149297,Tarun Pandey,1995-09-15,9614-2730-8204,,+91 91525 34302,tarun.pandey@email.com,"Flat 287, 24 Sector, Powai, Mumbai, Maharashtra - 276926",retired,Retired Corp,2025-03-31T00:00:00,verified,KYC_CORE_DB
KYC-A60A3B,P-F4C4B5,Komal Verma,1983-01-19,9480-3258-6961,,+919131630640,komal.verma@email.com,"Flat 812, 90 Block, Dwarka Sector 10, Delhi, Delhi - 699384",customer_service,Customer_service Corp,2025-03-14T00:00:00,verified,KYC_CORE_DB
KYC-804448,P-3274CF,Sunil Aggarwal,1999-01-02,5393-6792-8837,,+917063005019,sunil.aggarwal@email.com,"Flat 203, 42 Road, Colaba, Mumbai, Maharashtra - 365199",student,Student Corp,2025-02-18T00:00:00,verified,KYC_CORE_DB
KYC-73B8E4,P-815044,Anand Rao,1991-05-20,2787-6190-9711,,+91 97347 53970,anand.rao@email.com,"Flat 167, 64 Block, Hebbal, Bengaluru, Karnataka - 249330",teacher,Teacher Corp,2025-02-24T00:00:00,verified,KYC_CORE_DB
KYC-199530,P-331263,Harish Aggarwal,1997-10-02,4909-9790-3392,Z9460750,+917780881308,harish.aggarwal@email.com,"Flat 780, 97 Nagar, Goregaon East, Mumbai, Maharashtra - 295811",business_owner,Business_owner Corp,2025-01-19T00:00:00,verified,KYC_CORE_DB
KYC-752B35,P-C213D5,Shweta Iyer,1994-08-05,2360-8805-9821,,+917767648237,shweta.iyer@email.com,"Flat 512, 80 Road, Hitec City, Hyderabad, Telangana - 175730",retired,Retired Corp,2025-05-03T00:00:00,verified,KYC_CORE_DB
KYC-222A06,P-FEC9B0,Pradeep Kapoor,1987-01-13,8176-2942-3509,Z7887820,+919935041737,pradeep.kapoor@email.com,"Flat 166, 14 Sector, MG Road, Bengaluru, Karnataka - 478072",lawyer,Lawyer Corp,2025-01-04T00:00:00,verified,KYC_CORE_DB
KYC-AB4C6D,P-E41CE3,Vikram M.,1992-09-25,7528-2394-9940,,+919311814830,vikram.malhotra@email.com,"Flat 688, 38 Nagar, Koramangala, Bengaluru, Karnataka - 610091",customer_service,Customer_service Corp,2025-02-22T00:00:00,verified,KYC_CORE_DB
KYC-6A6217,P-E40C0A,Praveen Gupta,1986-03-28,8939-2280-2499,,+919765711976,praveen.gupta@email.com,"Flat 145, 46 Nagar, Ballygunge, Kolkata, West Bengal - 123601",driver,Driver Corp,2025-04-27T00:00:00,verified,KYC_CORE_DB
KYC-534177,P-04649D,Suresh Yadav,1993-07-05,6195-8834-1048,,+919391647175,suresh.yadav@email.com,"Flat 474, 82 Lane, Goregaon East, Mumbai, Maharashtra - 221523",unemployed,,2025-06-24T00:00:00,verified,KYC_CORE_DB
KYC-6E289F,P-31B4AF,Ritu Rao,1988-10-09,4746-2015-3852,,+919182772667,ritu.rao@email.com,"Flat 651, 10 Block, Bandra Kurla Complex, Mumbai, Maharashtra - 638623",teacher,Teacher Corp,2025-05-27T00:00:00,verified,KYC_CORE_DB
KYC-1D0765,P-44AC04,Rahul Patel,1976-05-06,2298-5296-5119,,+919186363403,rahul.patel@email.com,"Flat 145, 46 Nagar, Ballygunge, Kolkata, West Bengal - 123601",shop_owner,Shop_owner Corp,2025-04-25T00:00:00,verified,KYC_CORE_DB
KYC-229502,P-908B3B,Vikram Mehta,1978-01-08,3578-1171-1603,,+917724232661,vikram.mehta@email.com,"Flat 203, 42 Road, Colaba, Mumbai, Maharashtra - 365199",customer_service,Customer_service Corp,2025-05-17T00:00:00,verified,KYC_CORE_DB
KYC-60370B,P-3B1E19,Sneha Mehta,1990-04-09,6449-6631-6447,,+91 99612 44466,sneha.mehta@email.com,"Flat 287, 24 Sector, Powai, Mumbai, Maharashtra - 276926",shop_owner,Shop_owner Corp,2025-02-25T00:00:00,verified,KYC_CORE_DB
KYC-9AFD0F,P-15C91D,Sanjay Mehta,1993-01-25,2675-1148-5844,Z8878554,+919387180431,sanjay.mehta@email.com,"Flat 588, 62 Path, Baner, Pune, Maharashtra - 578637",business_owner,Business_owner Corp,2025-05-27T00:00:00,verified,KYC_CORE_DB
KYC-2618AD,P-99A046,Ananya Kapoor,1967-01-10,4296-3212-9464,Z8930028,+919322066071,ananya.kapoor@email.com,"Flat 333, 76 Colony, Aundh, Pune, Maharashtra - 277803",business_owner,Business_owner Corp,2025-01-04T00:00:00,verified,KYC_CORE_DB
KYC-4577CA,P-5128C2,Anjali Nair,1981-11-20,3870-1847-3925,,+919750354170,anjali.nair@email.com,"Flat 849, 62 Sector, Karol Bagh, Delhi, Delhi - 527707",accountant,Accountant Corp,2025-02-14T00:00:00,verified,KYC_CORE_DB
KYC-73A1E1,P-15700B,Pradeep Banerjee,1991-07-22,3394-8632-1837,,+919931433033,pradeep.banerjee@email.com,"Flat 651, 10 Block, Bandra Kurla Complex, Mumbai, Maharashtra - 638623",shop_owner,Shop_owner Corp,2025-05-24T00:00:00,verified,KYC_CORE_DB
KYC-1ADEF8,P-57553A,Gaurav Mehta,1978-03-07,3660-3676-7464,,+919485478408,gaurav.mehta@email.com,"Flat 122, 59 Lane, Banjara Hills, Hyderabad, Telangana - 378816",teacher,Teacher Corp,2025-04-02T00:00:00,verified,KYC_CORE_DB
KYC-BE94F3,P-8DF5FC,Gaurav Reddy,1994-08-01,3008-2186-9407,,+919151048807,gaurav.reddy@email.com,"Flat 485, 8 Nagar, Dum Dum, Kolkata, West Bengal - 634786",unemployed,,2025-02-13T00:00:00,verified,KYC_CORE_DB
KYC-999248,P-89A587,Harish Singh,1987-06-10,5075-4447-5121,,+91 91579 67339,harish.singh@email.com,"Flat 725, 93 Street, Juhu, Mumbai, Maharashtra - 451458",shop_owner,Shop_owner Corp,2025-04-30T00:00:00,verified,KYC_CORE_DB
KYC-A29244,P-222AEF,Praveen Verma,1976-10-24,5833-4131-2854,,+91 70596 34264,praveen.verma@email.com,"Flat 544, 63 Avenue, Secunderabad, Hyderabad, Telangana - 562852",shop_owner,Shop_owner Corp,2025-03-12T00:00:00,verified,KYC_CORE_DB
KYC-BF502D,P-EDEB79,Anita Patel,1977-10-19,9569-7127-3946,,+917010570841,anita.patel@email.com,"Flat 255, 58 Nagar, Gachibowli, Hyderabad, Telangana - 297051",shop_owner,Shop_owner Corp,2025-01-07T00:00:00,verified,KYC_CORE_DB
KYC-0B0BB2,P-E3F873,Gaurav Joshi,1998-04-08,9302-2688-7115,,+919758325419,gaurav.joshi@email.com,"Flat 236, 87 Street, Saket, Delhi, Delhi - 516236",shop_owner,Shop_owner Corp,2025-04-26T00:00:00,verified,KYC_CORE_DB
KYC-35B5E9,P-CF1BE5,Amit Patel,1996-03-10,2222-4703-6827,,+918819986052,amit.patel@email.com,"Flat 588, 62 Path, Baner, Pune, Maharashtra - 578637",shop_owner,Shop_owner Corp,2025-02-08T00:00:00,verified,KYC_CORE_DB
KYC-ADE45D,P-EF7A0F,Divya Kapoor,1987-03-11,3769-4162-3952,,+918878934074,divya.kapoor@email.com,"Flat 203, 42 Road, Colaba, Mumbai, Maharashtra - 365199",retired,Retired Corp,2025-01-12T00:00:00,verified,KYC_CORE_DB
KYC-98E159,P-88C03E,Divya Saxena,1977-03-09,5265-2516-3524,,+919172553984,divya.saxena@email.com,"Flat 688, 38 Nagar, Koramangala, Bengaluru, Karnataka - 610091",driver,Driver Corp,2025-03-05T00:00:00,verified,KYC_CORE_DB
KYC-D3058A,P-22AC96,Abhishek Mishra,1974-06-09,8656-7576-5729,Z6535899,+919944663227,abhishek.mishra@email.com,"Flat 333, 76 Colony, Aundh, Pune, Maharashtra - 277803",lawyer,Lawyer Corp,2025-03-19T00:00:00,verified,KYC_CORE_DB
KYC-27272A,P-C93C8A,Ashok Malhotra,1988-04-02,7373-5852-4587,,+917770812960,ashok.malhotra@email.com,"Flat 629, 51 Lane, Saket, Delhi, Delhi - 333905",shop_owner,Shop_owner Corp,2025-06-02T00:00:00,verified,KYC_CORE_DB
KYC-F33C0E,P-E6E273,Vikas Patel,1997-04-08,7115-6837-3706,,+91 70410 26649,vikas.patel@email.com,"Flat 796, 18 Block, MG Road, Bengaluru, Karnataka - 214264",shop_owner,Shop_owner Corp,2025-06-05T00:00:00,verified,KYC_CORE_DB
KYC-67760F,P-7BE4BD,Anita Rao,1969-04-10,9368-9553-3059,,+91 88732 39593,anita.rao@email.com,"Flat 203, 42 Road, Colaba, Mumbai, Maharashtra - 365199",shop_owner,Shop_owner Corp,2025-04-10T00:00:00,verified,KYC_CORE_DB
KYC-73AE17,P-7E0684,Rakesh Gupta,1999-03-31,3923-2208-4182,,+919835728925,rakesh.gupta@email.com,"Flat 613, 99 Sector, Whitefield, Bengaluru, Karnataka - 115496",student,Student Corp,2025-01-07T00:00:00,verified,KYC_CORE_DB
KYC-251752,P-BB0600,Vikas Patel,1995-10-21,8951-4017-2306,,+918736714573,vikas.patel@email.com,"Flat 205, 23 Lane, Hebbal, Bengaluru, Karnataka - 165300",retired,Retired Corp,2025-04-25T00:00:00,verified,KYC_CORE_DB
KYC-A58A80,P-65FAAA,Anita Chopra,1981-12-16,9750-5278-2399,,+918833702080,anita.chopra@email.com,"Flat 255, 58 Nagar, Gachibowli, Hyderabad, Telangana - 297051",shop_owner,Shop_owner Corp,2025-05-17T00:00:00,verified,KYC_CORE_DB
KYC-992263,P-C6E67C,Anand Bose,1989-04-09,8829-8428-9844,,+917062667676,anand.bose@email.com,"Flat 430, 51 Block, Hebbal, Bengaluru, Karnataka - 144572",shop_owner,Shop_owner Corp,2025-06-28T00:00:00,verified,KYC_CORE_DB
KYC-D24CDC,P-0739BA,Divya Malhotra,1998-08-02,3144-6308-2069,,+917761551385,divya.malhotra@email.com,"Flat 474, 82 Lane, Goregaon East, Mumbai, Maharashtra - 221523",student,Student Corp,2025-01-12T00:00:00,verified,KYC_CORE_DB
KYC-12ED07,P-41C109,Karan Verma,1972-03-29,8847-7443-2219,,+91 77308 01090,karan.verma@email.com,"Flat 613, 99 Sector, Whitefield, Bengaluru, Karnataka - 115496",shop_owner,Shop_owner Corp,2025-03-08T00:00:00,verified,KYC_CORE_DB
KYC-893135,P-B6B930,Pooja Jain,1984-11-06,3095-8735-7489,,+91 88448 41271,pooja.jain@email.com,"Flat 898, 50 Colony, Chandni Chowk, Delhi, Delhi - 462433",customer_service,Customer_service Corp,2025-02-03T00:00:00,verified,KYC_CORE_DB
KYC-D223EF,P-D530E0,Manoj Kapoor,1992-11-16,7794-5359-6481,Z9960740,+917735587223,manoj.kapoor@email.com,"Flat 205, 23 Lane, Hebbal, Bengaluru, Karnataka - 165300",business_owner,Business_owner Corp,2025-03-05T00:00:00,verified,KYC_CORE_DB
KYC-BBD077,P-D40699,Tarun Patel,1984-03-18,5957-7138-6649,,+918758182329,tarun.patel@email.com,"Flat 122, 59 Lane, Banjara Hills, Hyderabad, Telangana - 378816",driver,Driver Corp,2025-06-03T00:00:00,verified,KYC_CORE_DB
KYC-370FDE,P-93F426,Meera Kulkarni,1999-11-25,3190-7764-2394,,+919752722652,meera.kulkarni@email.com,"Flat 474, 82 Lane, Goregaon East, Mumbai, Maharashtra - 221523",retired,Retired Corp,2025-03-15T00:00:00,verified,KYC_CORE_DB
KYC-8E3B6C,P-DDFDA7,Ritu Patel,1997-10-22,9231-2806-9902,,+917095356961,ritu.patel@email.com,"Flat 315, 83 Lane, Kurla, Mumbai, Maharashtra - 454499",unemployed,,2025-01-24T00:00:00,verified,KYC_CORE_DB
KYC-BF2093,P-7C725B,Suresh Mishra,1973-07-07,2272-6687-8832,,+918854941880,suresh.mishra@email.com,"Flat 611, 22 Lane, Koregaon Park, Pune, Maharashtra - 234469",retired,Retired Corp,2025-06-10T00:00:00,verified,KYC_CORE_DB
KYC-7A417B,P-572C6E,Divya Sharma,1989-07-25,7282-8656-5034,,+919185566126,divya.sharma@email.com,"Flat 802, 19 Street, Colaba, Mumbai, Maharashtra - 528814",unemployed,,2025-02-24T00:00:00,verified,KYC_CORE_DB
KYC-5EEA4E,P-655405,Deepak Aggarwal,1995-07-05,5542-7428-4895,,+919496138243,deepak.aggarwal@email.com,"Flat 364, 14 Lane, Juhu, Mumbai, Maharashtra - 203993",driver,Driver Corp,2025-06-21T00:00:00,verified,KYC_CORE_DB
KYC-C04524,P-EA1C8F,Rajesh Verma,1984-06-02,5429-7630-4085,Z2102645,+919186812340,rajesh.verma@email.com,"Flat 319, 37 Path, Electronic City, Bengaluru, Karnataka - 519560",high_net_worth,High_net_worth Corp,2025-04-08T00:00:00,verified,KYC_CORE_DB
KYC-E2A45E,P-3961E1,Ritu Deshmukh,1975-06-11,8954-8333-5621,Z9648723,+919817087536,ritu.deshmukh@email.com,"Flat 412, 95 Sector, Chandni Chowk, Delhi, Delhi - 559849",lawyer,Lawyer Corp,2025-01-03T00:00:00,verified,KYC_CORE_DB
KYC-540C98,P-D72089,Pradeep Gupta,1971-07-14,2135-1636-2544,,+919777962467,pradeep.gupta@email.com,"Flat 319, 37 Path, Electronic City, Bengaluru, Karnataka - 519560",retired,Retired Corp,2025-04-18T00:00:00,verified,KYC_CORE_DB
KYC-C0D644,P-80526A,Neha Yadav,1986-11-22,8684-7040-5375,,+918720921367,,"Flat 725, 93 Street, Juhu, Mumbai, Maharashtra - 451458",student,Student Corp,2025-01-03T00:00:00,verified,KYC_CORE_DB
KYC-4D8CBE,P-ECCA1C,Manoj Rao,1984-09-18,9410-2768-4131,Z1343200,+91 98818 84219,manoj.rao@email.com,"Flat 819, 72 Path, New Town, Kolkata, West Bengal - 367073",business_owner,Business_owner Corp,2025-03-20T00:00:00,verified,KYC_CORE_DB
KYC-D944F7,P-20487F,Vikas Sharma,1988-03-20,6070-9846-1946,,+919340726912,vikas.sharma@email.com,"Flat 591, 81 Block, HSR Layout, Bengaluru, Karnataka - 140882",unemployed,,2025-01-21T00:00:00,verified,KYC_CORE_DB
KYC-E509F1,P-9C18A2,Jyoti Aggarwal,1977-07-24,8377-9916-1593,,+919321543047,jyoti.aggarwal@email.com,"Flat 688, 38 Nagar, Koramangala, Bengaluru, Karnataka - 610091",teacher,Teacher Corp,2025-02-24T00:00:00,verified,KYC_CORE_DB
KYC-AF14F6,P-A2811F,Sunil Nair,1974-12-04,3461-5770-6418,,+919970380524,sunil.nair@email.com,"Flat 205, 23 Lane, Hebbal, Bengaluru, Karnataka - 165300",software_engineer,Software_engineer Corp,2025-06-28T00:00:00,verified,KYC_CORE_DB
KYC-AB2BDC,P-0186A2,Sanjay Bhatia,1990-02-12,8075-2196-9981,,+919721855466,sanjay.bhatia@email.com,"Flat 122, 59 Lane, Banjara Hills, Hyderabad, Telangana - 378816",retired,Retired Corp,2025-02-17T00:00:00,verified,KYC_CORE_DB
KYC-A72D56,P-E5F4E8,Arun Chopra,1990-05-14,4370-8853-1447,,+917712476354,arun.chopra@email.com,"Flat 796, 18 Block, MG Road, Bengaluru, Karnataka - 214264",student,Student Corp,2025-04-19T00:00:00,verified,KYC_CORE_DB
KYC-9A6C8A,P-CB35BE,Sangeeta Bose,1992-09-23,2869-1242-2147,,+918877280394,sangeeta.bose@email.com,"Flat 819, 72 Path, New Town, Kolkata, West Bengal - 367073",student,Student Corp,2025-02-28T00:00:00,verified,KYC_CORE_DB
KYC-18DB32,P-CA5FE9,Pradeep Bhatia,1972-06-10,4118-7810-9114,Z4125712,+919122411877,pradeep.bhatia@email.com,"Flat 122, 59 Lane, Banjara Hills, Hyderabad, Telangana - 378816",high_net_worth,High_net_worth Corp,2025-01-25T00:00:00,verified,KYC_CORE_DB
KYC-E61B47,P-99E811,Praveen Rao,1989-06-02,4704-2033-6767,,+917784818113,praveen.rao@email.com,"Flat 236, 87 Street, Saket, Delhi, Delhi - 516236",software_engineer,Software_engineer Corp,2025-02-23T00:00:00,verified,KYC_CORE_DB
KYC-B68EE5,P-9BF1C3,Manoj S.,1994-03-16,3976-4968-6502,,+919868026737,manoj.saxena@email.com,"Flat 588, 62 Path, Baner, Pune, Maharashtra - 578637",shop_owner,Shop_owner Corp,2025-03-30T00:00:00,verified,KYC_CORE_DB
KYC-60B466,P-F868F1,R. Pandey,1998-09-22,3080-7698-8629,Z6363132,+917035562346,rajesh.pandey@email.com,"Flat 166, 14 Sector, MG Road, Bengaluru, Karnataka - 478072",high_net_worth,High_net_worth Corp,2025-01-27T00:00:00,verified,KYC_CORE_DB
KYC-35EB5A,P-7E95E0,Praveen Mehta,1999-01-14,3373-3389-7077,,+918727123950,praveen.mehta@email.com,"Flat 319, 37 Path, Electronic City, Bengaluru, Karnataka - 519560",customer_service,Customer_service Corp,2025-02-04T00:00:00,verified,KYC_CORE_DB
KYC-20DABF,P-57E8B4,Tarun Patel,1975-12-13,7410-1175-9005,Z1895733,+918870796255,tarun.patel@email.com,"Flat 512, 80 Road, Hitec City, Hyderabad, Telangana - 175730",high_net_worth,High_net_worth Corp,2025-03-28T00:00:00,verified,KYC_CORE_DB
KYC-3B64DF,P-B21EC7,Pooja Bose,1990-04-02,9722-5978-2549,,+91 87632 59777,pooja.bose@email.com,"Flat 203, 42 Road, Colaba, Mumbai, Maharashtra - 365199",unemployed,,2025-02-13T00:00:00,verified,KYC_CORE_DB
KYC-01330D,P-95A9E8,Kavita Malhotra,1978-02-27,2749-6501-5079,,+919734870642,kavita.malhotra@email.com,"Flat 474, 82 Lane, Goregaon East, Mumbai, Maharashtra - 221523",retired,Retired Corp,2025-06-24T00:00:00,verified,KYC_CORE_DB
KYC-4ABA65,P-1F501F,Manoj Yadav,1965-12-19,3463-6942-9805,Z8303273,+919855047725,manoj.yadav@email.com,"Flat 474, 82 Lane, Goregaon East, Mumbai, Maharashtra - 221523",business_owner,Business_owner Corp,2025-03-06T00:00:00,verified,KYC_CORE_DB
KYC-15F6FC,P-B0F70C,Naveen Mehta,1973-09-25,5290-2411-1443,,+919981785188,naveen.mehta@email.com,"Flat 457, 43 Nagar, Koregaon Park, Pune, Maharashtra - 134948",teacher,Teacher Corp,2025-05-15T00:00:00,verified,KYC_CORE_DB
KYC-DA5993,P-0D6C67,Kavita Aggarwal,1967-03-10,7313-1888-7405,,+91 87641 20559,,"Flat 205, 23 Lane, Hebbal, Bengaluru, Karnataka - 165300",student,Student Corp,2025-04-07T00:00:00,verified,KYC_CORE_DB
KYC-0FFD22,P-5C5346,Komal Joshi,1959-03-13,8691-4389-1295,,+919824675172,komal.joshi@email.com,"Flat 287, 24 Sector, Powai, Mumbai, Maharashtra - 276926",software_engineer,Software_engineer Corp,2025-06-24T00:00:00,verified,KYC_CORE_DB
KYC-C4EA28,P-DC94E7,Sneha Rao,1993-06-05,4082-9021-4811,,+919134704970,sneha.rao@email.com,"Flat 725, 93 Street, Juhu, Mumbai, Maharashtra - 451458",retired,Retired Corp,2025-03-01T00:00:00,verified,KYC_CORE_DB
KYC-DAA403,P-75F477,Deepak Aggarwal,1992-05-15,4211-8851-2137,,+917075151569,deepak.aggarwal@email.com,"Flat 470, 78 Sector, Saket, Delhi, Delhi - 347389",shop_owner,Shop_owner Corp,2025-02-24T00:00:00,verified,KYC_CORE_DB
KYC-9A3326,P-5CA19D,Manoj Bhatia,1981-06-20,6471-3148-2726,,+91 98644 93525,manoj.bhatia@email.com,"Flat 816, 94 Nagar, HSR Layout, Bengaluru, Karnataka - 415538",unemployed,,2025-02-18T00:00:00,verified,KYC_CORE_DB
KYC-E918B4,P-F52ABB,Manish Sharma,1991-10-12,2980-1642-7227,,+918834728436,manish.sharma@email.com,"Flat 651, 10 Block, Bandra Kurla Complex, Mumbai, Maharashtra - 638623",retired,Retired Corp,2025-06-22T00:00:00,verified,KYC_CORE_DB
KYC-227FB3,P-AB4021,Kunal Patel,1985-07-31,7565-6776-7370,,+919396005081,kunal.patel@email.com,"Flat 725, 93 Street, Juhu, Mumbai, Maharashtra - 451458",shop_owner,Shop_owner Corp,2025-04-12T00:00:00,verified,KYC_CORE_DB
KYC-9E7C4E,P-DB15C5,Shweta Verma,1972-10-27,5158-3899-6127,,+91 93908 07344,shweta.verma@email.com,"Flat 611, 22 Lane, Koregaon Park, Pune, Maharashtra - 234469",student,Student Corp,2025-03-28T00:00:00,verified,KYC_CORE_DB
KYC-E0610F,P-6BB709,Kavita Patel,2002-07-02,6862-8917-7581,Z9988029,+918752932753,,"Flat 613, 99 Sector, Whitefield, Bengaluru, Karnataka - 115496",business_owner,Business_owner Corp,2025-01-20T00:00:00,verified,KYC_CORE_DB
KYC-018FA1,P-50C50A,Vikram Kulkarni,1985-01-25,7462-4068-3498,Z4302888,+919992938469,vikram.kulkarni@email.com,"Flat 205, 23 Lane, Hebbal, Bengaluru, Karnataka - 165300",business_owner,Business_owner Corp,2025-04-11T00:00:00,verified,KYC_CORE_DB
KYC-305362,P-5BD1D5,S. Nair,1978-01-13,5748-2094-7730,,+919312583147,sneha.nair@email.com,"Flat 145, 46 Nagar, Ballygunge, Kolkata, West Bengal - 123601",shop_owner,Shop_owner Corp,2025-03-23T00:00:00,verified,KYC_CORE_DB
KYC-7B5108,P-3772B9,Karan Yadav,1994-06-24,4948-5106-9130,,+919836089879,karan.yadav@email.com,"Flat 319, 37 Path, Electronic City, Bengaluru, Karnataka - 519560",shop_owner,Shop_owner Corp,2025-04-01T00:00:00,verified,KYC_CORE_DB
KYC-81013E,P-C53176,Sanjay Reddy,1983-10-14,3407-1745-3471,,+919978116596,sanjay.reddy@email.com,"Flat 725, 93 Street, Juhu, Mumbai, Maharashtra - 451458",accountant,Accountant Corp,2025-03-19T00:00:00,verified,KYC_CORE_DB
KYC-22291B,P-72F4BB,Divya Bose,1978-10-24,5299-8473-5144,,+91 97395 31770,divya.bose@email.com,"Flat 688, 38 Nagar, Koramangala, Bengaluru, Karnataka - 610091",shop_owner,Shop_owner Corp,2025-05-17T00:00:00,verified,KYC_CORE_DB
KYC-8FDD5A,P-57D107,Vikram Jain,1997-02-22,7142-1100-7283,,+917762950678,vikram.jain@email.com,"Flat 474, 82 Lane, Goregaon East, Mumbai, Maharashtra - 221523",shop_owner,Shop_owner Corp,2025-01-16T00:00:00,verified,KYC_CORE_DB
KYC-49E1D1,P-CFBBDF,Suresh Mehta,1972-05-19,3969-4812-9276,Z9109817,+919867480872,suresh.mehta@email.com,"Flat 203, 42 Road, Colaba, Mumbai, Maharashtra - 365199",business_owner,Business_owner Corp,2025-01-01T00:00:00,verified,KYC_CORE_DB
KYC-C9F611,P-C0F365,Deepika Gupta,1995-12-04,9313-2328-2403,,+91 77521 39708,deepika.gupta@email.com,"Flat 203, 42 Road, Colaba, Mumbai, Maharashtra - 365199",shop_owner,Shop_owner Corp,2025-05-18T00:00:00,verified,KYC_CORE_DB
KYC-0318C1,P-3145B8,Priya Verma,1992-03-01,4638-9507-4509,,+919313355408,priya.verma@email.com,"Flat 287, 24 Sector, Powai, Mumbai, Maharashtra - 276926",software_engineer,Software_engineer Corp,2025-02-25T00:00:00,verified,KYC_CORE_DB
KYC-569D36,P-D20ADA,A Mehta,1990-03-22,5069-9972-7740,,+917782090446,arun.mehta@email.com,"Flat 816, 94 Nagar, HSR Layout, Bengaluru, Karnataka - 415538",customer_service,Customer_service Corp,2025-05-22T00:00:00,verified,KYC_CORE_DB
KYC-3F20F4,P-FF3F83,Naveen Sharma,1979-11-02,4649-4874-1104,,+918786613274,naveen.sharma@email.com,"Flat 585, 14 Marg, Connaught Place, Delhi, Delhi - 519732",customer_service,Customer_service Corp,2025-06-23T00:00:00,verified,KYC_CORE_DB
KYC-2BE9D1,P-2E40C9,Divya Yadav,1993-06-22,8766-3804-6661,,+919878789251,divya.yadav@email.com,"Flat 887, 97 Avenue, Andheri West, Mumbai, Maharashtra - 311128",software_engineer,Software_engineer Corp,2025-05-23T00:00:00,verified,KYC_CORE_DB
KYC-5D5A65,P-61E34B,Pooja Chopra,1993-09-30,8100-8714-7975,,+919189960091,pooja.chopra@email.com,"Flat 486, 65 Nagar, Rohini, Delhi, Delhi - 458475",software_engineer,Software_engineer Corp,2025-01-26T00:00:00,verified,KYC_CORE_DB
KYC-B94ADB,P-FA2BC6,Meera Bose,1965-12-28,7592-2923-5667,,+918817227059,meera.bose@email.com,"Flat 371, 27 Path, HSR Layout, Bengaluru, Karnataka - 527512",student,Student Corp,2025-06-09T00:00:00,verified,KYC_CORE_DB
KYC-C7BAE6,P-CE5BCD,Naveen Saxena,1991-02-07,3365-9555-8423,,+919457886019,naveen.saxena@email.com,"Flat 720, 43 Path, Hebbal, Bengaluru, Karnataka - 546479",driver,Driver Corp,2025-02-07T00:00:00,verified,KYC_CORE_DB
KYC-F036BD,P-0FFC36,Priya Malhotra,1987-08-14,9297-2991-4479,,+919950434930,priya.malhotra@email.com,"Flat 725, 93 Street, Juhu, Mumbai, Maharashtra - 451458",customer_service,Customer_service Corp,2025-03-02T00:00:00,verified,KYC_CORE_DB
KYC-F69823,P-D774C3,Sneha Verma,1968-02-25,4333-5981-2728,,+91 97772 91957,sneha.verma@email.com,"Flat 661, 40 Colony, Jayanagar, Bengaluru, Karnataka - 464648",software_engineer,Software_engineer Corp,2025-01-23T00:00:00,verified,KYC_CORE_DB
KYC-25BBAE,P-6A2B92,Sunita Bose,1997-01-18,3173-1671-4837,Z8533763,+919440816640,sunita.bose@email.com,"Flat 167, 51 Block, Lajpat Nagar, Delhi, Delhi - 673679",business_owner,Business_owner Corp,2025-01-18T00:00:00,verified,KYC_CORE_DB
KYC-4873A6,P-6015F5,Priya Deshmukh,1993-11-07,7867-7474-9660,,+91 97603 61530,priya.deshmukh@email.com,"Flat 544, 63 Avenue, Secunderabad, Hyderabad, Telangana - 562852",customer_service,Customer_service Corp,2025-02-10T00:00:00,verified,KYC_CORE_DB
KYC-974EF6,P-801F1D,Tarun Chopra,1993-04-17,7073-7873-1116,,+919455802681,tarun.chopra@email.com,"Flat 688, 38 Nagar, Koramangala, Bengaluru, Karnataka - 610091",customer_service,Customer_service Corp,2025-06-15T00:00:00,verified,KYC_CORE_DB
KYC-91A6D0,P-43F672,Kavita Saxena,1994-03-19,9005-7013-2568,,+919988933941,kavita.saxena@email.com,"Flat 457, 43 Nagar, Koregaon Park, Pune, Maharashtra - 134948",teacher,Teacher Corp,2025-03-23T00:00:00,verified,KYC_CORE_DB
KYC-EC5174,P-D450C9,Deepika Mishra,1977-02-18,6975-4164-6765,,+919852738686,deepika.mishra@email.com,"Flat 470, 78 Sector, Saket, Delhi, Delhi - 347389",customer_service,Customer_service Corp,2025-04-02T00:00:00,verified,KYC_CORE_DB
KYC-5B65F9,P-ECA749,Shweta Sharma,1977-02-26,7953-1345-7194,,+919727360813,shweta.sharma@email.com,"Flat 205, 23 Lane, Hebbal, Bengaluru, Karnataka - 165300",student,Student Corp,2025-02-25T00:00:00,verified,KYC_CORE_DB
KYC-864DE4,P-2CC4D9,Pradeep Reddy,1981-07-08,3863-1596-7862,,+918726179749,pradeep.reddy@email.com,"Flat 457, 43 Nagar, Koregaon Park, Pune, Maharashtra - 134948",driver,Driver Corp,2025-02-09T00:00:00,verified,KYC_CORE_DB
KYC-29E4C9,P-DB388A,Harish Saxena,1977-02-28,6672-6796-6295,,+918853721287,harish.saxena@email.com,"Flat 585, 14 Marg, Connaught Place, Delhi, Delhi - 519732",retired,Retired Corp,2025-06-19T00:00:00,verified,KYC_CORE_DB
KYC-CA52AA,P-8F1C9E,Anjali Banerjee,1995-05-29,5659-9199-7803,,+91 97172 69844,anjali.banerjee@email.com,"Flat 485, 8 Nagar, Dum Dum, Kolkata, West Bengal - 634786",shop_owner,Shop_owner Corp,2025-01-18T00:00:00,verified,KYC_CORE_DB
KYC-E6EDF2,P-605C08,Meera Yadav,1983-04-12,2643-9569-9073,,+919725016287,meera.yadav@email.com,"Flat 585, 14 Marg, Connaught Place, Delhi, Delhi - 519732",shop_owner,Shop_owner Corp,2025-04-30T00:00:00,verified,KYC_CORE_DB
KYC-238053,P-5E5724,Priya Reddy,1977-11-03,5154-8964-9293,Z8813380,+918824576211,priya.reddy@email.com,"Flat 724, 62 Lane, Begumpet, Hyderabad, Telangana - 662679",high_net_worth,High_net_worth Corp,2025-03-22T00:00:00,verified,KYC_CORE_DB
KYC-1EE009,P-11B46B,Shweta Deshmukh,1989-10-06,5994-7045-7778,,+917787261335,shweta.deshmukh@email.com,"Flat 796, 18 Block, MG Road, Bengaluru, Karnataka - 214264",student,Student Corp,2025-05-09T00:00:00,verified,KYC_CORE_DB
KYC-0F2C0F,P-EBF368,Pooja M.,1986-08-18,4200-7932-3586,Z8713194,+919456275534,pooja.mishra@email.com,"Flat 591, 81 Block, HSR Layout, Bengaluru, Karnataka - 140882",business_owner,Business_owner Corp,2025-03-29T00:00:00,verified,KYC_CORE_DB
KYC-371A6E,P-4BC009,Divya Aggarwal,1987-05-30,5814-3817-5855,,+91 98528 53447,divya.aggarwal@email.com,"Flat 474, 82 Lane, Goregaon East, Mumbai, Maharashtra - 221523",retired,Retired Corp,2025-05-06T00:00:00,verified,KYC_CORE_DB
KYC-1888D5,P-1F50CE,Pooja Deshmukh,1996-12-17,4651-6385-9956,,+91 93894 47607,pooja.deshmukh@email.com,"Flat 724, 62 Lane, Begumpet, Hyderabad, Telangana - 662679",software_engineer,Software_engineer Corp,2025-04-02T00:00:00,verified,KYC_CORE_DB
KYC-C3CE3E,P-E880A0,Rekha Nair,1982-02-06,9368-7254-5110,,+919842367196,rekha.nair@email.com,"Flat 140, 35 Marg, Juhu, Mumbai, Maharashtra - 507541",student,Student Corp,2025-02-21T00:00:00,verified,KYC_CORE_DB
KYC-9FE47E,P-43F24E,A Joshi,1980-09-05,7048-8407-4185,Z2157312,+919960825167,arun.joshi@email.com,"Flat 430, 51 Block, Hebbal, Bengaluru, Karnataka - 144572",business_owner,Business_owner Corp,2025-04-23T00:00:00,verified,KYC_CORE_DB
KYC-B7B5EF,P-80B970,Rajesh Saxena,1992-09-15,8430-4746-5051,,+919955902932,rajesh.saxena@email.com,"Flat 796, 18 Block, MG Road, Bengaluru, Karnataka - 214264",customer_service,Customer_service Corp,2025-02-08T00:00:00,verified,KYC_CORE_DB
KYC-DC0B24,P-D1DE95,Manish Joshi,1990-04-17,6176-4699-1001,,+919428590406,manish.joshi@email.com,"Flat 287, 24 Sector, Powai, Mumbai, Maharashtra - 276926",student,Student Corp,2025-05-23T00:00:00,verified,KYC_CORE_DB
KYC-32670B,P-9AFEDE,Sangeeta Iyer,1987-03-27,5225-1707-5550,,+917746573853,sangeeta.iyer@email.com,"Flat 279, 74 Nagar, Karol Bagh, Delhi, Delhi - 453190",retired,Retired Corp,2025-03-20T00:00:00,verified,KYC_CORE_DB
KYC-F9FE0A,P-527DED,Jyoti Rao,2000-11-30,4520-1641-7662,,+919415914998,jyoti.rao@email.com,"Flat 688, 38 Nagar, Koramangala, Bengaluru, Karnataka - 610091",teacher,Teacher Corp,2025-02-21T00:00:00,verified,KYC_CORE_DB
KYC-4B2B62,P-0E0EAF,Deepika Pandey,1989-06-27,9756-4345-5011,,+918781445307,deepika.pandey@email.com,"Flat 474, 82 Lane, Goregaon East, Mumbai, Maharashtra - 221523",teacher,Teacher Corp,2025-01-21T00:00:00,verified,KYC_CORE_DB
KYC-7669F4,P-F1B878,Jyoti Pandey,1988-10-11,9333-4210-9400,,+918858453915,,"Flat 364, 14 Lane, Juhu, Mumbai, Maharashtra - 203993",retired,Retired Corp,2025-02-28T00:00:00,verified,KYC_CORE_DB
KYC-2287B6,P-616E06,Sunil Mishra,1977-09-01,7614-8494-4846,,+917016735924,sunil.mishra@email.com,"Flat 167, 51 Block, Lajpat Nagar, Delhi, Delhi - 673679",shop_owner,Shop_owner Corp,2025-06-13T00:00:00,verified,KYC_CORE_DB
KYC-9FD57C,P-0D35EA,K. Yadav,1978-07-29,3168-8302-4944,,+919835493871,komal.yadav@email.com,"Flat 485, 8 Nagar, Dum Dum, Kolkata, West Bengal - 634786",student,Student Corp,2025-05-25T00:00:00,verified,KYC_CORE_DB
KYC-2A1F57,P-96020F,Vikram Sharma,1992-06-20,5416-4364-9816,,+918880017144,vikram.sharma@email.com,"Flat 688, 38 Nagar, Koramangala, Bengaluru, Karnataka - 610091",software_engineer,Software_engineer Corp,2025-06-13T00:00:00,verified,KYC_CORE_DB
KYC-40F539,P-636F5F,Sunil Patel,1962-10-13,9048-3119-9075,,+917733340057,sunil.patel@email.com,"Flat 725, 93 Street, Juhu, Mumbai, Maharashtra - 451458",teacher,Teacher Corp,2025-04-05T00:00:00,verified,KYC_CORE_DB
KYC-E6CA3B,P-4C6B6B,Naveen Banerjee,1968-11-20,5254-8661-6064,Z9005705,+91 99860 74405,naveen.banerjee@email.com,"Flat 811, 10 Block, Lajpat Nagar, Delhi, Delhi - 533843",business_owner,Business_owner Corp,2025-04-23T00:00:00,verified,KYC_CORE_DB
KYC-95D191,P-1B82E2,Meera Verma,1991-04-12,9590-3173-7323,,+919156000496,meera.verma@email.com,"Flat 167, 51 Block, Lajpat Nagar, Delhi, Delhi - 673679",student,Student Corp,2025-05-13T00:00:00,verified,KYC_CORE_DB
KYC-0E5DF6,P-772E29,A Nair,1993-10-14,4113-7918-6775,,+917027234206,ashok.nair@email.com,"Flat 474, 82 Lane, Goregaon East, Mumbai, Maharashtra - 221523",student,Student Corp,2025-05-31T00:00:00,verified,KYC_CORE_DB
KYC-8DDF8E,P-92D2E2,Rakesh Rao,1973-04-25,7069-3747-5662,Z5094364,+918741529804,rakesh.rao@email.com,"Flat 457, 43 Nagar, Koregaon Park, Pune, Maharashtra - 134948",business_owner,Business_owner Corp,2025-05-31T00:00:00,verified,KYC_CORE_DB
KYC-E2134A,P-C3FE0B,Manish Reddy,1970-01-28,4834-5697-8843,,+91 93374 13971,manish.reddy@email.com,"Flat 688, 38 Nagar, Koramangala, Bengaluru, Karnataka - 610091",customer_service,Customer_service Corp,2025-03-11T00:00:00,verified,KYC_CORE_DB
KYC-69BB7F,P-F68F55,Sunita Pandey,2001-12-19,6301-4158-6797,Z9607801,+918891180776,sunita.pandey@email.com,"Flat 255, 58 Nagar, Gachibowli, Hyderabad, Telangana - 297051",lawyer,Lawyer Corp,2025-04-30T00:00:00,verified,KYC_CORE_DB
KYC-08954B,P-B4D2CC,Karan Kapoor,1983-08-08,5109-6462-5239,Z3117352,+919394580661,karan.kapoor@email.com,"Flat 688, 38 Nagar, Koramangala, Bengaluru, Karnataka - 610091",high_net_worth,High_net_worth Corp,2025-06-12T00:00:00,verified,KYC_CORE_DB
KYC-2FAF7A,P-531F38,Neha Bhatia,1969-04-01,2579-6427-6968,,+918854752439,neha.bhatia@email.com,"Flat 725, 93 Street, Juhu, Mumbai, Maharashtra - 451458",software_engineer,Software_engineer Corp,2025-03-23T00:00:00,verified,KYC_CORE_DB
KYC-E9B5A1,P-3E1FC4,Meera Rao,1970-04-29,5374-3855-1286,,+91 88852 86055,meera.rao@email.com,"Flat 474, 82 Lane, Goregaon East, Mumbai, Maharashtra - 221523",software_engineer,Software_engineer Corp,2025-05-19T00:00:00,verified,KYC_CORE_DB
KYC-F2FA77,P-A59708,Rakesh S.,1978-05-30,9206-2344-4495,,+919325585764,rakesh.sharma@email.com,"Flat 485, 8 Nagar, Dum Dum, Kolkata, West Bengal - 634786",software_engineer,Software_engineer Corp,2025-01-25T00:00:00,verified,KYC_CORE_DB
KYC-DC6072,P-72073C,Deepika Rao,1987-01-30,9690-8498-2316,,+919751687490,deepika.rao@email.com,"Flat 457, 43 Nagar, Koregaon Park, Pune, Maharashtra - 134948",retired,Retired Corp,2025-01-07T00:00:00,verified,KYC_CORE_DB
KYC-DD6EA5,P-4412F5,Anita Joshi,1987-05-18,2022-1228-8187,,+91 77164 56133,anita.joshi@email.com,"Flat 412, 95 Sector, Chandni Chowk, Delhi, Delhi - 559849",customer_service,Customer_service Corp,2025-05-26T00:00:00,verified,KYC_CORE_DB
KYC-8DF816,P-D741EC,Tarun Gupta,1980-08-15,4555-6508-8827,,+91 88619 64083,tarun.gupta@email.com,"Flat 457, 43 Nagar, Koregaon Park, Pune, Maharashtra - 134948",driver,Driver Corp,2025-01-01T00:00:00,verified,KYC_CORE_DB
KYC-EE2E38,P-7070D4,Anita Bose,1970-02-23,9616-1231-6585,,+918742010382,anita.bose@email.com,"Flat 287, 24 Sector, Powai, Mumbai, Maharashtra - 276926",software_engineer,Software_engineer Corp,2025-03-04T00:00:00,verified,KYC_CORE_DB
KYC-340721,P-901177,A Gupta,1995-05-13,8061-8446-5965,,+919363913237,anita.gupta@email.com,"Flat 205, 23 Lane, Hebbal, Bengaluru, Karnataka - 165300",customer_service,Customer_service Corp,2025-06-13T00:00:00,verified,KYC_CORE_DB
KYC-BF2869,P-924F35,Pradeep Pandey,1981-11-01,8304-7590-2707,Z8636586,+91 88688 97501,pradeep.pandey@email.com,"Flat 412, 95 Sector, Chandni Chowk, Delhi, Delhi - 559849",business_owner,Business_owner Corp,2025-01-25T00:00:00,verified,KYC_CORE_DB
KYC-CC9908,P-5813E1,Pooja Jain,2000-09-11,2618-1463-4031,Z3730605,+91 88969 80873,pooja.jain@email.com,"Flat 457, 43 Nagar, Koregaon Park, Pune, Maharashtra - 134948",lawyer,Lawyer Corp,2025-01-28T00:00:00,verified,KYC_CORE_DB
KYC-CEF549,P-3F9803,Harish G.,1963-09-09,2480-3319-7945,,+917051330538,harish.gupta@email.com,"Flat 629, 51 Lane, Saket, Delhi, Delhi - 333905",shop_owner,Shop_owner Corp,2025-06-23T00:00:00,verified,KYC_CORE_DB
KYC-2DBF70,P-F2E3CA,Manish Mehta,2002-07-02,9556-6460-4327,,+919322506812,manish.mehta@email.com,"Flat 811, 10 Block, Lajpat Nagar, Delhi, Delhi - 533843",unemployed,,2025-06-16T00:00:00,verified,KYC_CORE_DB
KYC-5527C6,P-B0C287,Rekha Pandey,1971-05-10,5922-5667-2350,,+919975244272,rekha.pandey@email.com,"Flat 758, 99 Avenue, Dwarka Sector 10, Delhi, Delhi - 541955",retired,Retired Corp,2025-02-16T00:00:00,verified,KYC_CORE_DB
KYC-E7329E,P-749ABE,Divya Saxena,1984-11-01,8809-9754-2156,,+919368129270,divya.saxena@email.com,"Flat 724, 62 Lane, Begumpet, Hyderabad, Telangana - 662679",software_engineer,Software_engineer Corp,2025-01-22T00:00:00,verified,KYC_CORE_DB
KYC-91DDE0,P-804142,Gaurav Kapoor,1976-04-17,3074-2601-3071,,+918754924182,gaurav.kapoor@email.com,"Flat 725, 93 Street, Juhu, Mumbai, Maharashtra - 451458",driver,Driver Corp,2025-04-08T00:00:00,verified,KYC_CORE_DB
KYC-3A3B3E,P-93307C,P Yadav,1976-10-02,5282-7599-2215,,+918861669127,pradeep.yadav@email.com,"Flat 812, 90 Block, Dwarka Sector 10, Delhi, Delhi - 699384",customer_service,Customer_service Corp,2025-06-05T00:00:00,verified,KYC_CORE_DB
KYC-839259,P-E7CC6F,Amit Jain,1996-12-24,7198-3989-6277,,+919151848184,amit.jain@email.com,"Flat 279, 74 Nagar, Karol Bagh, Delhi, Delhi - 453190",software_engineer,Software_engineer Corp,2025-06-25T00:00:00,verified,KYC_CORE_DB
KYC-85C8B2,P-EC4B75,Gaurav Yadav,1987-07-28,4651-1746-8361,,+918811254287,gaurav.yadav@email.com,"Flat 780, 97 Nagar, Goregaon East, Mumbai, Maharashtra - 295811",software_engineer,Software_engineer Corp,2025-02-11T00:00:00,verified,KYC_CORE_DB
KYC-52B69C,P-4667CB,Deepika Joshi,1992-03-11,2338-7874-3070,,+91 88136 81514,deepika.joshi@email.com,"Flat 849, 62 Sector, Karol Bagh, Delhi, Delhi - 527707",retired,Retired Corp,2025-03-20T00:00:00,verified,KYC_CORE_DB
KYC-CC664B,P-565151,Sneha Nair,1988-12-23,6252-8734-7680,,+917034021326,sneha.nair@email.com,"Flat 470, 78 Sector, Saket, Delhi, Delhi - 347389",software_engineer,Software_engineer Corp,2025-05-03T00:00:00,verified,KYC_CORE_DB
KYC-89E744,P-F4715A,Harish Reddy,1980-05-25,4696-2723-9363,,+918836949148,harish.reddy@email.com,"Flat 848, 2 Path, Secunderabad, Hyderabad, Telangana - 515276",teacher,Teacher Corp,2025-02-20T00:00:00,verified,KYC_CORE_DB
KYC-A58696,P-0C7C19,Harish Bhatia,1998-11-20,4231-9808-4694,,+91 99866 95019,harish.bhatia@email.com,"Flat 315, 83 Lane, Kurla, Mumbai, Maharashtra - 454499",teacher,Teacher Corp,2025-05-27T00:00:00,verified,KYC_CORE_DB
KYC-0C8261,P-2EA50A,Divya Yadav,1975-03-27,7078-7207-5110,,+917784952054,divya.yadav@email.com,"Flat 430, 51 Block, Hebbal, Bengaluru, Karnataka - 144572",shop_owner,Shop_owner Corp,2025-01-04T00:00:00,verified,KYC_CORE_DB
KYC-52D171,P-1F932B,Kavita Gupta,1988-05-12,4160-1029-1888,,+919455829249,kavita.gupta@email.com,"Flat 372, 38 Marg, Salt Lake Sector V, Kolkata, West Bengal - 637256",software_engineer,Software_engineer Corp,2025-06-22T00:00:00,verified,KYC_CORE_DB
KYC-E49058,P-0518F7,Pooja Singh,1994-07-11,6835-6432-1710,,+919748073757,pooja.singh@email.com,"Flat 577, 39 Marg, Baner, Pune, Maharashtra - 450468",customer_service,Customer_service Corp,2025-02-28T00:00:00,verified,KYC_CORE_DB
KYC-DA49FD,P-6D9945,Naveen Kapoor,1994-11-25,2537-3769-7845,,+917736127725,naveen.kapoor@email.com,"Flat 457, 43 Nagar, Koregaon Park, Pune, Maharashtra - 134948",student,Student Corp,2025-02-19T00:00:00,verified,KYC_CORE_DB
KYC-F85C4A,P-A9032C,A. Verma,1987-07-10,6721-4411-8793,,+918869375092,arun.verma@email.com,"Flat 315, 83 Lane, Kurla, Mumbai, Maharashtra - 454499",software_engineer,Software_engineer Corp,2025-04-16T00:00:00,verified,KYC_CORE_DB
KYC-3FFC25,P-7F17E2,Anita Gupta,1988-11-10,9049-1561-7217,,+917728773439,anita.gupta@email.com,"Flat 758, 99 Avenue, Dwarka Sector 10, Delhi, Delhi - 541955",shop_owner,Shop_owner Corp,2025-01-30T00:00:00,verified,KYC_CORE_DB
KYC-C8BC65,P-BBD7DC,Komal Chopra,1985-03-01,3444-2260-6590,,+91 94222 27782,komal.chopra@email.com,"Flat 328, 7 Block, Alipore, Kolkata, West Bengal - 175779",customer_service,Customer_service Corp,2025-04-19T00:00:00,verified,KYC_CORE_DB
KYC-3E7C55,P-21C380,Sunil Iyer,1983-07-10,4107-8476-4541,Z4842180,+919375164686,sunil.iyer@email.com,"Flat 315, 83 Lane, Kurla, Mumbai, Maharashtra - 454499",business_owner,Business_owner Corp,2025-01-31T00:00:00,verified,KYC_CORE_DB
KYC-C2AA01,P-7A31C2,Tarun Kapoor,1994-07-29,8781-4851-2697,,+91 98761 44901,tarun.kapoor@email.com,"Flat 887, 97 Avenue, Andheri West, Mumbai, Maharashtra - 311128",student,Student Corp,2025-01-18T00:00:00,verified,KYC_CORE_DB
KYC-AB5E87,P-88FCAF,Vikram Reddy,2001-08-01,9293-7280-9122,,+919849801849,vikram.reddy@email.com,"Flat 205, 23 Lane, Hebbal, Bengaluru, Karnataka - 165300",student,Student Corp,2025-06-22T00:00:00,verified,KYC_CORE_DB
KYC-F5F7FD,P-0AF252,Neha Malhotra,1996-03-26,5379-6370-8538,,+918758145652,neha.malhotra@email.com,"Flat 720, 43 Path, Hebbal, Bengaluru, Karnataka - 546479",software_engineer,Software_engineer Corp,2025-06-17T00:00:00,verified,KYC_CORE_DB
KYC-E5240D,P-78661A,Praveen Joshi,1993-11-23,9150-5883-7894,Z2749454,+919874537015,praveen.joshi@email.com,"Flat 796, 18 Block, MG Road, Bengaluru, Karnataka - 214264",high_net_worth,High_net_worth Corp,2025-06-03T00:00:00,verified,KYC_CORE_DB
KYC-521FC1,P-FF85B9,Praveen Deshmukh,1985-07-26,9859-5859-7953,Z9797835,+919384933330,praveen.deshmukh@email.com,"Flat 122, 59 Lane, Banjara Hills, Hyderabad, Telangana - 378816",high_net_worth,High_net_worth Corp,2025-05-02T00:00:00,verified,KYC_CORE_DB
KYC-71EA21,P-8ABAC4,Rekha Chopra,1981-01-07,7710-4085-2435,Z5744829,+919453341358,rekha.chopra@email.com,"Flat 725, 93 Street, Juhu, Mumbai, Maharashtra - 451458",business_owner,Business_owner Corp,2025-06-07T00:00:00,verified,KYC_CORE_DB
KYC-50C240,P-243CBC,Ritu Chopra,1974-06-25,2541-3781-3494,,+917073619315,ritu.chopra@email.com,"Flat 819, 72 Path, New Town, Kolkata, West Bengal - 367073",retired,Retired Corp,2025-01-12T00:00:00,verified,KYC_CORE_DB
KYC-C701C4,P-536A51,Harish Jain,2000-03-13,8153-8419-3505,,+91 98299 06429,harish.jain@email.com,"Flat 236, 87 Street, Saket, Delhi, Delhi - 516236",student,Student Corp,2025-05-02T00:00:00,verified,KYC_CORE_DB
KYC-EACBC8,P-DED6F1,Divya Chopra,1979-06-05,4257-8547-9416,,+919158956209,divya.chopra@email.com,"Flat 203, 42 Road, Colaba, Mumbai, Maharashtra - 365199",software_engineer,Software_engineer Corp,2025-03-06T00:00:00,verified,KYC_CORE_DB
KYC-C59405,P-5EA9F6,Pradeep Mehta,1998-04-12,7241-8766-8574,,+919755030365,pradeep.mehta@email.com,"Flat 651, 10 Block, Bandra Kurla Complex, Mumbai, Maharashtra - 638623",accountant,Accountant Corp,2025-03-15T00:00:00,verified,KYC_CORE_DB
KYC-1FA5B9,P-E43B7B,Deepika Nair,1972-02-16,3194-7569-2888,,+919871209450,deepika.nair@email.com,"Flat 720, 43 Path, Hebbal, Bengaluru, Karnataka - 546479",unemployed,,2025-04-18T00:00:00,verified,KYC_CORE_DB
KYC-FA5098,P-F1164A,Meera Mishra,1972-08-13,2763-8700-9598,,+919810569127,meera.mishra@email.com,"Flat 651, 10 Block, Bandra Kurla Complex, Mumbai, Maharashtra - 638623",software_engineer,Software_engineer Corp,2025-02-28T00:00:00,verified,KYC_CORE_DB
KYC-E3FC78,P-388A15,Tarun M.,1985-04-23,4695-5552-7106,,+917788516561,tarun.mishra@email.com,"Flat 122, 59 Lane, Banjara Hills, Hyderabad, Telangana - 378816",teacher,Teacher Corp,2025-01-26T00:00:00,verified,KYC_CORE_DB
KYC-3B39DE,P-99023E,Harish Malhotra,1994-07-17,2775-9818-7514,,+919886436035,,"Flat 230, 94 Marg, Ballygunge, Kolkata, West Bengal - 237931",shop_owner,Shop_owner Corp,2025-01-17T00:00:00,verified,KYC_CORE_DB
KYC-1ADA06,P-DD2B1B,Tarun Verma,1991-10-13,9613-6486-2136,Z6135662,+919998656621,tarun.verma@email.com,"Flat 412, 95 Sector, Chandni Chowk, Delhi, Delhi - 559849",lawyer,Lawyer Corp,2025-04-10T00:00:00,verified,KYC_CORE_DB
KYC-9F5CDD,P-083B3A,Divya Verma,1986-01-11,6203-6647-1819,Z6172834,+919820570291,divya.verma@email.com,"Flat 230, 5 Street, HSR Layout, Bengaluru, Karnataka - 580586",lawyer,Lawyer Corp,2025-01-13T00:00:00,verified,KYC_CORE_DB
KYC-AE9F3B,P-76A1CB,Ananya Deshmukh,1999-02-17,2990-5886-5969,,+917763190610,ananya.deshmukh@email.com,"Flat 205, 23 Lane, Hebbal, Bengaluru, Karnataka - 165300",teacher,Teacher Corp,2025-02-22T00:00:00,verified,KYC_CORE_DB
KYC-3B8B69,P-810DC3,Praveen Rao,1994-03-13,7934-1746-5788,,+919914412566,praveen.rao@email.com,"Flat 140, 35 Marg, Juhu, Mumbai, Maharashtra - 507541",student,Student Corp,2025-06-16T00:00:00,verified,KYC_CORE_DB
KYC-B09C5A,P-E64B0A,P Pandey,1975-11-10,9767-3964-5328,,+918879214131,pooja.pandey@email.com,"Flat 230, 94 Marg, Ballygunge, Kolkata, West Bengal - 237931",software_engineer,Software_engineer Corp,2025-03-04T00:00:00,verified,KYC_CORE_DB
KYC-C2F15F,P-E8C1E7,Rohan Iyer,1982-12-18,9266-9704-9012,,+919931964099,rohan.iyer@email.com,"Flat 255, 58 Nagar, Gachibowli, Hyderabad, Telangana - 297051",shop_owner,Shop_owner Corp,2025-06-30T00:00:00,verified,KYC_CORE_DB
KYC-A9590D,P-E334BB,Sunita Nair,2000-12-15,2539-7660-4179,,+917793218706,sunita.nair@email.com,"Flat 255, 58 Nagar, Gachibowli, Hyderabad, Telangana - 297051",customer_service,Customer_service Corp,2025-06-23T00:00:00,verified,KYC_CORE_DB
KYC-5B6470,P-99F4C2,Karan Yadav,1992-01-01,9407-3840-5720,,+919148653041,karan.yadav@email.com,"Flat 279, 74 Nagar, Karol Bagh, Delhi, Delhi - 453190",customer_service,Customer_service Corp,2025-05-26T00:00:00,verified,KYC_CORE_DB
KYC-FC97CD,P-C6385B,Suresh Mehta,1969-09-28,5953-4526-3446,,+919788661526,suresh.mehta@email.com,"Flat 205, 23 Lane, Hebbal, Bengaluru, Karnataka - 165300",customer_service,Customer_service Corp,2025-03-06T00:00:00,verified,KYC_CORE_DB
KYC-9C0A1E,P-F206E2,Kavita Pandey,1981-04-22,3275-1335-8624,,+919952832814,kavita.pandey@email.com,"Flat 287, 24 Sector, Powai, Mumbai, Maharashtra - 276926",customer_service,Customer_service Corp,2025-03-04T00:00:00,verified,KYC_CORE_DB
KYC-F95AEA,P-49E8EA,Naveen Jain,1996-04-25,8344-3471-4153,Z9050877,+919139165904,naveen.jain@email.com,"Flat 255, 58 Nagar, Gachibowli, Hyderabad, Telangana - 297051",lawyer,Lawyer Corp,2025-05-24T00:00:00,verified,KYC_CORE_DB
KYC-ACF373,P-B4ABF5,Vikas Patel,1968-05-13,8661-9283-5233,,+919326361261,vikas.patel@email.com,"Flat 145, 46 Nagar, Ballygunge, Kolkata, West Bengal - 123601",student,Student Corp,2025-02-12T00:00:00,verified,KYC_CORE_DB
KYC-0988DC,P-9481BF,Kavita Sharma,1975-07-12,5581-1416-8884,,+919438896202,kavita.sharma@email.com,"Flat 474, 82 Lane, Goregaon East, Mumbai, Maharashtra - 221523",retired,Retired Corp,2025-04-29T00:00:00,verified,KYC_CORE_DB
KYC-71FBBC,P-E6A261,Shweta Mishra,1974-05-21,2088-5801-4020,,+91 99579 66870,shweta.mishra@email.com,"Flat 811, 10 Block, Lajpat Nagar, Delhi, Delhi - 533843",software_engineer,Software_engineer Corp,2025-01-30T00:00:00,verified,KYC_CORE_DB
KYC-E278EB,P-FB375D,Rekha Patel,1968-01-04,5417-8170-3392,,+918776394978,rekha.patel@email.com,"Flat 720, 43 Path, Hebbal, Bengaluru, Karnataka - 546479",unemployed,,2025-04-21T00:00:00,verified,KYC_CORE_DB
KYC-DFB61D,P-03916F,Karan Sharma,1994-07-03,4570-3350-9810,,+917046771435,karan.sharma@email.com,"Flat 820, 51 Block, Hadapsar, Pune, Maharashtra - 563845",shop_owner,Shop_owner Corp,2025-06-09T00:00:00,verified,KYC_CORE_DB
KYC-14240F,P-52145F,Rekha Chopra,1992-07-17,7963-5797-4002,,+919488027498,rekha.chopra@email.com,"Flat 688, 38 Nagar, Koramangala, Bengaluru, Karnataka - 610091",accountant,Accountant Corp,2025-03-29T00:00:00,verified,KYC_CORE_DB
KYC-AA3046,P-BAD713,Priya Iyer,1976-10-25,8470-1822-6006,,+917029065862,priya.iyer@email.com,"Flat 279, 74 Nagar, Karol Bagh, Delhi, Delhi - 453190",teacher,Teacher Corp,2025-05-12T00:00:00,verified,KYC_CORE_DB
KYC-0A3F72,P-62F1B8,Deepika Nair,1982-09-29,6739-4712-9676,,+917068578658,deepika.nair@email.com,"Flat 122, 59 Lane, Banjara Hills, Hyderabad, Telangana - 378816",shop_owner,Shop_owner Corp,2025-05-07T00:00:00,verified,KYC_CORE_DB
KYC-6819F4,P-3A427D,Sanjay Gupta,1991-05-31,8960-8362-7263,,+919891380071,sanjay.gupta@email.com,"Flat 725, 93 Street, Juhu, Mumbai, Maharashtra - 451458",student,Student Corp,2025-04-20T00:00:00,verified,KYC_CORE_DB
KYC-88797A,P-B02011,Divya Kapoor,1995-08-28,3360-8363-6168,,+919981875740,divya.kapoor@email.com,"Flat 688, 38 Nagar, Koramangala, Bengaluru, Karnataka - 610091",shop_owner,Shop_owner Corp,2025-01-26T00:00:00,verified,KYC_CORE_DB
KYC-288FAA,P-E341FB,Sangeeta Mehta,1998-05-26,8128-7767-6758,,+91 97251 28506,sangeeta.mehta@email.com,"Flat 474, 82 Lane, Goregaon East, Mumbai, Maharashtra - 221523",retired,Retired Corp,2025-03-20T00:00:00,verified,KYC_CORE_DB
KYC-A6686B,P-1008E3,Rahul Nair,1969-05-14,5464-4502-1701,,+919731490466,rahul.nair@email.com,"Flat 205, 23 Lane, Hebbal, Bengaluru, Karnataka - 165300",customer_service,Customer_service Corp,2025-06-25T00:00:00,verified,KYC_CORE_DB
KYC-3D2805,P-DF2055,M. Bhatia,1974-11-23,5859-9473-6832,,+919371154832,manoj.bhatia@email.com,"Flat 122, 59 Lane, Banjara Hills, Hyderabad, Telangana - 378816",shop_owner,Shop_owner Corp,2025-02-10T00:00:00,verified,KYC_CORE_DB
KYC-75AA68,P-40DC54,Rajesh Yadav,1983-11-27,5468-4945-4137,,+919368441924,rajesh.yadav@email.com,"Flat 122, 59 Lane, Banjara Hills, Hyderabad, Telangana - 378816",retired,Retired Corp,2025-02-15T00:00:00,verified,KYC_CORE_DB
KYC-45D445,P-48FBD1,Tarun Kapoor,1976-02-13,7480-3036-5950,,+919335984027,tarun.kapoor@email.com,"Flat 651, 10 Block, Bandra Kurla Complex, Mumbai, Maharashtra - 638623",student,Student Corp,2025-06-02T00:00:00,verified,KYC_CORE_DB
KYC-82C5E4,P-2B0362,Sunil Reddy,1983-05-14,3900-5739-6033,Z7140473,+917051478925,sunil.reddy@email.com,"Flat 812, 90 Block, Dwarka Sector 10, Delhi, Delhi - 699384",high_net_worth,High_net_worth Corp,2025-01-10T00:00:00,verified,KYC_CORE_DB
KYC-B958E9,P-FED482,Pradeep Patel,1989-08-19,6938-4060-2749,,+918716909524,pradeep.patel@email.com,"Flat 585, 14 Marg, Connaught Place, Delhi, Delhi - 519732",driver,Driver Corp,2025-03-24T00:00:00,verified,KYC_CORE_DB
KYC-AEC93B,P-6A82B1,A Saxena,1975-01-22,6571-7455-1645,Z9116951,+919859936955,,"Flat 688, 38 Nagar, Koramangala, Bengaluru, Karnataka - 610091",business_owner,Business_owner Corp,2025-02-24T00:00:00,verified,KYC_CORE_DB
KYC-CA59F6,P-5B8D5B,Harish Malhotra,1998-02-12,5307-2657-4971,,+91 77476 83856,harish.malhotra@email.com,"Flat 287, 24 Sector, Powai, Mumbai, Maharashtra - 276926",retired,Retired Corp,2025-01-05T00:00:00,verified,KYC_CORE_DB
KYC-30A227,P-6CCB42,Harish Nair,1992-12-18,2840-5265-6239,,+919918821922,harish.nair@email.com,"Flat 688, 38 Nagar, Koramangala, Bengaluru, Karnataka - 610091",teacher,Teacher Corp,2025-02-11T00:00:00,verified,KYC_CORE_DB
KYC-E08792,P-0B1CAD,Abhishek Saxena,1965-09-27,2979-1985-4512,,+919887886612,abhishek.saxena@email.com,"Flat 812, 90 Block, Dwarka Sector 10, Delhi, Delhi - 699384",unemployed,,2025-01-29T00:00:00,verified,KYC_CORE_DB
KYC-EA1550,P-9B6830,Pooja Reddy,1966-01-26,8202-9295-4945,Z4894375,+918716027000,pooja.reddy@email.com,"Flat 457, 43 Nagar, Koregaon Park, Pune, Maharashtra - 134948",business_owner,Business_owner Corp,2025-05-15T00:00:00,verified,KYC_CORE_DB
KYC-D7AEBC,P-035205,Gaurav Saxena,1979-08-21,9798-9856-1652,Z6743329,+918775998764,gaurav.saxena@email.com,"Flat 167, 51 Block, Lajpat Nagar, Delhi, Delhi - 673679",high_net_worth,High_net_worth Corp,2025-03-26T00:00:00,verified,KYC_CORE_DB
KYC-8F6504,P-7F2EEB,Divya Banerjee,1968-06-06,4287-5662-7545,,+917783847285,divya.banerjee@email.com,"Flat 629, 51 Lane, Saket, Delhi, Delhi - 333905",student,Student Corp,2025-02-10T00:00:00,verified,KYC_CORE_DB
KYC-59DFF3,P-AC7C2E,Rahul Sharma,1970-05-10,3284-2962-6132,Z1478579,+918837804406,rahul.sharma@email.com,"Flat 645, 30 Nagar, New Town, Kolkata, West Bengal - 635345",lawyer,Lawyer Corp,2025-04-11T00:00:00,verified,KYC_CORE_DB
KYC-1DE718,P-2A2E56,Kunal Bose,1991-11-04,5956-9394-3411,,+919791329212,kunal.bose@email.com,"Flat 236, 87 Street, Saket, Delhi, Delhi - 516236",accountant,Accountant Corp,2025-01-24T00:00:00,verified,KYC_CORE_DB
KYC-316C17,P-32BFE8,Karan Joshi,1986-08-30,6843-6946-3904,,+918751844908,karan.joshi@email.com,"Flat 819, 72 Path, New Town, Kolkata, West Bengal - 367073",software_engineer,Software_engineer Corp,2025-04-05T00:00:00,verified,KYC_CORE_DB
KYC-D3E3A2,P-0BEF5B,Rajesh Banerjee,1997-02-04,6533-9805-7959,,+917760061815,rajesh.banerjee@email.com,"Flat 758, 99 Avenue, Dwarka Sector 10, Delhi, Delhi - 541955",software_engineer,Software_engineer Corp,2025-05-08T00:00:00,verified,KYC_CORE_DB
KYC-BD6C61,P-44FAA9,Sneha Bhatia,1963-04-15,3755-2095-6837,,+919957417909,sneha.bhatia@email.com,"Flat 737, 64 Road, Secunderabad, Hyderabad, Telangana - 501605",software_engineer,Software_engineer Corp,2025-02-22T00:00:00,verified,KYC_CORE_DB
KYC-B3F85D,P-865778,Meera Reddy,1982-07-23,5053-1916-2562,,+919483608578,meera.reddy@email.com,"Flat 585, 14 Marg, Connaught Place, Delhi, Delhi - 519732",student,Student Corp,2025-06-07T00:00:00,verified,KYC_CORE_DB
KYC-B41ECD,P-2A7A49,Sangeeta Banerjee,1995-03-19,6025-7460-1306,Z3839744,+919156733868,sangeeta.banerjee@email.com,"Flat 651, 10 Block, Bandra Kurla Complex, Mumbai, Maharashtra - 638623",lawyer,Lawyer Corp,2025-06-14T00:00:00,verified,KYC_CORE_DB
KYC-7BD9D5,P-C38C1C,J Mehta,1991-07-21,8719-9630-6222,,+917727950992,,"Flat 512, 80 Road, Hitec City, Hyderabad, Telangana - 175730",student,Student Corp,2025-05-09T00:00:00,verified,KYC_CORE_DB
KYC-AAD456,P-BC9351,Rahul Bose,1966-05-16,5866-9606-4517,,+919846147891,rahul.bose@email.com,"Flat 315, 83 Lane, Kurla, Mumbai, Maharashtra - 454499",software_engineer,Software_engineer Corp,2025-04-19T00:00:00,verified,KYC_CORE_DB
KYC-3D9487,P-ED48EB,Vikas Malhotra,1971-06-13,5083-5516-3355,,+918815211125,vikas.malhotra@email.com,"Flat 236, 87 Street, Saket, Delhi, Delhi - 516236",accountant,Accountant Corp,2025-02-22T00:00:00,verified,KYC_CORE_DB
KYC-E0E1C5,P-87FECA,Karan Bhatia,1967-06-18,2081-1500-7222,,+919779676344,karan.bhatia@email.com,"Flat 819, 72 Path, New Town, Kolkata, West Bengal - 367073",shop_owner,Shop_owner Corp,2025-03-12T00:00:00,verified,KYC_CORE_DB
KYC-DFF77B,P-D6F289,Harish Deshmukh,1999-11-16,6941-6051-2461,,+918867771570,harish.deshmukh@email.com,"Flat 688, 38 Nagar, Koramangala, Bengaluru, Karnataka - 610091",student,Student Corp,2025-03-03T00:00:00,verified,KYC_CORE_DB
KYC-CFF03C,P-31ADBA,Meera Iyer,1988-07-03,2286-8809-2082,,+919932151540,meera.iyer@email.com,"Flat 688, 38 Nagar, Koramangala, Bengaluru, Karnataka - 610091",retired,Retired Corp,2025-06-20T00:00:00,verified,KYC_CORE_DB
KYC-735E06,P-4D8135,Neha Malhotra,1989-05-19,5811-9820-9091,,+919848146528,neha.malhotra@email.com,"Flat 848, 2 Path, Secunderabad, Hyderabad, Telangana - 515276",retired,Retired Corp,2025-03-27T00:00:00,verified,KYC_CORE_DB
KYC-8C392A,P-7FF56D,Sunil Mishra,1987-09-13,4402-9839-7949,,+919448321275,sunil.mishra@email.com,"Flat 887, 97 Avenue, Andheri West, Mumbai, Maharashtra - 311128",customer_service,Customer_service Corp,2025-02-12T00:00:00,verified,KYC_CORE_DB
KYC-444242,P-DD9CC2,Sanjay Kulkarni,1993-01-24,5628-8184-1166,,+919781026669,sanjay.kulkarni@email.com,"Flat 645, 30 Nagar, New Town, Kolkata, West Bengal - 635345",software_engineer,Software_engineer Corp,2025-05-07T00:00:00,verified,KYC_CORE_DB
KYC-CD0757,P-E052BA,Sunita Patel,1973-03-19,9390-3834-8547,,+919790816426,sunita.patel@email.com,"Flat 796, 18 Block, MG Road, Bengaluru, Karnataka - 214264",customer_service,Customer_service Corp,2025-06-10T00:00:00,verified,KYC_CORE_DB
KYC-18ACD3,P-77A6F8,Naveen Rao,1981-12-07,4128-8402-8134,,+919849405929,naveen.rao@email.com,"Flat 688, 38 Nagar, Koramangala, Bengaluru, Karnataka - 610091",student,Student Corp,2025-04-18T00:00:00,verified,KYC_CORE_DB
KYC-63F7D9,P-396101,Rohan Rao,1988-02-29,6851-3422-1380,Z6555768,+917097730600,rohan.rao@email.com,"Flat 688, 38 Nagar, Koramangala, Bengaluru, Karnataka - 610091",high_net_worth,High_net_worth Corp,2025-05-09T00:00:00,verified,KYC_CORE_DB
KYC-B301D4,P-484E72,Rakesh Banerjee,1965-05-22,9066-1879-7366,Z6211611,+919312924436,rakesh.banerjee@email.com,"Flat 618, 96 Sector, Jayanagar, Bengaluru, Karnataka - 263362",high_net_worth,High_net_worth Corp,2025-01-30T00:00:00,verified,KYC_CORE_DB
KYC-8D04FD,P-871E95,Neha Malhotra,1965-02-08,6322-8801-4103,,+919958361046,neha.malhotra@email.com,"Flat 688, 38 Nagar, Koramangala, Bengaluru, Karnataka - 610091",shop_owner,Shop_owner Corp,2025-03-28T00:00:00,verified,KYC_CORE_DB
KYC-C61F28,P-1797B6,Chhotu Reddy,1983-04-19,9063-3123-1306,,+91 88775 07144,jyoti.reddy@email.com,"Flat 688, 38 Nagar, Koramangala, Bengaluru, Karnataka - 610091",customer_service,Customer_service Corp,2025-05-05T00:00:00,verified,KYC_CORE_DB
KYC-62B6A7,P-1A6D26,Sanjay Joshi,1987-03-07,6176-8368-8261,,+917079314862,sanjay.joshi@email.com,"Flat 287, 24 Sector, Powai, Mumbai, Maharashtra - 276926",retired,Retired Corp,2025-06-27T00:00:00,verified,KYC_CORE_DB
KYC-0CA168,P-715599,Sanjay Patel,1985-09-21,8998-2853-7521,,+918841833539,sanjay.patel@email.com,"Flat 613, 99 Sector, Whitefield, Bengaluru, Karnataka - 115496",shop_owner,Shop_owner Corp,2025-01-29T00:00:00,verified,KYC_CORE_DB
KYC-D0E74F,P-9CE47A,Rekha Deshmukh,1985-08-30,5562-3397-3204,Z9281778,+919818226674,rekha.deshmukh@email.com,"Flat 651, 10 Block, Bandra Kurla Complex, Mumbai, Maharashtra - 638623",business_owner,Business_owner Corp,2025-01-19T00:00:00,verified,KYC_CORE_DB
KYC-054E29,P-8B8296,Rahul Rao,1989-12-07,9595-8387-9819,,+919959054437,rahul.rao@email.com,"Flat 618, 96 Sector, Jayanagar, Bengaluru, Karnataka - 263362",shop_owner,Shop_owner Corp,2025-05-24T00:00:00,verified,KYC_CORE_DB
KYC-1AEE6E,P-8EB1FB,Sunita Patel,1990-04-07,6319-5432-3825,,+919910893290,sunita.patel@email.com,"Flat 287, 24 Sector, Powai, Mumbai, Maharashtra - 276926",retired,Retired Corp,2025-03-14T00:00:00,verified,KYC_CORE_DB
KYC-21DA14,P-478029,Deepak Bhatia,1973-04-27,5598-4761-1527,,+919991723167,deepak.bhatia@email.com,"Flat 661, 40 Colony, Jayanagar, Bengaluru, Karnataka - 464648",retired,Retired Corp,2025-05-06T00:00:00,verified,KYC_CORE_DB
KYC-0A7685,P-CEB019,Sunil Pandey,1986-12-21,3486-4515-3235,,+919365454064,sunil.pandey@email.com,"Flat 457, 43 Nagar, Koregaon Park, Pune, Maharashtra - 134948",accountant,Accountant Corp,2025-01-12T00:00:00,verified,KYC_CORE_DB
KYC-B2DF11,P-31FF1A,Amit Patel,2000-04-06,7652-1586-8981,,+919370241001,amit.patel@email.com,"Flat 645, 30 Nagar, New Town, Kolkata, West Bengal - 635345",retired,Retired Corp,2025-04-15T00:00:00,verified,KYC_CORE_DB
KYC-8E9E8B,P-854D06,Vikram Mehta,1980-01-21,7972-8991-4552,,+919313384347,vikram.mehta@email.com,"Flat 802, 19 Street, Colaba, Mumbai, Maharashtra - 528814",shop_owner,Shop_owner Corp,2025-06-22T00:00:00,verified,KYC_CORE_DB
KYC-F9AFC6,P-F0DE32,Shweta Deshmukh,1977-11-07,6741-3666-2437,,+919869417121,shweta.deshmukh@email.com,"Flat 315, 83 Lane, Kurla, Mumbai, Maharashtra - 454499",teacher,Teacher Corp,2025-04-05T00:00:00,verified,KYC_CORE_DB
KYC-5EB91E,P-EC10ED,Gaurav Deshmukh,1999-09-18,5865-1892-6081,,+919993065455,gaurav.deshmukh@email.com,"Flat 328, 7 Block, Alipore, Kolkata, West Bengal - 175779",accountant,Accountant Corp,2025-06-12T00:00:00,verified,KYC_CORE_DB
KYC-F5802F,P-1159B2,Pooja Malhotra,1993-10-22,2885-9526-2024,,+919129329633,pooja.malhotra@email.com,"Flat 848, 2 Path, Secunderabad, Hyderabad, Telangana - 515276",driver,Driver Corp,2025-05-31T00:00:00,verified,KYC_CORE_DB
KYC-B1323D,P-A2AF57,Sanjay Patel,1981-11-03,5016-9608-9362,Z3512674,+919329591923,sanjay.patel@email.com,"Flat 287, 24 Sector, Powai, Mumbai, Maharashtra - 276926",business_owner,Business_owner Corp,2025-04-11T00:00:00,verified,KYC_CORE_DB
KYC-A7A12A,P-F07C02,Priya Saxena,1971-08-22,6532-8277-6232,,+919914946208,priya.saxena@email.com,"Flat 319, 37 Path, Electronic City, Bengaluru, Karnataka - 519560",retired,Retired Corp,2025-01-17T00:00:00,verified,KYC_CORE_DB
KYC-7912DD,P-647338,Shweta Patel,1974-12-21,4427-5325-5042,,+917021299743,shweta.patel@email.com,"Flat 688, 38 Nagar, Koramangala, Bengaluru, Karnataka - 610091",student,Student Corp,2025-04-03T00:00:00,verified,KYC_CORE_DB
KYC-05B922,P-680AAD,Rahul Rao,1985-09-01,3498-9556-3032,,+919115428546,rahul.rao@email.com,"Flat 145, 46 Nagar, Ballygunge, Kolkata, West Bengal - 123601",unemployed,,2025-04-01T00:00:00,verified,KYC_CORE_DB
KYC-D55856,P-CC3A8E,Sunil Patel,1987-11-09,9894-7368-5733,,+91 97883 77255,sunil.patel@email.com,"Flat 796, 18 Block, MG Road, Bengaluru, Karnataka - 214264",customer_service,Customer_service Corp,2025-01-03T00:00:00,verified,KYC_CORE_DB
KYC-26F69F,P-CAA0E8,Priya Kapoor,1983-09-10,5109-2155-7973,,+91 87530 05570,priya.kapoor@email.com,"Flat 140, 35 Marg, Juhu, Mumbai, Maharashtra - 507541",driver,Driver Corp,2025-03-17T00:00:00,verified,KYC_CORE_DB
KYC-157AB7,P-72D48E,Pooja Bhatia,1988-04-19,9195-1640-4628,Z5721025,+917083563947,pooja.bhatia@email.com,"Flat 145, 46 Nagar, Ballygunge, Kolkata, West Bengal - 123601",high_net_worth,High_net_worth Corp,2025-02-12T00:00:00,verified,KYC_CORE_DB
KYC-45D6B0,P-1C6717,Manoj Aggarwal,1987-09-27,9432-6576-9557,,+919122910670,manoj.aggarwal@email.com,"Flat 319, 37 Path, Electronic City, Bengaluru, Karnataka - 519560",retired,Retired Corp,2025-05-25T00:00:00,verified,KYC_CORE_DB
KYC-5D2C2B,P-0F661D,Meera Saxena,1976-09-09,3669-6135-1648,Z1650000,+917076284266,meera.saxena@email.com,"Flat 688, 38 Nagar, Koramangala, Bengaluru, Karnataka - 610091",business_owner,Business_owner Corp,2025-06-29T00:00:00,verified,KYC_CORE_DB
KYC-ECC121,P-91EC05,Ritu Nair,1981-11-01,9068-2140-3431,,+91 91539 56024,ritu.nair@email.com,"Flat 236, 87 Street, Saket, Delhi, Delhi - 516236",customer_service,Customer_service Corp,2025-04-22T00:00:00,verified,KYC_CORE_DB
KYC-837DB4,P-6EC2C0,Priya Bhatia,2001-06-28,6876-3949-7494,,+919148040413,priya.bhatia@email.com,"Flat 145, 46 Nagar, Ballygunge, Kolkata, West Bengal - 123601",unemployed,,2025-03-17T00:00:00,verified,KYC_CORE_DB
KYC-41D2BA,P-C2FE86,Meera Pandey,1992-01-14,7090-2939-6736,,+919376735754,,"Flat 364, 14 Lane, Juhu, Mumbai, Maharashtra - 203993",software_engineer,Software_engineer Corp,2025-05-25T00:00:00,verified,KYC_CORE_DB
KYC-DCD582,P-A77258,Arun Patel,1994-10-07,5994-2173-4024,,+919349072213,arun.patel@email.com,"Flat 319, 37 Path, Electronic City, Bengaluru, Karnataka - 519560",software_engineer,Software_engineer Corp,2025-04-25T00:00:00,verified,KYC_CORE_DB
KYC-72220D,P-6F9E76,Suresh Malhotra,1984-10-13,4674-6834-4106,,+919462246047,suresh.malhotra@email.com,"Flat 203, 42 Road, Colaba, Mumbai, Maharashtra - 365199",software_engineer,Software_engineer Corp,2025-01-16T00:00:00,verified,KYC_CORE_DB
KYC-417EA4,P-846D36,Arun Nair,1983-04-26,7823-4541-2833,,+919944226364,arun.nair@email.com,"Flat 371, 27 Path, HSR Layout, Bengaluru, Karnataka - 527512",student,Student Corp,2025-02-08T00:00:00,verified,KYC_CORE_DB
KYC-D14506,P-5B415F,Manoj Iyer,1987-04-14,6409-5985-7941,,+91 97244 93173,manoj.iyer@email.com,"Flat 203, 42 Road, Colaba, Mumbai, Maharashtra - 365199",customer_service,Customer_service Corp,2025-04-27T00:00:00,verified,KYC_CORE_DB
KYC-AF32BD,P-276290,Sunil G.,1983-04-15,4210-5878-7518,,+91 98136 86099,sunil.gupta@email.com,"Flat 255, 58 Nagar, Gachibowli, Hyderabad, Telangana - 297051",teacher,Teacher Corp,2025-03-20T00:00:00,verified,KYC_CORE_DB
KYC-CB603D,P-7E4396,Sunita Mehta,1971-04-24,3734-4023-1839,,+919984270250,sunita.mehta@email.com,"Flat 287, 24 Sector, Powai, Mumbai, Maharashtra - 276926",shop_owner,Shop_owner Corp,2025-03-04T00:00:00,verified,KYC_CORE_DB
KYC-B69AA2,P-22728E,Rahul Jain,1995-01-01,4557-6090-3808,,+919914112250,rahul.jain@email.com,"Flat 613, 99 Sector, Whitefield, Bengaluru, Karnataka - 115496",accountant,Accountant Corp,2025-06-22T00:00:00,verified,KYC_CORE_DB
KYC-CCF532,P-31C81F,Praveen Sharma,1984-06-03,5854-1184-7735,,+918721782106,praveen.sharma@email.com,"Flat 725, 93 Street, Juhu, Mumbai, Maharashtra - 451458",unemployed,,2025-03-26T00:00:00,verified,KYC_CORE_DB
KYC-6AB619,P-EDFAF4,S Bose,1992-12-02,2067-2228-9622,,+919112121744,sneha.bose@email.com,"Flat 688, 38 Nagar, Koramangala, Bengaluru, Karnataka - 610091",customer_service,Customer_service Corp,2025-02-09T00:00:00,verified,KYC_CORE_DB
KYC-B86DED,P-362D63,Vikas Patel,1985-01-11,2491-7313-8265,,+919150015465,vikas.patel@email.com,"Flat 333, 76 Colony, Aundh, Pune, Maharashtra - 277803",retired,Retired Corp,2025-05-27T00:00:00,verified,KYC_CORE_DB
KYC-189E1A,P-FA1901,Rajesh Sharma,1983-02-05,8976-6313-5869,,+919396372799,rajesh.sharma@email.com,"Flat 143, 98 Colony, Secunderabad, Hyderabad, Telangana - 519717",software_engineer,Software_engineer Corp,2025-05-03T00:00:00,verified,KYC_CORE_DB
KYC-6AD627,P-3DC697,Kunal Jain,1986-02-02,5919-4310-3970,,+917056469898,kunal.jain@email.com,"Flat 203, 42 Road, Colaba, Mumbai, Maharashtra - 365199",software_engineer,Software_engineer Corp,2025-03-13T00:00:00,verified,KYC_CORE_DB
KYC-8ED44E,P-F8EF0C,Shweta N.,1974-09-25,9827-7573-1453,,+919880524634,shweta.nair@email.com,"Flat 629, 51 Lane, Saket, Delhi, Delhi - 333905",shop_owner,Shop_owner Corp,2025-05-27T00:00:00,verified,KYC_CORE_DB
KYC-FC624B,P-099D50,Arun Joshi,1983-04-27,7932-5292-6187,,+91 77905 46770,arun.joshi@email.com,"Flat 359, 47 Street, Powai, Mumbai, Maharashtra - 540701",software_engineer,Software_engineer Corp,2025-03-14T00:00:00,verified,KYC_CORE_DB
KYC-00A90B,P-3E962E,Chhotu Iyer,1973-05-08,4924-1089-3311,,+917074799391,divya.iyer@email.com,"Flat 611, 22 Lane, Koregaon Park, Pune, Maharashtra - 234469",accountant,Accountant Corp,2025-06-07T00:00:00,verified,KYC_CORE_DB
KYC-77E159,P-E8F757,Neha Pandey,1960-09-09,5374-8385-5452,,+91 88847 80609,neha.pandey@email.com,"Flat 613, 99 Sector, Whitefield, Bengaluru, Karnataka - 115496",accountant,Accountant Corp,2025-03-04T00:00:00,verified,KYC_CORE_DB
KYC-5DF4EF,P-354AF1,Neha Bose,1975-04-30,4165-7305-4524,,+917029174016,neha.bose@email.com,"Flat 725, 93 Street, Juhu, Mumbai, Maharashtra - 451458",customer_service,Customer_service Corp,2025-01-31T00:00:00,verified,KYC_CORE_DB
KYC-834E29,P-12CCF5,Karan Saxena,1976-09-07,4453-8946-5688,,+91 98427 40023,karan.saxena@email.com,"Flat 145, 46 Nagar, Ballygunge, Kolkata, West Bengal - 123601",customer_service,Customer_service Corp,2025-02-11T00:00:00,verified,KYC_CORE_DB
KYC-A2D9FE,P-6755A6,Priya Rao,1983-03-08,2383-2004-5529,,+918860899610,priya.rao@email.com,"Flat 474, 82 Lane, Goregaon East, Mumbai, Maharashtra - 221523",unemployed,,2025-06-02T00:00:00,verified,KYC_CORE_DB
KYC-A5784D,P-ED58EC,Neha Iyer,1972-07-27,5261-4273-3618,Z6445866,+919830663215,neha.iyer@email.com,"Flat 287, 24 Sector, Powai, Mumbai, Maharashtra - 276926",business_owner,Business_owner Corp,2025-04-29T00:00:00,verified,KYC_CORE_DB
KYC-2D1263,P-069EF0,Amit Pandey,1964-09-22,7357-3010-5660,,+919854867854,amit.pandey@email.com,"Flat 457, 43 Nagar, Koregaon Park, Pune, Maharashtra - 134948",student,Student Corp,2025-05-22T00:00:00,verified,KYC_CORE_DB
KYC-E84D5A,P-02CE05,Sanjay Kulkarni,2000-08-14,3709-7089-2978,,+919813600725,sanjay.kulkarni@email.com,"Flat 725, 93 Street, Juhu, Mumbai, Maharashtra - 451458",software_engineer,Software_engineer Corp,2025-04-01T00:00:00,verified,KYC_CORE_DB
KYC-D45DE8,P-698774,Tarun Sharma,1984-12-08,8812-3277-6298,Z2025050,+91 97169 45099,tarun.sharma@email.com,"Flat 328, 7 Block, Alipore, Kolkata, West Bengal - 175779",business_owner,Business_owner Corp,2025-06-07T00:00:00,verified,KYC_CORE_DB
KYC-1EBE9A,P-A7FD9A,S. Patel,1982-09-17,6440-2440-7093,,+91 93351 69047,sangeeta.patel@email.com,"Flat 720, 43 Path, Hebbal, Bengaluru, Karnataka - 546479",student,Student Corp,2025-06-30T00:00:00,verified,KYC_CORE_DB
KYC-C50A8A,P-52694D,Rekha Mehta,1977-01-12,6776-7172-6515,,+917024085072,rekha.mehta@email.com,"Flat 758, 99 Avenue, Dwarka Sector 10, Delhi, Delhi - 541955",shop_owner,Shop_owner Corp,2025-03-18T00:00:00,verified,KYC_CORE_DB
KYC-E3B110,P-8C0373,Neha Bhatia,1967-07-03,5530-9040-4763,Z8545147,+919190261048,neha.bhatia@email.com,"Flat 474, 82 Lane, Goregaon East, Mumbai, Maharashtra - 221523",lawyer,Lawyer Corp,2025-06-27T00:00:00,verified,KYC_CORE_DB
KYC-DE78E8,P-07AACB,Shweta Singh,1995-10-26,7925-9179-5584,,+918752557992,shweta.singh@email.com,"Flat 848, 2 Path, Secunderabad, Hyderabad, Telangana - 515276",retired,Retired Corp,2025-04-29T00:00:00,verified,KYC_CORE_DB
KYC-5932C9,P-0AB623,Shweta Saxena,1989-06-20,9062-4900-8395,,+918839343713,shweta.saxena@email.com,"Flat 203, 42 Road, Colaba, Mumbai, Maharashtra - 365199",software_engineer,Software_engineer Corp,2025-01-27T00:00:00,verified,KYC_CORE_DB
KYC-736175,P-ECB750,Manish Singh,1982-06-22,5307-9945-1947,,+917781429976,manish.singh@email.com,"Flat 203, 42 Road, Colaba, Mumbai, Maharashtra - 365199",customer_service,Customer_service Corp,2025-05-03T00:00:00,verified,KYC_CORE_DB
KYC-2933E4,P-F103F7,Manish Aggarwal,1990-05-31,5635-8243-4409,,+919439526036,manish.aggarwal@email.com,"Flat 629, 51 Lane, Saket, Delhi, Delhi - 333905",unemployed,,2025-01-17T00:00:00,verified,KYC_CORE_DB
KYC-0B6CC8,P-3F1CB1,Anita Mehta,1991-08-01,9489-7395-3464,Z3294169,+919114959140,anita.mehta@email.com,"Flat 410, 96 Sector, Kurla, Mumbai, Maharashtra - 232008",business_owner,Business_owner Corp,2025-03-14T00:00:00,verified,KYC_CORE_DB
KYC-2B6CF9,P-BB13B1,V Saxena,1996-07-20,3656-3349-2952,,+919854031490,vikram.saxena@email.com,"Flat 203, 42 Road, Colaba, Mumbai, Maharashtra - 365199",shop_owner,Shop_owner Corp,2025-02-22T00:00:00,verified,KYC_CORE_DB
KYC-A3370F,P-E30292,Neha Gupta,1976-12-06,5774-2854-9392,,+91 88986 39757,neha.gupta@email.com,"Flat 724, 62 Lane, Begumpet, Hyderabad, Telangana - 662679",teacher,Teacher Corp,2025-02-17T00:00:00,verified,KYC_CORE_DB
KYC-83EF57,P-E10EBD,Abhishek Joshi,1977-04-01,7108-9431-6255,Z4502947,+919358585344,abhishek.joshi@email.com,"Flat 661, 40 Colony, Jayanagar, Bengaluru, Karnataka - 464648",business_owner,Business_owner Corp,2025-01-30T00:00:00,verified,KYC_CORE_DB
KYC-87B8D3,P-DA576F,Anjali Chopra,1998-01-26,2396-7904-2617,,+919790341208,anjali.chopra@email.com,"Flat 145, 46 Nagar, Ballygunge, Kolkata, West Bengal - 123601",shop_owner,Shop_owner Corp,2025-03-01T00:00:00,verified,KYC_CORE_DB
KYC-057353,P-6F87AA,Harish Chopra,1963-10-23,5726-2528-4628,,+919844347395,harish.chopra@email.com,"Flat 848, 2 Path, Secunderabad, Hyderabad, Telangana - 515276",student,Student Corp,2025-06-13T00:00:00,verified,KYC_CORE_DB
KYC-6A4B13,P-B2E637,Anjali Malhotra,1987-12-10,6774-2544-8391,Z4336287,+918774200974,anjali.malhotra@email.com,"Flat 410, 96 Sector, Kurla, Mumbai, Maharashtra - 232008",lawyer,Lawyer Corp,2025-01-15T00:00:00,verified,KYC_CORE_DB
KYC-07CFBD,P-4A9816,Harish Gupta,1972-09-09,6081-7160-6657,,+919759898114,harish.gupta@email.com,"Flat 802, 19 Street, Colaba, Mumbai, Maharashtra - 528814",customer_service,Customer_service Corp,2025-05-04T00:00:00,verified,KYC_CORE_DB
KYC-72AE8D,P-ED5AE2,Rekha Yadav,1979-01-20,7230-4841-4807,,+918769317575,rekha.yadav@email.com,"Flat 811, 10 Block, Lajpat Nagar, Delhi, Delhi - 533843",shop_owner,Shop_owner Corp,2025-01-06T00:00:00,verified,KYC_CORE_DB
KYC-F88C92,P-2F98F9,Sunil Banerjee,1994-02-10,7989-3903-3864,,+919153415189,sunil.banerjee@email.com,"Flat 205, 23 Lane, Hebbal, Bengaluru, Karnataka - 165300",driver,Driver Corp,2025-01-15T00:00:00,verified,KYC_CORE_DB
KYC-8BD658,P-4DDF0B,Ritu Nair,1970-12-14,5911-9692-7316,Z3952022,+919728736969,ritu.nair@email.com,"Flat 166, 14 Sector, MG Road, Bengaluru, Karnataka - 478072",lawyer,Lawyer Corp,2025-03-21T00:00:00,verified,KYC_CORE_DB
KYC-0EEC9A,P-1CDB2F,Karan Mehta,1989-12-14,7115-8865-4593,,+918896372762,karan.mehta@email.com,"Flat 474, 82 Lane, Goregaon East, Mumbai, Maharashtra - 221523",teacher,Teacher Corp,2025-05-20T00:00:00,verified,KYC_CORE_DB
KYC-668339,P-485510,Anjali Saxena,1968-04-12,9164-3468-8288,,+917722106096,,"Flat 359, 47 Street, Powai, Mumbai, Maharashtra - 540701",student,Student Corp,2025-02-14T00:00:00,verified,KYC_CORE_DB
KYC-FDAFA5,P-ABC35E,Vikram Singh,1975-06-09,4211-3540-4009,,+919467510457,vikram.singh@email.com,"Flat 315, 83 Lane, Kurla, Mumbai, Maharashtra - 454499",customer_service,Customer_service Corp,2025-03-01T00:00:00,verified,KYC_CORE_DB
KYC-708CC6,P-A49D96,Arun Bose,1964-03-24,7489-8848-8771,,+919957482254,arun.bose@email.com,"Flat 629, 51 Lane, Saket, Delhi, Delhi - 333905",customer_service,Customer_service Corp,2025-04-25T00:00:00,verified,KYC_CORE_DB
KYC-8F7CEB,P-D26146,Kunal Singh,1979-03-30,4109-4954-9002,Z2707385,+91 87836 03789,kunal.singh@email.com,"Flat 512, 80 Road, Hitec City, Hyderabad, Telangana - 175730",lawyer,Lawyer Corp,2025-01-12T00:00:00,verified,KYC_CORE_DB
KYC-05F328,P-532703,Sneha Bose,1984-07-24,7140-9370-3535,,+919722167330,sneha.bose@email.com,"Flat 758, 99 Avenue, Dwarka Sector 10, Delhi, Delhi - 541955",retired,Retired Corp,2025-03-07T00:00:00,verified,KYC_CORE_DB
KYC-56CC05,P-36465C,Rekha Sharma,1992-05-28,2775-3721-5936,,+919373459612,rekha.sharma@email.com,"Flat 140, 35 Marg, Juhu, Mumbai, Maharashtra - 507541",unemployed,,2025-01-23T00:00:00,verified,KYC_CORE_DB
KYC-50CADC,P-83F77E,Manoj Jain,1986-12-15,2805-1405-6625,,+91 93307 78544,,"Flat 205, 23 Lane, Hebbal, Bengaluru, Karnataka - 165300",accountant,Accountant Corp,2025-05-04T00:00:00,verified,KYC_CORE_DB
KYC-AE175E,P-06A5BA,Sunita Deshmukh,1965-11-06,7562-5665-8742,,+919810014489,sunita.deshmukh@email.com,"Flat 457, 43 Nagar, Koregaon Park, Pune, Maharashtra - 134948",software_engineer,Software_engineer Corp,2025-02-04T00:00:00,verified,KYC_CORE_DB
KYC-72EB66,P-BFA869,Anjali Patel,1997-03-16,2120-4444-1562,,+919797923913,anjali.patel@email.com,"Flat 512, 80 Road, Hitec City, Hyderabad, Telangana - 175730",accountant,Accountant Corp,2025-06-07T00:00:00,verified,KYC_CORE_DB
KYC-60A5D3,P-5C8D6A,Ananya Bose,1969-10-13,7945-1395-8989,,+919322011702,ananya.bose@email.com,"Flat 725, 93 Street, Juhu, Mumbai, Maharashtra - 451458",unemployed,,2025-01-28T00:00:00,verified,KYC_CORE_DB
KYC-F90A2B,P-C93C55,Vikram Joshi,1974-06-23,5404-7486-8716,,+919495816117,,"Flat 796, 18 Block, MG Road, Bengaluru, Karnataka - 214264",driver,Driver Corp,2025-04-15T00:00:00,verified,KYC_CORE_DB
KYC-8B81D7,P-2722CB,Kunal Deshmukh,1972-06-21,4653-6374-4553,,+917795916122,kunal.deshmukh@email.com,"Flat 688, 38 Nagar, Koramangala, Bengaluru, Karnataka - 610091",retired,Retired Corp,2025-02-24T00:00:00,verified,KYC_CORE_DB
KYC-5085BB,P-7744EC,Deepika Kulkarni,1983-10-09,8137-6238-5084,Z7021700,+919854812448,deepika.kulkarni@email.com,"Flat 474, 82 Lane, Goregaon East, Mumbai, Maharashtra - 221523",lawyer,Lawyer Corp,2025-06-24T00:00:00,verified,KYC_CORE_DB
KYC-83D413,P-399545,Manish Mehta,1982-07-27,9280-4057-3390,,+919498161791,manish.mehta@email.com,"Flat 205, 23 Lane, Hebbal, Bengaluru, Karnataka - 165300",teacher,Teacher Corp,2025-06-19T00:00:00,verified,KYC_CORE_DB
KYC-0C41E8,P-6A0ECD,Rahul Nair,1966-11-02,6706-9328-9147,,+919765116712,rahul.nair@email.com,"Flat 122, 59 Lane, Banjara Hills, Hyderabad, Telangana - 378816",unemployed,,2025-02-21T00:00:00,verified,KYC_CORE_DB
KYC-D98E01,P-38D83F,Manoj Chopra,1968-02-11,7653-8288-2782,,+917786540415,manoj.chopra@email.com,"Flat 236, 87 Street, Saket, Delhi, Delhi - 516236",accountant,Accountant Corp,2025-02-18T00:00:00,verified,KYC_CORE_DB
KYC-210084,P-82B39F,Neha Nair,2001-03-01,3900-7871-8830,,+918775597145,neha.nair@email.com,"Flat 486, 65 Nagar, Rohini, Delhi, Delhi - 458475",retired,Retired Corp,2025-04-04T00:00:00,verified,KYC_CORE_DB
KYC-E09776,P-A99473,Kunal Patel,1978-01-22,4700-9749-5365,,+91 94253 37416,kunal.patel@email.com,"Flat 457, 43 Nagar, Koregaon Park, Pune, Maharashtra - 134948",student,Student Corp,2025-02-05T00:00:00,verified,KYC_CORE_DB
KYC-57ABAA,P-EB88BA,Shweta S.,1968-08-07,6468-7612-8505,,+919143684500,shweta.saxena@email.com,"Flat 167, 51 Block, Lajpat Nagar, Delhi, Delhi - 673679",customer_service,Customer_service Corp,2025-01-01T00:00:00,verified,KYC_CORE_DB
KYC-A4CD8A,P-6F4227,R. Patel,1968-07-02,7444-1164-7661,,+919149533198,rohan.patel@email.com,"Flat 651, 10 Block, Bandra Kurla Complex, Mumbai, Maharashtra - 638623",accountant,Accountant Corp,2025-06-20T00:00:00,verified,KYC_CORE_DB
KYC-E1BF2C,P-64032D,Sunil Gupta,2001-11-05,2112-9459-3848,,+91 87395 17563,sunil.gupta@email.com,"Flat 205, 23 Lane, Hebbal, Bengaluru, Karnataka - 165300",student,Student Corp,2025-04-09T00:00:00,verified,KYC_CORE_DB
KYC-37D44E,P-8F7BF9,Priya Rao,1985-12-10,2146-1456-6728,,+917086363352,priya.rao@email.com,"Flat 898, 50 Colony, Chandni Chowk, Delhi, Delhi - 462433",accountant,Accountant Corp,2025-06-09T00:00:00,verified,KYC_CORE_DB
KYC-8DC3CF,P-305F8F,Sneha Malhotra,1981-05-18,8621-4681-2421,,+919884020644,sneha.malhotra@email.com,"Flat 618, 96 Sector, Jayanagar, Bengaluru, Karnataka - 263362",customer_service,Customer_service Corp,2025-01-14T00:00:00,verified,KYC_CORE_DB
KYC-EC2861,P-63DCBA,Vikas Gupta,1995-02-11,6095-4962-9921,Z8722356,+919349909860,,"Flat 205, 23 Lane, Hebbal, Bengaluru, Karnataka - 165300",lawyer,Lawyer Corp,2025-03-09T00:00:00,verified,KYC_CORE_DB
KYC-35B793,P-13BAC4,Kavita Yadav,1997-05-16,5947-7202-3338,,+918749629523,kavita.yadav@email.com,"Flat 504, 16 Colony, Connaught Place, Delhi, Delhi - 389041",customer_service,Customer_service Corp,2025-05-11T00:00:00,verified,KYC_CORE_DB
KYC-5B499C,P-FBD1DA,Tarun Mishra,1963-02-22,8634-1854-5295,,+919318629536,tarun.mishra@email.com,"Flat 591, 81 Block, HSR Layout, Bengaluru, Karnataka - 140882",student,Student Corp,2025-03-24T00:00:00,verified,KYC_CORE_DB
KYC-CA8605,P-E77551,Ritu Sharma,1979-07-15,6883-8286-5629,,+919739178317,ritu.sharma@email.com,"Flat 430, 51 Block, Hebbal, Bengaluru, Karnataka - 144572",shop_owner,Shop_owner Corp,2025-01-21T00:00:00,verified,KYC_CORE_DB
KYC-2B092B,P-7F3706,Sunita Malhotra,1999-03-14,5597-2568-1661,,+919125220481,sunita.malhotra@email.com,"Flat 611, 22 Lane, Koregaon Park, Pune, Maharashtra - 234469",shop_owner,Shop_owner Corp,2025-03-03T00:00:00,verified,KYC_CORE_DB
KYC-BE2F30,P-DE521D,Neha Bose,1999-02-27,5802-5654-4345,,+918799553124,neha.bose@email.com,"Flat 613, 99 Sector, Whitefield, Bengaluru, Karnataka - 115496",shop_owner,Shop_owner Corp,2025-06-21T00:00:00,verified,KYC_CORE_DB
KYC-0403A3,P-0AE77A,Praveen Joshi,1992-05-18,2589-4799-9099,Z3733647,+919136996137,praveen.joshi@email.com,"Flat 457, 43 Nagar, Koregaon Park, Pune, Maharashtra - 134948",lawyer,Lawyer Corp,2025-03-15T00:00:00,verified,KYC_CORE_DB
KYC-E35D99,P-496ACB,Rakesh Mehta,1984-05-03,8546-9640-3598,,+918832662918,rakesh.mehta@email.com,"Flat 645, 30 Nagar, New Town, Kolkata, West Bengal - 635345",customer_service,Customer_service Corp,2025-01-03T00:00:00,verified,KYC_CORE_DB
KYC-475BED,P-23A418,Meera Chopra,1994-03-26,9972-7556-7123,,+919998431351,meera.chopra@email.com,"Flat 122, 59 Lane, Banjara Hills, Hyderabad, Telangana - 378816",customer_service,Customer_service Corp,2025-03-18T00:00:00,verified,KYC_CORE_DB
KYC-460085,P-79C3E9,Pooja Yadav,1981-11-23,5365-4847-4996,,+919993954768,pooja.yadav@email.com,"Flat 725, 93 Street, Juhu, Mumbai, Maharashtra - 451458",customer_service,Customer_service Corp,2025-02-02T00:00:00,verified,KYC_CORE_DB
KYC-62E0CA,P-BB314A,Anita B.,2002-11-08,3645-3811-7678,,+917052640844,anita.banerjee@email.com,"Flat 611, 22 Lane, Koregaon Park, Pune, Maharashtra - 234469",accountant,Accountant Corp,2025-01-17T00:00:00,verified,KYC_CORE_DB
KYC-6295DD,P-B87076,Sanjay Malhotra,1977-06-17,7414-3746-6167,,+918714055149,sanjay.malhotra@email.com,"Flat 203, 42 Road, Colaba, Mumbai, Maharashtra - 365199",retired,Retired Corp,2025-06-03T00:00:00,verified,KYC_CORE_DB
KYC-17E2DC,P-E9A1F3,M Joshi,1959-12-04,3034-4487-1134,,+919312522022,meera.joshi@email.com,"Flat 651, 10 Block, Bandra Kurla Complex, Mumbai, Maharashtra - 638623",software_engineer,Software_engineer Corp,2025-05-15T00:00:00,verified,KYC_CORE_DB
KYC-47447D,P-1B59DC,Harish Malhotra,1986-09-05,7123-4503-8844,,+918882716179,harish.malhotra@email.com,"Flat 205, 23 Lane, Hebbal, Bengaluru, Karnataka - 165300",shop_owner,Shop_owner Corp,2025-03-07T00:00:00,verified,KYC_CORE_DB
KYC-C7F2A6,P-204025,Deepak Yadav,1986-02-17,3397-8429-4223,,+919975399101,deepak.yadav@email.com,"Flat 758, 99 Avenue, Dwarka Sector 10, Delhi, Delhi - 541955",student,Student Corp,2025-05-16T00:00:00,verified,KYC_CORE_DB
KYC-F2902B,P-1F3BAE,Pooja Sharma,1975-11-06,5510-5860-6811,,+919865486414,pooja.sharma@email.com,"Flat 255, 58 Nagar, Gachibowli, Hyderabad, Telangana - 297051",driver,Driver Corp,2025-05-26T00:00:00,verified,KYC_CORE_DB
KYC-EE81C4,P-75C966,Naveen Chopra,1985-08-22,5680-5302-7194,,+919360314776,naveen.chopra@email.com,"Flat 230, 5 Street, HSR Layout, Bengaluru, Karnataka - 580586",accountant,Accountant Corp,2025-04-28T00:00:00,verified,KYC_CORE_DB
KYC-1973F3,P-ED2D41,Manish Jain,1995-09-22,9183-9146-8413,,+91 93798 55319,manish.jain@email.com,"Flat 544, 63 Avenue, Secunderabad, Hyderabad, Telangana - 562852",student,Student Corp,2025-01-02T00:00:00,verified,KYC_CORE_DB
KYC-C61C30,P-DCB5EB,Shweta Rao,1997-07-03,9229-4622-1812,,+917746061780,shweta.rao@email.com,"Flat 618, 96 Sector, Jayanagar, Bengaluru, Karnataka - 263362",teacher,Teacher Corp,2025-06-21T00:00:00,verified,KYC_CORE_DB
KYC-C79974,P-5A5695,Anjali Bhatia,2001-02-14,4760-6607-8722,,+919428652075,anjali.bhatia@email.com,"Flat 688, 38 Nagar, Koramangala, Bengaluru, Karnataka - 610091",unemployed,,2025-03-06T00:00:00,verified,KYC_CORE_DB
KYC-204AEF,P-8D42C7,Deepika Reddy,1982-11-05,7024-8814-2365,,+919720235077,deepika.reddy@email.com,"Flat 140, 35 Marg, Juhu, Mumbai, Maharashtra - 507541",software_engineer,Software_engineer Corp,2025-02-24T00:00:00,verified,KYC_CORE_DB
KYC-52E855,P-9D570E,Manish Reddy,1995-01-02,3830-9297-3368,,+919160957062,manish.reddy@email.com,"Flat 887, 97 Avenue, Andheri West, Mumbai, Maharashtra - 311128",student,Student Corp,2025-01-17T00:00:00,verified,KYC_CORE_DB
KYC-FC3858,P-0475CE,Jyoti Bhatia,1976-03-14,8390-4637-9756,,+919131100290,jyoti.bhatia@email.com,"Flat 143, 98 Colony, Secunderabad, Hyderabad, Telangana - 519717",shop_owner,Shop_owner Corp,2025-06-01T00:00:00,verified,KYC_CORE_DB
KYC-A846F1,P-71ED91,Sneha Bose,1977-08-25,2128-2603-6051,,+918791289569,,"Flat 651, 10 Block, Bandra Kurla Complex, Mumbai, Maharashtra - 638623",teacher,Teacher Corp,2025-04-16T00:00:00,verified,KYC_CORE_DB
KYC-513416,P-8557E2,Meera Saxena,1998-11-06,7517-2025-9328,,+919751879733,meera.saxena@email.com,"Flat 725, 93 Street, Juhu, Mumbai, Maharashtra - 451458",shop_owner,Shop_owner Corp,2025-04-24T00:00:00,verified,KYC_CORE_DB
KYC-8D4C90,P-5A5E9B,Rahul Aggarwal,1986-12-09,6226-3671-7745,,+918885305787,rahul.aggarwal@email.com,"Flat 287, 24 Sector, Powai, Mumbai, Maharashtra - 276926",shop_owner,Shop_owner Corp,2025-04-24T00:00:00,verified,KYC_CORE_DB
KYC-B531FA,P-49EBF3,Sunita Aggarwal,1971-09-02,4104-5459-2740,,+919818766676,sunita.aggarwal@email.com,"Flat 737, 64 Road, Secunderabad, Hyderabad, Telangana - 501605",shop_owner,Shop_owner Corp,2025-06-27T00:00:00,verified,KYC_CORE_DB
KYC-1C1269,P-5CDFFF,Gaurav Deshmukh,1996-06-12,7410-7341-8164,,+919829445887,gaurav.deshmukh@email.com,"Flat 820, 51 Block, Hadapsar, Pune, Maharashtra - 563845",customer_service,Customer_service Corp,2025-03-13T00:00:00,verified,KYC_CORE_DB
