event_id,vehicle_id,timestamp,location_id,event_type,source_id
VEHEV-51F2FB4EE1,VEH-2F680E,2025-01-01T01:56:49,LOC-B8654D,toll_crossing,TRAFFIC_ANPR_NETWORK
VEHEV-1987FBBB12,VEH-896AF4,2025-01-01T05:04:21,LOC-C609DC,parking_entry,TRAFFIC_ANPR_NETWORK
VEHEV-1D8868C50B,VEH-BD0766,2025-01-01T09:25:03,LOC-6B641B,parking_entry,TRAFFIC_ANPR_NETWORK
VEHEV-A911F06549,VEH-90408C,2025-01-01T17:00:42,LOC-564023,parking_entry,TRAFFIC_ANPR_NETWORK
VEHEV-21C9050398,VEH-1619C7,2025-01-02T02:04:35,LOC-CBE54C,anpr_capture,TRAFFIC_ANPR_NETWORK
VEHEV-0F77E09179,VEH-B7338E,2025-01-02T18:38:36,LOC-1A1F14,parking_entry,TRAFFIC_ANPR_NETWORK
VEHEV-196A963F4A,VEH-8D24D5,2025-01-03T05:22:07,LOC-B8654D,parking_entry,TRAFFIC_ANPR_NETWORK
VEHEV-C59DD3CEF5,VEH-C72BE9,2025-01-03T06:27:27,LOC-443CDE,anpr_capture,TRAFFIC_ANPR_NETWORK
VEHEV-903541CFB3,VEH-D4E1BE,2025-01-03T11:28:22,LOC-166DD6,parking_entry,TRAFFIC_ANPR_NETWORK
VEHEV-28F0BE4E39,VEH-2C9AEF,2025-01-03T12:29:52,LOC-8F9B34,anpr_capture,TRAFFIC_ANPR_NETWORK
VEHEV-8CE20C4803,VEH-C27FD9,2025-01-03T20:48:19,LOC-28DFA2,parking_entry,TRAFFIC_ANPR_NETWORK
VEHEV-029EA9DC08,VEH-15EC0F,2025-01-04T03:07:21,LOC-49A6DB,anpr_capture,TRAFFIC_ANPR_NETWORK
VEHEV-4D171302FA,VEH-1A67C1,2025-01-04T06:26:23,LOC-550AE8,toll_crossing,TRAFFIC_ANPR_NETWORK
VEHEV-7C27FE36D8,VEH-FBBD55,2025-01-04T18:18:27,LOC-166DD6,anpr_capture,TRAFFIC_ANPR_NETWORK
VEHEV-16278DDCD9,VEH-2F680E,2025-01-05T01:05:19,LOC-4AB381,anpr_capture,TRAFFIC_ANPR_NETWORK
VEHEV-005605F383,VEH-BC4D2F,2025-01-05T04:17:11,LOC-7CA5D0,anpr_capture,TRAFFIC_ANPR_NETWORK
VEHEV-4ACCB41DEE,VEH-4AA2FB,2025-01-05T06:18:38,LOC-1651DD,parking_entry,TRAFFIC_ANPR_NETWORK
VEHEV-0F597B4A61,VEH-F24509,2025-01-05T22:58:14,LOC-B8654D,parking_entry,TRAFFIC_ANPR_NETWORK
VEHEV-4F019FC61C,VEH-AE4521,2025-01-06T01:54:23,LOC-4AB381,anpr_capture,TRAFFIC_ANPR_NETWORK
VEHEV-63A469337F,VEH-C0901A,2025-01-06T03:26:42,LOC-AAC991,parking_entry,TRAFFIC_ANPR_NETWORK
VEHEV-B4C2243227,VEH-1C5D97,2025-01-06T05:00:53,LOC-11E374,parking_entry,TRAFFIC_ANPR_NETWORK
VEHEV-C3C534E3A9,VEH-42A441,2025-01-06T10:22:20,LOC-550AE8,anpr_capture,TRAFFIC_ANPR_NETWORK
VEHEV-628D6F2DC2,VEH-4CF855,2025-01-06T20:10:29,LOC-246595,anpr_capture,TRAFFIC_ANPR_NETWORK
VEHEV-7A5365BAF5,VEH-5AAD80,2025-01-07T08:19:02,LOC-8F9B34,anpr_capture,TRAFFIC_ANPR_NETWORK
VEHEV-59AEE4816B,VEH-96D316,2025-01-07T13:27:08,LOC-1651DD,anpr_capture,TRAFFIC_ANPR_NETWORK
VEHEV-C120910D8A,VEH-ECA8AD,2025-01-07T20:51:49,LOC-3EC306,anpr_capture,TRAFFIC_ANPR_NETWORK
VEHEV-3C2B37063F,VEH-531456,2025-01-08T01:30:43,LOC-166DD6,toll_crossing,TRAFFIC_ANPR_NETWORK
VEHEV-84D0127E96,VEH-4C6E56,2025-01-08T08:26:59,LOC-7CA5D0,parking_entry,TRAFFIC_ANPR_NETWORK
VEHEV-A5A47C1739,VEH-DE3C79,2025-01-08T11:12:27,LOC-246595,toll_crossing,TRAFFIC_ANPR_NETWORK
VEHEV-140360A689,VEH-9D806D,2025-01-08T11:37:42,LOC-782390,anpr_capture,TRAFFIC_ANPR_NETWORK
VEHEV-C36CD42297,VEH-C0901A,2025-01-08T12:22:08,LOC-60AA0D,toll_crossing,TRAFFIC_ANPR_NETWORK
VEHEV-164C5CD670,VEH-55B9BA,2025-01-08T22:10:04,LOC-86EE62,parking_entry,TRAFFIC_ANPR_NETWORK
VEHEV-255CF2FEA7,VEH-90408C,2025-01-09T07:10:47,LOC-B8654D,anpr_capture,TRAFFIC_ANPR_NETWORK
VEHEV-9D9E83983B,VEH-BD8E8D,2025-01-09T10:22:11,LOC-C75B69,anpr_capture,TRAFFIC_ANPR_NETWORK
VEHEV-B15F114238,VEH-B51525,2025-01-09T16:45:14,LOC-8F9B34,parking_entry,TRAFFIC_ANPR_NETWORK
VEHEV-5BCBEBECA7,VEH-A95487,2025-01-09T22:08:44,LOC-CBE54C,parking_entry,TRAFFIC_ANPR_NETWORK
VEHEV-C272B68C62,VEH-FAF976,2025-01-10T00:45:23,LOC-5653D4,parking_entry,TRAFFIC_ANPR_NETWORK
VEHEV-04940AA300,VEH-48AC1E,2025-01-10T01:18:43,LOC-1B923E,toll_crossing,TRAFFIC_ANPR_NETWORK
VEHEV-867183232B,VEH-0E6ED7,2025-01-10T11:29:55,LOC-98B485,parking_entry,TRAFFIC_ANPR_NETWORK
VEHEV-57FE1D3FD2,VEH-B5CB13,2025-01-10T22:04:40,LOC-7CA5D0,anpr_capture,TRAFFIC_ANPR_NETWORK
VEHEV-A468C495DC,VEH-73A3B3,2025-01-11T09:29:31,LOC-443CDE,anpr_capture,TRAFFIC_ANPR_NETWORK
VEHEV-06025B426A,VEH-FBBD55,2025-01-11T20:03:01,LOC-8546A1,anpr_capture,TRAFFIC_ANPR_NETWORK
VEHEV-B0515C3076,VEH-FBDEC7,2025-01-11T20:23:44,LOC-246595,parking_entry,TRAFFIC_ANPR_NETWORK
VEHEV-FF3A663DBB,VEH-F110D5,2025-01-12T04:54:32,LOC-1651DD,anpr_capture,TRAFFIC_ANPR_NETWORK
VEHEV-F0F5DDCC39,VEH-F9D5E2,2025-01-12T05:12:54,LOC-550AE8,anpr_capture,TRAFFIC_ANPR_NETWORK
VEHEV-2945D20B77,VEH-A95487,2025-01-12T07:29:23,LOC-7CA5D0,anpr_capture,TRAFFIC_ANPR_NETWORK
VEHEV-3DA1B74B31,VEH-19FE3A,2025-01-13T11:23:59,LOC-60AA0D,toll_crossing,TRAFFIC_ANPR_NETWORK
VEHEV-649A5452F8,VEH-6F278E,2025-01-13T15:57:12,LOC-86EE62,toll_crossing,TRAFFIC_ANPR_NETWORK
VEHEV-27AA69D870,VEH-F7D3E8,2025-01-14T04:21:41,LOC-B9CFDA,parking_entry,TRAFFIC_ANPR_NETWORK
VEHEV-A2F7AA5D7C,VEH-1C5D97,2025-01-14T11:51:13,LOC-98B485,toll_crossing,TRAFFIC_ANPR_NETWORK
VEHEV-51F16F7331,VEH-00A4A2,2025-01-14T16:57:45,LOC-98B485,anpr_capture,TRAFFIC_ANPR_NETWORK
VEHEV-A5EB0E2A62,VEH-14ED44,2025-01-14T21:44:57,LOC-C609DC,toll_crossing,TRAFFIC_ANPR_NETWORK
VEHEV-4A6858D877,VEH-79982A,2025-01-15T20:24:22,LOC-AAC991,toll_crossing,TRAFFIC_ANPR_NETWORK
VEHEV-4E74E7B161,VEH-0128ED,2025-01-16T01:11:24,LOC-3EC306,toll_crossing,TRAFFIC_ANPR_NETWORK
VEHEV-937A8210B1,VEH-C00A83,2025-01-16T20:16:59,LOC-C609DC,toll_crossing,TRAFFIC_ANPR_NETWORK
VEHEV-71FBF74045,VEH-986597,2025-01-16T21:30:33,LOC-6B641B,anpr_capture,TRAFFIC_ANPR_NETWORK
VEHEV-07A77D279D,VEH-50E854,2025-01-16T21:54:31,LOC-98B485,toll_crossing,TRAFFIC_ANPR_NETWORK
VEHEV-FC0E0F15D1,VEH-798265,2025-01-16T23:32:41,LOC-4AB381,parking_entry,TRAFFIC_ANPR_NETWORK
VEHEV-29B3AEFC8D,VEH-6F278E,2025-01-17T03:22:23,LOC-49A6DB,anpr_capture,TRAFFIC_ANPR_NETWORK
VEHEV-9C2893236A,VEH-A25387,2025-01-17T06:59:26,LOC-86EE62,anpr_capture,TRAFFIC_ANPR_NETWORK
VEHEV-3004DA3350,VEH-540237,2025-01-17T10:21:23,LOC-8F9B34,anpr_capture,TRAFFIC_ANPR_NETWORK
VEHEV-77E5FEF176,VEH-078C8C,2025-01-18T04:41:32,LOC-11E374,parking_entry,TRAFFIC_ANPR_NETWORK
VEHEV-59E89F500E,VEH-789FF5,2025-01-18T22:17:43,LOC-246595,toll_crossing,TRAFFIC_ANPR_NETWORK
VEHEV-8F88EEBF21,VEH-A769F7,2025-01-19T02:03:17,LOC-C609DC,anpr_capture,TRAFFIC_ANPR_NETWORK
VEHEV-23397A64A5,VEH-0E4E62,2025-01-19T11:19:52,LOC-A8778C,toll_crossing,TRAFFIC_ANPR_NETWORK
VEHEV-196A616A60,VEH-A0FFAA,2025-01-19T16:07:08,LOC-2E747C,parking_entry,TRAFFIC_ANPR_NETWORK
VEHEV-D93305298D,VEH-5AAD80,2025-01-19T18:50:54,LOC-C609DC,toll_crossing,TRAFFIC_ANPR_NETWORK
VEHEV-C4905983BA,VEH-FB0CA5,2025-01-20T06:04:21,LOC-1B923E,toll_crossing,TRAFFIC_ANPR_NETWORK
VEHEV-9697923D43,VEH-724A0D,2025-01-20T06:53:38,LOC-0F4A38,toll_crossing,TRAFFIC_ANPR_NETWORK
VEHEV-5C2EFE3D9A,VEH-C1AD5E,2025-01-20T12:00:07,LOC-3BBE58,parking_entry,TRAFFIC_ANPR_NETWORK
VEHEV-73630E987C,VEH-99FB63,2025-01-20T13:06:08,LOC-782390,parking_entry,TRAFFIC_ANPR_NETWORK
VEHEV-4B7871AEF3,VEH-5CD031,2025-01-20T13:42:55,LOC-782390,toll_crossing,TRAFFIC_ANPR_NETWORK
VEHEV-AB7BB28EC8,VEH-FAF976,2025-01-20T17:39:58,LOC-86EE62,toll_crossing,TRAFFIC_ANPR_NETWORK
VEHEV-12E3BDF7C3,VEH-E88E5A,2025-01-21T03:22:42,LOC-6B641B,anpr_capture,TRAFFIC_ANPR_NETWORK
VEHEV-003433F1A0,VEH-F6EB17,2025-01-21T19:01:24,LOC-782390,toll_crossing,TRAFFIC_ANPR_NETWORK
VEHEV-9FB16EF61A,VEH-5D0FE6,2025-01-21T19:21:18,LOC-1B923E,anpr_capture,TRAFFIC_ANPR_NETWORK
VEHEV-64BC914EAF,VEH-129D6F,2025-01-21T22:49:02,LOC-98B485,parking_entry,TRAFFIC_ANPR_NETWORK
VEHEV-CC81405219,VEH-D80DB3,2025-01-22T03:24:30,LOC-98B485,anpr_capture,TRAFFIC_ANPR_NETWORK
VEHEV-5624A913F6,VEH-F6EB17,2025-01-22T17:14:16,LOC-3BBE58,toll_crossing,TRAFFIC_ANPR_NETWORK
VEHEV-C123D3B9C1,VEH-A25387,2025-01-22T21:20:20,LOC-C75B69,toll_crossing,TRAFFIC_ANPR_NETWORK
VEHEV-240C4E2BE7,VEH-143544,2025-01-22T22:20:15,LOC-C609DC,parking_entry,TRAFFIC_ANPR_NETWORK
VEHEV-65A3528D8B,VEH-4C6E56,2025-01-22T23:22:06,LOC-166DD6,toll_crossing,TRAFFIC_ANPR_NETWORK
VEHEV-0CBB9BDA6A,VEH-078C8C,2025-01-23T15:57:59,LOC-8546A1,toll_crossing,TRAFFIC_ANPR_NETWORK
VEHEV-7D2F567773,VEH-9F0193,2025-01-23T19:43:10,LOC-8B4EBB,anpr_capture,TRAFFIC_ANPR_NETWORK
VEHEV-1D2241E68E,VEH-1C5D97,2025-01-23T23:04:20,LOC-C75B69,toll_crossing,TRAFFIC_ANPR_NETWORK
VEHEV-D25242B830,VEH-15EC0F,2025-01-23T23:40:41,LOC-1B923E,toll_crossing,TRAFFIC_ANPR_NETWORK
VEHEV-0CA62ACE3E,VEH-C6047A,2025-01-24T07:23:02,LOC-7CA5D0,anpr_capture,TRAFFIC_ANPR_NETWORK
VEHEV-9AA139DD26,VEH-F7EA3C,2025-01-24T12:37:28,LOC-1651DD,anpr_capture,TRAFFIC_ANPR_NETWORK
VEHEV-35659ADCFD,VEH-BD8E8D,2025-01-24T15:19:57,LOC-5653D4,anpr_capture,TRAFFIC_ANPR_NETWORK
VEHEV-03C066D1CD,VEH-B51525,2025-01-24T18:18:49,LOC-5653D4,toll_crossing,TRAFFIC_ANPR_NETWORK
VEHEV-772520BBEF,VEH-C6047A,2025-01-24T22:53:04,LOC-86EE62,toll_crossing,TRAFFIC_ANPR_NETWORK
VEHEV-5DE23D49C2,VEH-51607B,2025-01-24T23:24:28,LOC-11E374,anpr_capture,TRAFFIC_ANPR_NETWORK
VEHEV-1A08F5C5F6,VEH-FF76ED,2025-01-25T00:04:42,LOC-11E374,anpr_capture,TRAFFIC_ANPR_NETWORK
VEHEV-2114B9E524,VEH-DBFE17,2025-01-25T00:48:20,LOC-AAC991,toll_crossing,TRAFFIC_ANPR_NETWORK
VEHEV-13F04762DD,VEH-E28F4A,2025-01-25T15:30:00,LOC-1651DD,anpr_capture,TRAFFIC_ANPR_NETWORK
VEHEV-56EB2ED16B,VEH-E88E5A,2025-01-25T18:07:45,LOC-0826C0,anpr_capture,TRAFFIC_ANPR_NETWORK
VEHEV-156D3654DB,VEH-E28F4A,2025-01-25T22:01:31,LOC-858C2E,anpr_capture,TRAFFIC_ANPR_NETWORK
VEHEV-911A5209AD,VEH-990B1F,2025-01-25T23:39:17,LOC-443CDE,parking_entry,TRAFFIC_ANPR_NETWORK
VEHEV-C8111BBF1F,VEH-5E0373,2025-01-26T10:24:16,LOC-AAC991,parking_entry,TRAFFIC_ANPR_NETWORK
VEHEV-9F373858E4,VEH-37180E,2025-01-26T12:30:58,LOC-0F4A38,anpr_capture,TRAFFIC_ANPR_NETWORK
VEHEV-EAFC4910BC,VEH-24FFC2,2025-01-26T13:40:48,LOC-1B923E,parking_entry,TRAFFIC_ANPR_NETWORK
VEHEV-2F66C8C832,VEH-92F5E9,2025-01-26T17:20:14,LOC-0F4A38,toll_crossing,TRAFFIC_ANPR_NETWORK
VEHEV-57E6A781B1,VEH-19FE3A,2025-01-27T05:48:45,LOC-98B485,toll_crossing,TRAFFIC_ANPR_NETWORK
VEHEV-0495C6F1C8,VEH-DE3C79,2025-01-27T21:21:41,LOC-11E374,parking_entry,TRAFFIC_ANPR_NETWORK
VEHEV-0290B58DA8,VEH-92C7A9,2025-01-27T23:54:26,LOC-86EE62,anpr_capture,TRAFFIC_ANPR_NETWORK
VEHEV-E2129DA939,VEH-DBFE17,2025-01-28T05:58:23,LOC-3BBE58,anpr_capture,TRAFFIC_ANPR_NETWORK
VEHEV-A7A9087AE5,VEH-5F5B99,2025-01-28T06:09:53,LOC-60AA0D,parking_entry,TRAFFIC_ANPR_NETWORK
VEHEV-A59B8E215E,VEH-F87888,2025-01-28T19:36:05,LOC-0826C0,anpr_capture,TRAFFIC_ANPR_NETWORK
VEHEV-899DD795CB,VEH-F87888,2025-01-29T00:39:58,LOC-B9CFDA,parking_entry,TRAFFIC_ANPR_NETWORK
VEHEV-DD95D935D3,VEH-68B60A,2025-01-29T07:32:17,LOC-056FB8,parking_entry,TRAFFIC_ANPR_NETWORK
VEHEV-831511F970,VEH-3D7608,2025-01-29T15:19:45,LOC-28DFA2,parking_entry,TRAFFIC_ANPR_NETWORK
VEHEV-E9E807FA79,VEH-025E62,2025-01-29T19:03:32,LOC-246595,parking_entry,TRAFFIC_ANPR_NETWORK
VEHEV-E92CD0BDD3,VEH-FBDEC7,2025-01-30T01:19:48,LOC-AAC991,parking_entry,TRAFFIC_ANPR_NETWORK
VEHEV-99AC3C8556,VEH-00A4A2,2025-01-30T03:21:19,LOC-7CA5D0,toll_crossing,TRAFFIC_ANPR_NETWORK
VEHEV-50BF8ACF47,VEH-DBFE17,2025-01-30T10:31:37,LOC-8343B9,parking_entry,TRAFFIC_ANPR_NETWORK
VEHEV-EF5DA7D6AF,VEH-430C47,2025-01-30T16:34:33,LOC-A56A62,anpr_capture,TRAFFIC_ANPR_NETWORK
VEHEV-75E4749816,VEH-C27FD9,2025-01-30T19:08:52,LOC-2E747C,anpr_capture,TRAFFIC_ANPR_NETWORK
VEHEV-96EC63BB51,VEH-39D999,2025-01-30T19:50:28,LOC-4AB381,parking_entry,TRAFFIC_ANPR_NETWORK
VEHEV-AA22CBCF3F,VEH-85B1E7,2025-01-31T04:55:52,LOC-961151,anpr_capture,TRAFFIC_ANPR_NETWORK
VEHEV-BAF9B302CC,VEH-42A441,2025-01-31T14:07:27,LOC-858C2E,parking_entry,TRAFFIC_ANPR_NETWORK
VEHEV-22DC08EF4A,VEH-90408C,2025-01-31T14:51:46,LOC-246595,parking_entry,TRAFFIC_ANPR_NETWORK
VEHEV-22EC85C39B,VEH-7D5BEE,2025-01-31T19:20:17,LOC-D2F79E,anpr_capture,TRAFFIC_ANPR_NETWORK
VEHEV-C7A8DE31F6,VEH-19FE3A,2025-01-31T23:07:41,LOC-8F9B34,anpr_capture,TRAFFIC_ANPR_NETWORK
VEHEV-2A9BC2E021,VEH-BDB3EB,2025-01-31T23:41:59,LOC-C75B69,toll_crossing,TRAFFIC_ANPR_NETWORK
VEHEV-6650476B41,VEH-50E854,2025-02-01T03:01:54,LOC-564023,anpr_capture,TRAFFIC_ANPR_NETWORK
VEHEV-0583B06B44,VEH-AA5946,2025-02-01T03:44:09,LOC-B9CFDA,parking_entry,TRAFFIC_ANPR_NETWORK
VEHEV-0F6B13DA5E,VEH-5DB746,2025-02-01T15:00:45,LOC-8B4EBB,anpr_capture,TRAFFIC_ANPR_NETWORK
VEHEV-87876DBEDE,VEH-BC59A1,2025-02-01T15:29:54,LOC-550AE8,anpr_capture,TRAFFIC_ANPR_NETWORK
VEHEV-4ED79C5C01,VEH-DE4955,2025-02-02T00:30:54,LOC-1651DD,toll_crossing,TRAFFIC_ANPR_NETWORK
VEHEV-3F3C731819,VEH-C72BE9,2025-02-02T01:41:11,LOC-0F4A38,parking_entry,TRAFFIC_ANPR_NETWORK
VEHEV-ED7C672E16,VEH-299FE5,2025-02-02T01:44:16,LOC-C609DC,anpr_capture,TRAFFIC_ANPR_NETWORK
VEHEV-17A0A6C395,VEH-43898D,2025-02-02T01:56:16,LOC-6B641B,anpr_capture,TRAFFIC_ANPR_NETWORK
VEHEV-67672AEAC2,VEH-527EB5,2025-02-02T03:01:23,LOC-0F4A38,parking_entry,TRAFFIC_ANPR_NETWORK
VEHEV-A50E18F5B2,VEH-916D9E,2025-02-02T05:07:47,LOC-166DD6,toll_crossing,TRAFFIC_ANPR_NETWORK
VEHEV-D47BF5B777,VEH-809BDE,2025-02-02T08:33:45,LOC-60AA0D,parking_entry,TRAFFIC_ANPR_NETWORK
VEHEV-E381DA1EDB,VEH-73A3B3,2025-02-02T11:58:20,LOC-961151,parking_entry,TRAFFIC_ANPR_NETWORK
VEHEV-77263E07F5,VEH-7BA5B2,2025-02-03T03:50:31,LOC-0F4A38,parking_entry,TRAFFIC_ANPR_NETWORK
VEHEV-181E60AC55,VEH-078C8C,2025-02-03T11:58:43,LOC-D2F79E,toll_crossing,TRAFFIC_ANPR_NETWORK
VEHEV-DF01F9DCA5,VEH-5F5B99,2025-02-03T19:52:12,LOC-5653D4,toll_crossing,TRAFFIC_ANPR_NETWORK
VEHEV-EE18B2D241,VEH-64AE34,2025-02-04T03:39:03,LOC-B9CFDA,parking_entry,TRAFFIC_ANPR_NETWORK
VEHEV-DB4E0C4545,VEH-DEEB48,2025-02-04T04:46:22,LOC-6B641B,parking_entry,TRAFFIC_ANPR_NETWORK
VEHEV-42F56ECF68,VEH-D054BE,2025-02-04T13:20:57,LOC-858C2E,anpr_capture,TRAFFIC_ANPR_NETWORK
VEHEV-2B7BB3F0DE,VEH-5B899F,2025-02-04T16:23:51,LOC-3BBE58,parking_entry,TRAFFIC_ANPR_NETWORK
VEHEV-66FD3B9225,VEH-F7D3E8,2025-02-05T06:43:00,LOC-246595,anpr_capture,TRAFFIC_ANPR_NETWORK
VEHEV-9E06B25143,VEH-64AE34,2025-02-05T08:40:22,LOC-8F9B34,anpr_capture,TRAFFIC_ANPR_NETWORK
VEHEV-03450DA8EB,VEH-68E1F9,2025-02-05T14:34:23,LOC-C75B69,parking_entry,TRAFFIC_ANPR_NETWORK
VEHEV-2EAE474566,VEH-3D93F6,2025-02-05T18:56:43,LOC-60AA0D,toll_crossing,TRAFFIC_ANPR_NETWORK
VEHEV-839FEC03A4,VEH-12D9CB,2025-02-05T19:09:38,LOC-8546A1,parking_entry,TRAFFIC_ANPR_NETWORK
VEHEV-6AEB0C37ED,VEH-4C6E56,2025-02-05T21:03:13,LOC-858C2E,anpr_capture,TRAFFIC_ANPR_NETWORK
VEHEV-E9D78F6D1E,VEH-48AC1E,2025-02-05T23:34:14,LOC-1651DD,anpr_capture,TRAFFIC_ANPR_NETWORK
VEHEV-87869CE2C2,VEH-96D316,2025-02-06T01:57:47,LOC-1651DD,toll_crossing,TRAFFIC_ANPR_NETWORK
VEHEV-4915E83E54,VEH-C00A83,2025-02-06T04:41:29,LOC-7CA5D0,anpr_capture,TRAFFIC_ANPR_NETWORK
VEHEV-889FB72302,VEH-9D785B,2025-02-06T07:43:57,LOC-B8654D,toll_crossing,TRAFFIC_ANPR_NETWORK
VEHEV-ECB18FEF52,VEH-F24509,2025-02-07T14:04:40,LOC-1B923E,toll_crossing,TRAFFIC_ANPR_NETWORK
VEHEV-6D7D336C0E,VEH-DDD950,2025-02-07T19:04:20,LOC-550AE8,parking_entry,TRAFFIC_ANPR_NETWORK
VEHEV-A108392569,VEH-A50C0A,2025-02-08T03:06:12,LOC-961151,anpr_capture,TRAFFIC_ANPR_NETWORK
VEHEV-03C334B602,VEH-3AA1B5,2025-02-08T06:42:27,LOC-443CDE,toll_crossing,TRAFFIC_ANPR_NETWORK
VEHEV-A49817B5DD,VEH-E556AE,2025-02-08T07:00:41,LOC-2E747C,anpr_capture,TRAFFIC_ANPR_NETWORK
VEHEV-4869438621,VEH-2C9AEF,2025-02-08T07:01:27,LOC-7CA5D0,toll_crossing,TRAFFIC_ANPR_NETWORK
VEHEV-C87FC97A67,VEH-F94811,2025-02-08T07:20:07,LOC-961151,toll_crossing,TRAFFIC_ANPR_NETWORK
VEHEV-6F562A77EB,VEH-51607B,2025-02-08T15:10:34,LOC-86EE62,parking_entry,TRAFFIC_ANPR_NETWORK
VEHEV-77204AE596,VEH-4B4897,2025-02-08T17:10:21,LOC-A8778C,anpr_capture,TRAFFIC_ANPR_NETWORK
VEHEV-A464B6627B,VEH-F110D5,2025-02-08T19:46:21,LOC-11E374,toll_crossing,TRAFFIC_ANPR_NETWORK
VEHEV-22419F944E,VEH-BF026F,2025-02-08T20:32:04,LOC-056FB8,parking_entry,TRAFFIC_ANPR_NETWORK
VEHEV-7620C3E03C,VEH-986597,2025-02-09T00:46:43,LOC-28DFA2,toll_crossing,TRAFFIC_ANPR_NETWORK
VEHEV-5AEAD6B812,VEH-37180E,2025-02-09T08:56:56,LOC-CBE54C,parking_entry,TRAFFIC_ANPR_NETWORK
VEHEV-EBE1BC45B5,VEH-078C8C,2025-02-09T10:27:17,LOC-3BBE58,toll_crossing,TRAFFIC_ANPR_NETWORK
VEHEV-AC23735709,VEH-983B89,2025-02-09T11:35:11,LOC-86EE62,toll_crossing,TRAFFIC_ANPR_NETWORK
VEHEV-79CB63E6B0,VEH-28AE2D,2025-02-09T13:09:44,LOC-246595,anpr_capture,TRAFFIC_ANPR_NETWORK
VEHEV-C21060252B,VEH-9D806D,2025-02-09T15:21:01,LOC-8B4EBB,anpr_capture,TRAFFIC_ANPR_NETWORK
VEHEV-381C55C5B4,VEH-8D28C2,2025-02-09T16:19:07,LOC-5653D4,parking_entry,TRAFFIC_ANPR_NETWORK
VEHEV-271610B0DC,VEH-6A8030,2025-02-09T18:01:15,LOC-49A6DB,toll_crossing,TRAFFIC_ANPR_NETWORK
VEHEV-13A1F3E367,VEH-791775,2025-02-09T19:16:30,LOC-3EC306,toll_crossing,TRAFFIC_ANPR_NETWORK
VEHEV-C43EAF0610,VEH-872698,2025-02-09T19:56:00,LOC-1651DD,toll_crossing,TRAFFIC_ANPR_NETWORK
VEHEV-5C67F5464D,VEH-983B89,2025-02-09T22:20:54,LOC-8F9B34,parking_entry,TRAFFIC_ANPR_NETWORK
VEHEV-AA63913B48,VEH-F7EA3C,2025-02-09T23:45:48,LOC-11E374,toll_crossing,TRAFFIC_ANPR_NETWORK
VEHEV-8B01877F4D,VEH-1A67C1,2025-02-10T07:12:44,LOC-A56A62,toll_crossing,TRAFFIC_ANPR_NETWORK
VEHEV-D8CE8AAD16,VEH-F110D5,2025-02-10T08:41:04,LOC-564023,toll_crossing,TRAFFIC_ANPR_NETWORK
VEHEV-7A6F77C6D9,VEH-28AE2D,2025-02-10T09:53:25,LOC-5653D4,toll_crossing,TRAFFIC_ANPR_NETWORK
VEHEV-4DEB0272DF,VEH-9D785B,2025-02-10T11:15:17,LOC-2E747C,anpr_capture,TRAFFIC_ANPR_NETWORK
VEHEV-131F021B57,VEH-1619C7,2025-02-10T16:45:27,LOC-8B4EBB,anpr_capture,TRAFFIC_ANPR_NETWORK
VEHEV-692EB5BECB,VEH-30B831,2025-02-11T07:57:21,LOC-3EC306,anpr_capture,TRAFFIC_ANPR_NETWORK
VEHEV-919A59ECDB,VEH-8B8D01,2025-02-11T15:17:00,LOC-60AA0D,toll_crossing,TRAFFIC_ANPR_NETWORK
VEHEV-BC157D8761,VEH-E556AE,2025-02-12T00:31:14,LOC-166DD6,toll_crossing,TRAFFIC_ANPR_NETWORK
VEHEV-69CF85AF56,VEH-872698,2025-02-12T01:22:08,LOC-86EE62,toll_crossing,TRAFFIC_ANPR_NETWORK
VEHEV-220F5963BF,VEH-ECA7C4,2025-02-12T04:32:49,LOC-86EE62,anpr_capture,TRAFFIC_ANPR_NETWORK
VEHEV-6B9E62FD5E,VEH-04A3FE,2025-02-12T09:37:00,LOC-961151,toll_crossing,TRAFFIC_ANPR_NETWORK
VEHEV-BE97B229C1,VEH-12D9CB,2025-02-12T16:08:46,LOC-D2F79E,parking_entry,TRAFFIC_ANPR_NETWORK
VEHEV-27FF10C269,VEH-BD8E8D,2025-02-12T19:31:19,LOC-961151,anpr_capture,TRAFFIC_ANPR_NETWORK
VEHEV-7A55988099,VEH-791775,2025-02-12T22:57:23,LOC-28DFA2,toll_crossing,TRAFFIC_ANPR_NETWORK
VEHEV-8832303BC2,VEH-A89C8B,2025-02-12T23:17:45,LOC-8B4EBB,anpr_capture,TRAFFIC_ANPR_NETWORK
VEHEV-B77D16CC06,VEH-3F3CBC,2025-02-12T23:47:17,LOC-AAC991,toll_crossing,TRAFFIC_ANPR_NETWORK
VEHEV-63758CEEBE,VEH-00A4A2,2025-02-13T02:12:04,LOC-C609DC,toll_crossing,TRAFFIC_ANPR_NETWORK
VEHEV-A129920E38,VEH-F90BF8,2025-02-13T13:55:28,LOC-A8778C,anpr_capture,TRAFFIC_ANPR_NETWORK
VEHEV-5746AABD5A,VEH-2F680E,2025-02-13T14:52:12,LOC-A56A62,parking_entry,TRAFFIC_ANPR_NETWORK
VEHEV-436B5A1A19,VEH-BC59A1,2025-02-14T01:31:45,LOC-CBE54C,parking_entry,TRAFFIC_ANPR_NETWORK
VEHEV-3AA2A39958,VEH-143544,2025-02-14T11:23:09,LOC-056FB8,parking_entry,TRAFFIC_ANPR_NETWORK
VEHEV-4F980A98A5,VEH-5E0373,2025-02-14T13:12:33,LOC-1B923E,toll_crossing,TRAFFIC_ANPR_NETWORK
VEHEV-168FACA550,VEH-92F5E9,2025-02-14T19:55:18,LOC-49A6DB,anpr_capture,TRAFFIC_ANPR_NETWORK
VEHEV-A6CED1DBCA,VEH-95682B,2025-02-15T21:19:49,LOC-11E374,parking_entry,TRAFFIC_ANPR_NETWORK
VEHEV-930AD19C34,VEH-F87888,2025-02-16T10:50:45,LOC-6B641B,toll_crossing,TRAFFIC_ANPR_NETWORK
VEHEV-65625F17DE,VEH-79982A,2025-02-16T11:19:01,LOC-4AB381,toll_crossing,TRAFFIC_ANPR_NETWORK
VEHEV-D489AB63B7,VEH-D4E1BE,2025-02-16T12:01:09,LOC-98B485,anpr_capture,TRAFFIC_ANPR_NETWORK
VEHEV-8E26A8DEF9,VEH-957D72,2025-02-16T18:17:56,LOC-8B4EBB,parking_entry,TRAFFIC_ANPR_NETWORK
VEHEV-67829602E4,VEH-15EC0F,2025-02-16T21:07:12,LOC-3EC306,toll_crossing,TRAFFIC_ANPR_NETWORK
VEHEV-2E5EEFC7CB,VEH-CB55D9,2025-02-17T01:06:22,LOC-858C2E,anpr_capture,TRAFFIC_ANPR_NETWORK
VEHEV-3D2F715376,VEH-2A3133,2025-02-17T02:40:24,LOC-0826C0,anpr_capture,TRAFFIC_ANPR_NETWORK
VEHEV-61C7CF8DBA,VEH-18FA4B,2025-02-17T08:13:38,LOC-C609DC,parking_entry,TRAFFIC_ANPR_NETWORK
VEHEV-E722006382,VEH-C72BE9,2025-02-17T15:19:36,LOC-28DFA2,anpr_capture,TRAFFIC_ANPR_NETWORK
VEHEV-C6819B74A6,VEH-F6901F,2025-02-17T19:59:04,LOC-246595,parking_entry,TRAFFIC_ANPR_NETWORK
VEHEV-A821AAB20F,VEH-4B4897,2025-02-18T00:56:51,LOC-C75B69,toll_crossing,TRAFFIC_ANPR_NETWORK
VEHEV-7DB2F8ADE9,VEH-3D93F6,2025-02-18T07:40:19,LOC-28DFA2,toll_crossing,TRAFFIC_ANPR_NETWORK
VEHEV-67302D1127,VEH-B22741,2025-02-18T13:12:57,LOC-60AA0D,parking_entry,TRAFFIC_ANPR_NETWORK
VEHEV-CFF361449A,VEH-889DC0,2025-02-18T19:30:05,LOC-1651DD,toll_crossing,TRAFFIC_ANPR_NETWORK
VEHEV-1C356E87CD,VEH-79FF14,2025-02-19T05:27:16,LOC-5653D4,anpr_capture,TRAFFIC_ANPR_NETWORK
VEHEV-1A462534A1,VEH-222D1C,2025-02-19T05:51:56,LOC-60AA0D,toll_crossing,TRAFFIC_ANPR_NETWORK
VEHEV-94B42F7C83,VEH-0E4E62,2025-02-19T10:09:09,LOC-2E747C,toll_crossing,TRAFFIC_ANPR_NETWORK
VEHEV-F775BF0AFF,VEH-95682B,2025-02-19T16:56:53,LOC-CBE54C,anpr_capture,TRAFFIC_ANPR_NETWORK
VEHEV-7576471EE7,VEH-204EB6,2025-02-19T17:09:11,LOC-166DD6,parking_entry,TRAFFIC_ANPR_NETWORK
VEHEV-684029BA80,VEH-2D308C,2025-02-19T22:56:39,LOC-8F9B34,parking_entry,TRAFFIC_ANPR_NETWORK
VEHEV-F5D4C0A820,VEH-96D316,2025-02-20T01:49:31,LOC-056FB8,parking_entry,TRAFFIC_ANPR_NETWORK
VEHEV-EC51B562DC,VEH-CB55D9,2025-02-20T02:56:42,LOC-B8654D,toll_crossing,TRAFFIC_ANPR_NETWORK
VEHEV-9E7E1E560B,VEH-30B831,2025-02-20T11:16:20,LOC-5653D4,anpr_capture,TRAFFIC_ANPR_NETWORK
VEHEV-F17841A207,VEH-A769F7,2025-02-20T14:40:46,LOC-8546A1,anpr_capture,TRAFFIC_ANPR_NETWORK
VEHEV-AF4DFF2AAC,VEH-5F6C14,2025-02-20T17:06:43,LOC-3BBE58,anpr_capture,TRAFFIC_ANPR_NETWORK
VEHEV-255088339F,VEH-430C47,2025-02-21T00:03:35,LOC-564023,anpr_capture,TRAFFIC_ANPR_NETWORK
VEHEV-07EE44F5D9,VEH-889DC0,2025-02-21T00:38:34,LOC-1A1F14,anpr_capture,TRAFFIC_ANPR_NETWORK
VEHEV-EFFF9ACF69,VEH-0478A9,2025-02-21T02:07:35,LOC-D2F79E,anpr_capture,TRAFFIC_ANPR_NETWORK
VEHEV-EE6E415D24,VEH-9F0193,2025-02-21T18:17:26,LOC-1B923E,anpr_capture,TRAFFIC_ANPR_NETWORK
VEHEV-8CE456A223,VEH-4C6E56,2025-02-22T03:45:53,LOC-AAC991,parking_entry,TRAFFIC_ANPR_NETWORK
VEHEV-7B1C987649,VEH-ECA7C4,2025-02-22T16:27:29,LOC-4AB381,toll_crossing,TRAFFIC_ANPR_NETWORK
VEHEV-E97EEB6545,VEH-48AC1E,2025-02-22T23:54:19,LOC-60AA0D,anpr_capture,TRAFFIC_ANPR_NETWORK
VEHEV-23A318D297,VEH-A4D76A,2025-02-23T07:13:59,LOC-D2F79E,parking_entry,TRAFFIC_ANPR_NETWORK
VEHEV-37CF862943,VEH-479916,2025-02-23T17:07:49,LOC-8B4EBB,parking_entry,TRAFFIC_ANPR_NETWORK
VEHEV-D1D4136833,VEH-986597,2025-02-23T20:51:24,LOC-056FB8,parking_entry,TRAFFIC_ANPR_NETWORK
VEHEV-9F59BCEF84,VEH-52FF4A,2025-02-23T23:04:13,LOC-550AE8,anpr_capture,TRAFFIC_ANPR_NETWORK
VEHEV-E64FEC7261,VEH-A87390,2025-02-24T22:57:09,LOC-60AA0D,anpr_capture,TRAFFIC_ANPR_NETWORK
VEHEV-58076B7229,VEH-5AAD80,2025-02-25T00:46:47,LOC-3BBE58,anpr_capture,TRAFFIC_ANPR_NETWORK
VEHEV-B10D72CA5D,VEH-A50C0A,2025-02-25T01:21:00,LOC-7CA5D0,anpr_capture,TRAFFIC_ANPR_NETWORK
VEHEV-35E919E3ED,VEH-18F9D1,2025-02-25T01:52:58,LOC-246595,anpr_capture,TRAFFIC_ANPR_NETWORK
VEHEV-1F040324E6,VEH-2A3133,2025-02-25T15:48:39,LOC-166DD6,toll_crossing,TRAFFIC_ANPR_NETWORK
VEHEV-B2B4A51667,VEH-A0FFAA,2025-02-26T02:28:32,LOC-AAC991,toll_crossing,TRAFFIC_ANPR_NETWORK
VEHEV-709D913E94,VEH-D80DB3,2025-02-26T10:33:05,LOC-D2F79E,parking_entry,TRAFFIC_ANPR_NETWORK
VEHEV-DE30542778,VEH-DE4EE0,2025-02-26T12:51:22,LOC-443CDE,anpr_capture,TRAFFIC_ANPR_NETWORK
VEHEV-8202EDE1C9,VEH-0128ED,2025-02-26T14:07:49,LOC-11E374,parking_entry,TRAFFIC_ANPR_NETWORK
VEHEV-31530A22D8,VEH-04A3FE,2025-02-26T16:30:59,LOC-858C2E,parking_entry,TRAFFIC_ANPR_NETWORK
VEHEV-E7910771C5,VEH-789FF5,2025-02-26T18:45:35,LOC-B8654D,parking_entry,TRAFFIC_ANPR_NETWORK
VEHEV-925A45F04B,VEH-F24509,2025-02-27T10:23:15,LOC-550AE8,toll_crossing,TRAFFIC_ANPR_NETWORK
VEHEV-4F5C656069,VEH-B51525,2025-02-27T22:01:06,LOC-8546A1,parking_entry,TRAFFIC_ANPR_NETWORK
VEHEV-DEDF251B02,VEH-9C2620,2025-02-28T07:59:43,LOC-98B485,parking_entry,TRAFFIC_ANPR_NETWORK
VEHEV-999EF4730B,VEH-92C7A9,2025-02-28T12:27:43,LOC-8B4EBB,parking_entry,TRAFFIC_ANPR_NETWORK
VEHEV-0E9ADC05AE,VEH-430C47,2025-02-28T20:20:13,LOC-98B485,toll_crossing,TRAFFIC_ANPR_NETWORK
VEHEV-530C9197B3,VEH-540237,2025-02-28T22:20:07,LOC-4AB381,anpr_capture,TRAFFIC_ANPR_NETWORK
VEHEV-B294D4A144,VEH-14ED44,2025-02-28T23:55:12,LOC-550AE8,toll_crossing,TRAFFIC_ANPR_NETWORK
VEHEV-5AA121A2A1,VEH-916D9E,2025-03-01T02:07:29,LOC-5653D4,toll_crossing,TRAFFIC_ANPR_NETWORK
VEHEV-298B2ED8E5,VEH-870CDB,2025-03-01T03:10:23,LOC-8343B9,toll_crossing,TRAFFIC_ANPR_NETWORK
VEHEV-BFF9814F87,VEH-025E62,2025-03-01T04:15:51,LOC-B9CFDA,parking_entry,TRAFFIC_ANPR_NETWORK
VEHEV-D7F39671F6,VEH-055299,2025-03-01T05:38:56,LOC-49A6DB,parking_entry,TRAFFIC_ANPR_NETWORK
VEHEV-96213F5C5A,VEH-C27FD9,2025-03-01T11:48:11,LOC-8F9B34,toll_crossing,TRAFFIC_ANPR_NETWORK
VEHEV-569C66402E,VEH-4629C7,2025-03-01T23:10:33,LOC-0F4A38,anpr_capture,TRAFFIC_ANPR_NETWORK
VEHEV-E09840047C,VEH-F94811,2025-03-02T01:51:12,LOC-49A6DB,parking_entry,TRAFFIC_ANPR_NETWORK
VEHEV-B0F7272A5D,VEH-D4E1BE,2025-03-02T05:16:00,LOC-A56A62,toll_crossing,TRAFFIC_ANPR_NETWORK
VEHEV-B8A8FB0B8C,VEH-52FF4A,2025-03-02T06:14:40,LOC-858C2E,anpr_capture,TRAFFIC_ANPR_NETWORK
VEHEV-3EA92C9ED8,VEH-92F5E9,2025-03-02T08:04:56,LOC-1A1F14,toll_crossing,TRAFFIC_ANPR_NETWORK
VEHEV-16AF4FF503,VEH-D80DB3,2025-03-02T08:41:08,LOC-60AA0D,parking_entry,TRAFFIC_ANPR_NETWORK
VEHEV-7C2ECB8843,VEH-0128ED,2025-03-02T13:19:30,LOC-B9CFDA,parking_entry,TRAFFIC_ANPR_NETWORK
VEHEV-BA80FFF0E4,VEH-479916,2025-03-02T13:56:29,LOC-246595,anpr_capture,TRAFFIC_ANPR_NETWORK
VEHEV-1B20648B1B,VEH-0E6ED7,2025-03-02T17:18:55,LOC-2E747C,toll_crossing,TRAFFIC_ANPR_NETWORK
VEHEV-65B232F3C0,VEH-B5CB13,2025-03-03T09:00:59,LOC-7CA5D0,parking_entry,TRAFFIC_ANPR_NETWORK
VEHEV-49687566E0,VEH-39D999,2025-03-03T12:45:46,LOC-98B485,anpr_capture,TRAFFIC_ANPR_NETWORK
VEHEV-E07521119B,VEH-078C8C,2025-03-04T01:07:43,LOC-8F9B34,toll_crossing,TRAFFIC_ANPR_NETWORK
VEHEV-DFA92F6B6A,VEH-D054BE,2025-03-04T19:48:30,LOC-961151,toll_crossing,TRAFFIC_ANPR_NETWORK
VEHEV-01CEA91C90,VEH-44070C,2025-03-05T02:51:20,LOC-11E374,toll_crossing,TRAFFIC_ANPR_NETWORK
VEHEV-EC3D2A7A06,VEH-D988F8,2025-03-05T06:56:38,LOC-98B485,toll_crossing,TRAFFIC_ANPR_NETWORK
VEHEV-EF0F2685D1,VEH-FF3C3F,2025-03-05T13:39:40,LOC-D2F79E,anpr_capture,TRAFFIC_ANPR_NETWORK
VEHEV-BBA66A26D3,VEH-99FB63,2025-03-05T15:42:11,LOC-1A1F14,anpr_capture,TRAFFIC_ANPR_NETWORK
VEHEV-A511AF3AA3,VEH-66D736,2025-03-05T17:52:53,LOC-0826C0,anpr_capture,TRAFFIC_ANPR_NETWORK
VEHEV-023FBD48C1,VEH-64AE34,2025-03-05T21:23:47,LOC-C609DC,anpr_capture,TRAFFIC_ANPR_NETWORK
VEHEV-CC197B62F3,VEH-8D24D5,2025-03-06T03:57:33,LOC-1A1F14,parking_entry,TRAFFIC_ANPR_NETWORK
VEHEV-E399DF9EC0,VEH-0E4E62,2025-03-06T09:02:56,LOC-B9CFDA,parking_entry,TRAFFIC_ANPR_NETWORK
VEHEV-3A28701E38,VEH-5B899F,2025-03-06T12:45:13,LOC-443CDE,parking_entry,TRAFFIC_ANPR_NETWORK
VEHEV-A59B54FD6A,VEH-42A441,2025-03-06T20:26:34,LOC-8B4EBB,parking_entry,TRAFFIC_ANPR_NETWORK
VEHEV-452FDF6396,VEH-957D72,2025-03-07T13:19:02,LOC-8546A1,anpr_capture,TRAFFIC_ANPR_NETWORK
VEHEV-D2EAE5A18A,VEH-540237,2025-03-07T14:57:10,LOC-86EE62,toll_crossing,TRAFFIC_ANPR_NETWORK
VEHEV-6441F5C7D7,VEH-7D5BEE,2025-03-07T23:49:00,LOC-A8778C,parking_entry,TRAFFIC_ANPR_NETWORK
VEHEV-76DEE465C7,VEH-37180E,2025-03-08T04:11:00,LOC-246595,toll_crossing,TRAFFIC_ANPR_NETWORK
VEHEV-DA382EF822,VEH-66D736,2025-03-08T04:14:31,LOC-2E747C,anpr_capture,TRAFFIC_ANPR_NETWORK
VEHEV-866ECC6CD0,VEH-222D1C,2025-03-08T15:31:46,LOC-782390,anpr_capture,TRAFFIC_ANPR_NETWORK
VEHEV-90CFBEE21D,VEH-F6EB17,2025-03-09T21:56:27,LOC-8343B9,parking_entry,TRAFFIC_ANPR_NETWORK
VEHEV-4B9E08AF1E,VEH-9CF527,2025-03-09T23:41:45,LOC-961151,parking_entry,TRAFFIC_ANPR_NETWORK
VEHEV-18D80CCD61,VEH-40CCB6,2025-03-10T02:30:38,LOC-3BBE58,anpr_capture,TRAFFIC_ANPR_NETWORK
VEHEV-47492C1323,VEH-B2E6B8,2025-03-10T03:20:06,LOC-C609DC,anpr_capture,TRAFFIC_ANPR_NETWORK
VEHEV-775DC5AF82,VEH-42A441,2025-03-10T08:23:00,LOC-B9CFDA,parking_entry,TRAFFIC_ANPR_NETWORK
VEHEV-18F77C0B1F,VEH-24FFC2,2025-03-10T10:56:30,LOC-0F4A38,toll_crossing,TRAFFIC_ANPR_NETWORK
VEHEV-BCD155465F,VEH-055299,2025-03-10T13:13:52,LOC-1B923E,parking_entry,TRAFFIC_ANPR_NETWORK
VEHEV-2BEF50FAC0,VEH-52FF4A,2025-03-10T17:42:39,LOC-5653D4,parking_entry,TRAFFIC_ANPR_NETWORK
VEHEV-CEBCF37274,VEH-BC4D2F,2025-03-10T18:12:01,LOC-4AB381,toll_crossing,TRAFFIC_ANPR_NETWORK
VEHEV-7E74EE5A9F,VEH-7D614E,2025-03-10T20:51:16,LOC-858C2E,anpr_capture,TRAFFIC_ANPR_NETWORK
VEHEV-890AF48ABC,VEH-B2E6B8,2025-03-11T01:33:14,LOC-2E747C,anpr_capture,TRAFFIC_ANPR_NETWORK
VEHEV-C6076CCAF6,VEH-B81B10,2025-03-11T05:38:01,LOC-60AA0D,toll_crossing,TRAFFIC_ANPR_NETWORK
VEHEV-ACB64D79A8,VEH-0E6ED7,2025-03-11T11:45:11,LOC-858C2E,parking_entry,TRAFFIC_ANPR_NETWORK
VEHEV-56B0F1402B,VEH-AA5946,2025-03-11T12:42:38,LOC-1B923E,parking_entry,TRAFFIC_ANPR_NETWORK
VEHEV-BD5D57AB74,VEH-D4E1BE,2025-03-11T22:41:44,LOC-3BBE58,toll_crossing,TRAFFIC_ANPR_NETWORK
VEHEV-793D390240,VEH-154687,2025-03-11T23:30:26,LOC-CBE54C,parking_entry,TRAFFIC_ANPR_NETWORK
VEHEV-34F24A3840,VEH-896AF4,2025-03-12T02:45:48,LOC-86EE62,anpr_capture,TRAFFIC_ANPR_NETWORK
VEHEV-E690D9F464,VEH-79ADF7,2025-03-12T03:23:55,LOC-98B485,toll_crossing,TRAFFIC_ANPR_NETWORK
VEHEV-E4EB3A71D4,VEH-EEBE88,2025-03-12T06:31:49,LOC-B9CFDA,parking_entry,TRAFFIC_ANPR_NETWORK
VEHEV-F0DF81857A,VEH-66D736,2025-03-12T09:02:09,LOC-961151,parking_entry,TRAFFIC_ANPR_NETWORK
VEHEV-E98F53AF27,VEH-540237,2025-03-12T19:58:49,LOC-28DFA2,parking_entry,TRAFFIC_ANPR_NETWORK
VEHEV-97CC1F9A97,VEH-C1AD5E,2025-03-13T04:06:53,LOC-1651DD,anpr_capture,TRAFFIC_ANPR_NETWORK
VEHEV-C2E00E9DE9,VEH-479916,2025-03-13T11:40:30,LOC-3EC306,toll_crossing,TRAFFIC_ANPR_NETWORK
VEHEV-65F99EB673,VEH-FF76ED,2025-03-13T15:15:25,LOC-D2F79E,anpr_capture,TRAFFIC_ANPR_NETWORK
VEHEV-0BE2474DE7,VEH-DBFE17,2025-03-13T20:22:03,LOC-1B923E,toll_crossing,TRAFFIC_ANPR_NETWORK
VEHEV-FAAB5FE01F,VEH-8D24D5,2025-03-14T00:05:16,LOC-11E374,anpr_capture,TRAFFIC_ANPR_NETWORK
VEHEV-095449ED50,VEH-990B1F,2025-03-14T00:42:40,LOC-8546A1,parking_entry,TRAFFIC_ANPR_NETWORK
VEHEV-6BDEDC6C01,VEH-42A441,2025-03-14T11:16:55,LOC-A56A62,toll_crossing,TRAFFIC_ANPR_NETWORK
VEHEV-678D49ABBD,VEH-A50C0A,2025-03-14T17:22:15,LOC-86EE62,anpr_capture,TRAFFIC_ANPR_NETWORK
VEHEV-2ACD65B49E,VEH-D988F8,2025-03-14T18:33:53,LOC-8F9B34,toll_crossing,TRAFFIC_ANPR_NETWORK
VEHEV-CBFBED20B5,VEH-79ADF7,2025-03-15T00:22:04,LOC-858C2E,toll_crossing,TRAFFIC_ANPR_NETWORK
VEHEV-41905AF5E8,VEH-9C2620,2025-03-16T01:15:56,LOC-3BBE58,parking_entry,TRAFFIC_ANPR_NETWORK
VEHEV-5906026261,VEH-2C9AEF,2025-03-16T03:19:13,LOC-858C2E,toll_crossing,TRAFFIC_ANPR_NETWORK
VEHEV-1B440927F0,VEH-32615D,2025-03-16T07:55:25,LOC-A8778C,parking_entry,TRAFFIC_ANPR_NETWORK
VEHEV-58A16DBC79,VEH-B81B10,2025-03-16T14:40:15,LOC-B9CFDA,toll_crossing,TRAFFIC_ANPR_NETWORK
VEHEV-8FFB65F703,VEH-B81B10,2025-03-17T06:16:31,LOC-3EC306,anpr_capture,TRAFFIC_ANPR_NETWORK
VEHEV-20CEA0CC55,VEH-3AA1B5,2025-03-17T16:37:15,LOC-C609DC,anpr_capture,TRAFFIC_ANPR_NETWORK
VEHEV-C4D0BD7644,VEH-BDB3EB,2025-03-17T18:27:38,LOC-6B641B,toll_crossing,TRAFFIC_ANPR_NETWORK
VEHEV-14C4667A19,VEH-FBBD55,2025-03-17T19:01:03,LOC-443CDE,parking_entry,TRAFFIC_ANPR_NETWORK
VEHEV-D8403F1710,VEH-F7EA3C,2025-03-17T19:08:28,LOC-8546A1,parking_entry,TRAFFIC_ANPR_NETWORK
VEHEV-E2BCEBA91A,VEH-F110D5,2025-03-18T08:40:43,LOC-2E747C,anpr_capture,TRAFFIC_ANPR_NETWORK
VEHEV-ED52E9D309,VEH-2F680E,2025-03-18T15:33:40,LOC-28DFA2,parking_entry,TRAFFIC_ANPR_NETWORK
VEHEV-785B2EA012,VEH-C72BE9,2025-03-18T18:16:06,LOC-1651DD,toll_crossing,TRAFFIC_ANPR_NETWORK
VEHEV-D3FDE48CB0,VEH-2D308C,2025-03-18T18:40:41,LOC-782390,toll_crossing,TRAFFIC_ANPR_NETWORK
VEHEV-8790D75976,VEH-C27FD9,2025-03-18T20:25:53,LOC-1651DD,parking_entry,TRAFFIC_ANPR_NETWORK
VEHEV-1DA6303C37,VEH-04A3FE,2025-03-19T01:42:14,LOC-A56A62,parking_entry,TRAFFIC_ANPR_NETWORK
VEHEV-0D4A455CE3,VEH-40CCB6,2025-03-19T12:53:40,LOC-6B641B,parking_entry,TRAFFIC_ANPR_NETWORK
VEHEV-7866159413,VEH-7D614E,2025-03-19T16:35:26,LOC-3BBE58,toll_crossing,TRAFFIC_ANPR_NETWORK
VEHEV-FE23CD74D0,VEH-1A67C1,2025-03-19T17:52:23,LOC-961151,anpr_capture,TRAFFIC_ANPR_NETWORK
VEHEV-35C24D40CE,VEH-3AA1B5,2025-03-20T06:13:26,LOC-443CDE,toll_crossing,TRAFFIC_ANPR_NETWORK
VEHEV-85AA561EF5,VEH-8D24D5,2025-03-20T09:40:38,LOC-1A1F14,parking_entry,TRAFFIC_ANPR_NETWORK
VEHEV-AF181BC725,VEH-8B8D01,2025-03-20T22:00:31,LOC-49A6DB,toll_crossing,TRAFFIC_ANPR_NETWORK
VEHEV-ED60672325,VEH-14ED44,2025-03-20T23:05:08,LOC-AAC991,parking_entry,TRAFFIC_ANPR_NETWORK
VEHEV-618216809A,VEH-F7D3E8,2025-03-21T04:45:36,LOC-3EC306,toll_crossing,TRAFFIC_ANPR_NETWORK
VEHEV-D0048FE5C9,VEH-F24509,2025-03-21T12:13:52,LOC-AAC991,toll_crossing,TRAFFIC_ANPR_NETWORK
VEHEV-9652E2E2BA,VEH-6BB4F6,2025-03-22T12:10:03,LOC-443CDE,toll_crossing,TRAFFIC_ANPR_NETWORK
VEHEV-B3B3A1B41E,VEH-3F3CBC,2025-03-22T15:39:46,LOC-961151,anpr_capture,TRAFFIC_ANPR_NETWORK
VEHEV-44F5606700,VEH-07EB7A,2025-03-22T16:58:32,LOC-B9CFDA,anpr_capture,TRAFFIC_ANPR_NETWORK
VEHEV-A24B2353F6,VEH-1A67C1,2025-03-23T03:29:29,LOC-1B923E,toll_crossing,TRAFFIC_ANPR_NETWORK
VEHEV-64944F5E4E,VEH-79982A,2025-03-23T04:04:01,LOC-8F9B34,toll_crossing,TRAFFIC_ANPR_NETWORK
VEHEV-0F3E02AE75,VEH-C6047A,2025-03-23T04:47:39,LOC-7CA5D0,parking_entry,TRAFFIC_ANPR_NETWORK
VEHEV-5BF0B2D6BB,VEH-619BCF,2025-03-23T07:11:27,LOC-1B923E,anpr_capture,TRAFFIC_ANPR_NETWORK
VEHEV-1F2B8D09B4,VEH-896AF4,2025-03-23T11:08:21,LOC-1A1F14,parking_entry,TRAFFIC_ANPR_NETWORK
VEHEV-2F9D448BAC,VEH-289718,2025-03-23T15:36:16,LOC-C3A1CB,anpr_capture,TRAFFIC_ANPR_NETWORK
VEHEV-CF0DDD3B33,VEH-D4E1BE,2025-03-23T17:30:59,LOC-1A1F14,parking_entry,TRAFFIC_ANPR_NETWORK
VEHEV-D4C8A07411,VEH-299FE5,2025-03-23T18:34:17,LOC-8B4EBB,parking_entry,TRAFFIC_ANPR_NETWORK
VEHEV-21BCABEDEA,VEH-C0901A,2025-03-23T19:12:22,LOC-1651DD,anpr_capture,TRAFFIC_ANPR_NETWORK
VEHEV-96DC437864,VEH-4CF855,2025-03-24T00:12:22,LOC-D2F79E,anpr_capture,TRAFFIC_ANPR_NETWORK
VEHEV-B9AEE9897F,VEH-BC4D2F,2025-03-24T03:14:00,LOC-246595,toll_crossing,TRAFFIC_ANPR_NETWORK
VEHEV-21A64EA266,VEH-18F9D1,2025-03-24T05:27:53,LOC-056FB8,anpr_capture,TRAFFIC_ANPR_NETWORK
VEHEV-7AAF08BF7E,VEH-154687,2025-03-24T09:49:35,LOC-443CDE,toll_crossing,TRAFFIC_ANPR_NETWORK
VEHEV-3CEE842FCC,VEH-A87390,2025-03-24T19:58:38,LOC-4AB381,anpr_capture,TRAFFIC_ANPR_NETWORK
VEHEV-3FC17E5AA9,VEH-ECA7C4,2025-03-25T02:15:24,LOC-1A1F14,parking_entry,TRAFFIC_ANPR_NETWORK
VEHEV-49E5E650B0,VEH-D8AC4C,2025-03-25T03:25:34,LOC-564023,parking_entry,TRAFFIC_ANPR_NETWORK
VEHEV-52660CAD22,VEH-7D5BEE,2025-03-25T07:17:45,LOC-60AA0D,toll_crossing,TRAFFIC_ANPR_NETWORK
VEHEV-1C983E9EA8,VEH-99FB63,2025-03-25T09:51:56,LOC-8F9B34,toll_crossing,TRAFFIC_ANPR_NETWORK
VEHEV-39B25AE27C,VEH-B58A64,2025-03-25T12:25:39,LOC-1B923E,toll_crossing,TRAFFIC_ANPR_NETWORK
VEHEV-64359D894A,VEH-430C47,2025-03-25T13:29:26,LOC-CBE54C,anpr_capture,TRAFFIC_ANPR_NETWORK
VEHEV-4FD94EB71A,VEH-B81B10,2025-03-25T18:42:33,LOC-3BBE58,parking_entry,TRAFFIC_ANPR_NETWORK
VEHEV-6E91F791E1,VEH-9C2620,2025-03-25T20:38:48,LOC-1A1F14,anpr_capture,TRAFFIC_ANPR_NETWORK
VEHEV-4B4D4D6687,VEH-DE4EE0,2025-03-26T00:28:14,LOC-0826C0,parking_entry,TRAFFIC_ANPR_NETWORK
VEHEV-BE76BC9A44,VEH-9D806D,2025-03-26T04:37:24,LOC-49A6DB,toll_crossing,TRAFFIC_ANPR_NETWORK
VEHEV-648A5228C4,VEH-3D7608,2025-03-26T07:50:31,LOC-8343B9,toll_crossing,TRAFFIC_ANPR_NETWORK
VEHEV-DB99729ADF,VEH-15EC0F,2025-03-26T13:36:17,LOC-D2F79E,parking_entry,TRAFFIC_ANPR_NETWORK
VEHEV-081B537F82,VEH-FF76ED,2025-03-26T14:57:28,LOC-28DFA2,toll_crossing,TRAFFIC_ANPR_NETWORK
VEHEV-BD37955A86,VEH-724A0D,2025-03-26T17:44:52,LOC-8F9B34,anpr_capture,TRAFFIC_ANPR_NETWORK
VEHEV-FA6657608D,VEH-A769F7,2025-03-27T00:36:17,LOC-28DFA2,anpr_capture,TRAFFIC_ANPR_NETWORK
VEHEV-A830578C28,VEH-D988F8,2025-03-27T02:41:18,LOC-0F4A38,toll_crossing,TRAFFIC_ANPR_NETWORK
VEHEV-13C4EB154F,VEH-724A0D,2025-03-27T02:42:06,LOC-AAC991,anpr_capture,TRAFFIC_ANPR_NETWORK
VEHEV-B44D0B0B01,VEH-E88E5A,2025-03-27T03:22:57,LOC-961151,toll_crossing,TRAFFIC_ANPR_NETWORK
VEHEV-6B30228E68,VEH-50E854,2025-03-27T08:09:19,LOC-5653D4,toll_crossing,TRAFFIC_ANPR_NETWORK
VEHEV-517A591BD3,VEH-92C7A9,2025-03-27T08:09:42,LOC-8B4EBB,parking_entry,TRAFFIC_ANPR_NETWORK
VEHEV-57CE49D0CA,VEH-74BCBA,2025-03-27T09:51:06,LOC-056FB8,parking_entry,TRAFFIC_ANPR_NETWORK
VEHEV-9C2C627B34,VEH-43898D,2025-03-27T15:53:56,LOC-6B641B,toll_crossing,TRAFFIC_ANPR_NETWORK
VEHEV-893F2FEE5E,VEH-BC4D2F,2025-03-27T20:22:17,LOC-98B485,parking_entry,TRAFFIC_ANPR_NETWORK
VEHEV-0FE5C1B68B,VEH-B1CA00,2025-03-27T20:57:44,LOC-D2F79E,toll_crossing,TRAFFIC_ANPR_NETWORK
VEHEV-41F24DCAFE,VEH-79982A,2025-03-28T02:11:15,LOC-CBE54C,anpr_capture,TRAFFIC_ANPR_NETWORK
VEHEV-D03F1D43F9,VEH-5F6C14,2025-03-28T08:35:52,LOC-6B641B,anpr_capture,TRAFFIC_ANPR_NETWORK
VEHEV-01CF27AE7E,VEH-957D72,2025-03-28T09:54:49,LOC-8546A1,anpr_capture,TRAFFIC_ANPR_NETWORK
VEHEV-3AFC9E1001,VEH-F8A27A,2025-03-28T15:28:55,LOC-A56A62,toll_crossing,TRAFFIC_ANPR_NETWORK
VEHEV-D1E25FC22A,VEH-11F494,2025-03-28T19:42:04,LOC-4AB381,parking_entry,TRAFFIC_ANPR_NETWORK
VEHEV-82EA39A35A,VEH-2A3133,2025-03-29T03:24:22,LOC-1B923E,anpr_capture,TRAFFIC_ANPR_NETWORK
VEHEV-8943D559AD,VEH-F6901F,2025-03-29T03:54:44,LOC-49A6DB,toll_crossing,TRAFFIC_ANPR_NETWORK
VEHEV-61F32939C6,VEH-B1CA00,2025-03-29T07:45:56,LOC-98B485,anpr_capture,TRAFFIC_ANPR_NETWORK
VEHEV-9555FF2D51,VEH-2F680E,2025-03-29T08:10:36,LOC-550AE8,anpr_capture,TRAFFIC_ANPR_NETWORK
VEHEV-BB388D46CC,VEH-990B1F,2025-03-29T08:11:37,LOC-8B4EBB,toll_crossing,TRAFFIC_ANPR_NETWORK
VEHEV-8027A12BFD,VEH-129D6F,2025-03-29T12:04:48,LOC-D2F79E,anpr_capture,TRAFFIC_ANPR_NETWORK
VEHEV-05607C3CA2,VEH-DE4955,2025-03-29T17:15:30,LOC-3BBE58,toll_crossing,TRAFFIC_ANPR_NETWORK
VEHEV-3FAB2F365B,VEH-F87888,2025-03-29T21:00:52,LOC-B9CFDA,parking_entry,TRAFFIC_ANPR_NETWORK
VEHEV-2FDB8F0461,VEH-4629C7,2025-03-30T15:22:01,LOC-4AB381,parking_entry,TRAFFIC_ANPR_NETWORK
VEHEV-B0966A0DD4,VEH-299FE5,2025-03-30T20:48:10,LOC-2E747C,parking_entry,TRAFFIC_ANPR_NETWORK
VEHEV-6C8387D5D0,VEH-4CF855,2025-03-30T22:45:58,LOC-3BBE58,parking_entry,TRAFFIC_ANPR_NETWORK
VEHEV-F78FEA8479,VEH-74BCBA,2025-03-31T07:49:15,LOC-5653D4,toll_crossing,TRAFFIC_ANPR_NETWORK
VEHEV-35A5012B45,VEH-1A67C1,2025-03-31T11:58:51,LOC-782390,toll_crossing,TRAFFIC_ANPR_NETWORK
VEHEV-C47677D17D,VEH-30B831,2025-03-31T14:53:10,LOC-D2F79E,toll_crossing,TRAFFIC_ANPR_NETWORK
VEHEV-A4C1668501,VEH-ECA7C4,2025-03-31T16:18:51,LOC-961151,anpr_capture,TRAFFIC_ANPR_NETWORK
VEHEV-50EE32DF86,VEH-0478A9,2025-04-01T04:18:18,LOC-CBE54C,toll_crossing,TRAFFIC_ANPR_NETWORK
VEHEV-E78E004144,VEH-834B3F,2025-04-01T04:41:40,LOC-443CDE,anpr_capture,TRAFFIC_ANPR_NETWORK
VEHEV-FDDD5F5E93,VEH-D988F8,2025-04-01T13:47:56,LOC-11E374,toll_crossing,TRAFFIC_ANPR_NETWORK
VEHEV-C38C21FA9A,VEH-51A60A,2025-04-01T18:49:32,LOC-0826C0,anpr_capture,TRAFFIC_ANPR_NETWORK
VEHEV-2157B98C5A,VEH-3D7608,2025-04-01T20:41:40,LOC-A8778C,parking_entry,TRAFFIC_ANPR_NETWORK
VEHEV-162D8E05CB,VEH-95682B,2025-04-01T20:48:45,LOC-8546A1,anpr_capture,TRAFFIC_ANPR_NETWORK
VEHEV-A66533C8DB,VEH-A25387,2025-04-02T00:45:17,LOC-A56A62,toll_crossing,TRAFFIC_ANPR_NETWORK
VEHEV-80F55681AA,VEH-FF3C3F,2025-04-02T04:06:35,LOC-C3A1CB,toll_crossing,TRAFFIC_ANPR_NETWORK
VEHEV-387876F2DF,VEH-F7D3E8,2025-04-02T13:51:23,LOC-B9CFDA,toll_crossing,TRAFFIC_ANPR_NETWORK
VEHEV-31FCED3C6C,VEH-1A67C1,2025-04-02T19:40:38,LOC-1651DD,parking_entry,TRAFFIC_ANPR_NETWORK
VEHEV-A278139F57,VEH-8D28C2,2025-04-02T20:26:16,LOC-1B923E,toll_crossing,TRAFFIC_ANPR_NETWORK
VEHEV-F8352E4F89,VEH-5CD031,2025-04-02T23:38:38,LOC-443CDE,toll_crossing,TRAFFIC_ANPR_NETWORK
VEHEV-01562EDE57,VEH-60122E,2025-04-03T03:25:42,LOC-443CDE,parking_entry,TRAFFIC_ANPR_NETWORK
VEHEV-795F301493,VEH-43898D,2025-04-03T06:47:09,LOC-2E747C,parking_entry,TRAFFIC_ANPR_NETWORK
VEHEV-12D1DB528B,VEH-A25387,2025-04-03T13:46:33,LOC-98B485,toll_crossing,TRAFFIC_ANPR_NETWORK
VEHEV-E52EAF8F47,VEH-E556AE,2025-04-03T16:31:07,LOC-782390,toll_crossing,TRAFFIC_ANPR_NETWORK
VEHEV-63C4C447C8,VEH-E472FE,2025-04-03T19:52:23,LOC-6B641B,anpr_capture,TRAFFIC_ANPR_NETWORK
VEHEV-F0E5D0A9EB,VEH-68DCCB,2025-04-04T08:58:33,LOC-86EE62,parking_entry,TRAFFIC_ANPR_NETWORK
VEHEV-E265550869,VEH-192ED8,2025-04-05T06:17:59,LOC-4AB381,anpr_capture,TRAFFIC_ANPR_NETWORK
VEHEV-4A167EB724,VEH-465718,2025-04-05T15:12:06,LOC-B8654D,toll_crossing,TRAFFIC_ANPR_NETWORK
VEHEV-DCFCA564FF,VEH-C27FD9,2025-04-05T15:21:20,LOC-0826C0,anpr_capture,TRAFFIC_ANPR_NETWORK
VEHEV-EFE0B4C66B,VEH-DF8641,2025-04-05T22:16:42,LOC-11E374,parking_entry,TRAFFIC_ANPR_NETWORK
VEHEV-1390C3166C,VEH-D236A4,2025-04-06T05:40:56,LOC-B9CFDA,parking_entry,TRAFFIC_ANPR_NETWORK
VEHEV-11E88DFBEE,VEH-F6EB17,2025-04-06T07:34:16,LOC-AAC991,anpr_capture,TRAFFIC_ANPR_NETWORK
VEHEV-7F3971D2AD,VEH-809BDE,2025-04-07T09:24:47,LOC-8F9B34,toll_crossing,TRAFFIC_ANPR_NETWORK
VEHEV-20A12070EC,VEH-204EB6,2025-04-07T09:33:47,LOC-550AE8,toll_crossing,TRAFFIC_ANPR_NETWORK
VEHEV-6D58C88D7E,VEH-983B89,2025-04-07T20:54:12,LOC-8F9B34,parking_entry,TRAFFIC_ANPR_NETWORK
VEHEV-CE30CA73C3,VEH-B81B10,2025-04-07T21:10:38,LOC-8F9B34,parking_entry,TRAFFIC_ANPR_NETWORK
VEHEV-79F75F8F8C,VEH-527EB5,2025-04-08T02:12:09,LOC-60AA0D,parking_entry,TRAFFIC_ANPR_NETWORK
VEHEV-2D9C0C6B72,VEH-64AE34,2025-04-08T02:19:43,LOC-443CDE,toll_crossing,TRAFFIC_ANPR_NETWORK
VEHEV-CE1FBF3AD3,VEH-8B8D01,2025-04-08T06:48:10,LOC-CBE54C,toll_crossing,TRAFFIC_ANPR_NETWORK
VEHEV-E378CEE929,VEH-74BCBA,2025-04-08T12:20:02,LOC-AAC991,parking_entry,TRAFFIC_ANPR_NETWORK
VEHEV-72B5C93D08,VEH-DEEB48,2025-04-08T13:56:31,LOC-246595,toll_crossing,TRAFFIC_ANPR_NETWORK
VEHEV-4BC451473C,VEH-EF1616,2025-04-09T00:02:49,LOC-A8778C,anpr_capture,TRAFFIC_ANPR_NETWORK
VEHEV-FCDBB5DDB6,VEH-B7338E,2025-04-09T04:10:50,LOC-A56A62,toll_crossing,TRAFFIC_ANPR_NETWORK
VEHEV-31BBF0F529,VEH-0478A9,2025-04-09T04:16:27,LOC-D2F79E,parking_entry,TRAFFIC_ANPR_NETWORK
VEHEV-2734435EA3,VEH-E28F4A,2025-04-09T13:26:16,LOC-564023,toll_crossing,TRAFFIC_ANPR_NETWORK
VEHEV-357DAA290D,VEH-7BA5B2,2025-04-09T17:09:32,LOC-D2F79E,parking_entry,TRAFFIC_ANPR_NETWORK
VEHEV-5C374115FB,VEH-BEC8DB,2025-04-09T18:50:12,LOC-C75B69,parking_entry,TRAFFIC_ANPR_NETWORK
VEHEV-DD1A18277F,VEH-143544,2025-04-09T18:51:33,LOC-1651DD,toll_crossing,TRAFFIC_ANPR_NETWORK
VEHEV-823CB55171,VEH-A89C8B,2025-04-09T20:36:59,LOC-49A6DB,toll_crossing,TRAFFIC_ANPR_NETWORK
VEHEV-2409393ABD,VEH-C6047A,2025-04-09T21:31:01,LOC-550AE8,anpr_capture,TRAFFIC_ANPR_NETWORK
VEHEV-2846573442,VEH-66D736,2025-04-10T10:49:30,LOC-CBE54C,anpr_capture,TRAFFIC_ANPR_NETWORK
VEHEV-399FAB348F,VEH-68B60A,2025-04-10T11:31:35,LOC-246595,parking_entry,TRAFFIC_ANPR_NETWORK
VEHEV-E04821A036,VEH-32615D,2025-04-10T22:11:27,LOC-8546A1,parking_entry,TRAFFIC_ANPR_NETWORK
VEHEV-D8033F4BF6,VEH-B81B10,2025-04-11T07:15:32,LOC-3EC306,toll_crossing,TRAFFIC_ANPR_NETWORK
VEHEV-C8C6925299,VEH-64AE34,2025-04-11T11:15:40,LOC-782390,anpr_capture,TRAFFIC_ANPR_NETWORK
VEHEV-A40895E14D,VEH-11F494,2025-04-11T11:41:54,LOC-B8654D,parking_entry,TRAFFIC_ANPR_NETWORK
VEHEV-2F15CEAFDE,VEH-3F3CBC,2025-04-11T11:51:09,LOC-0826C0,toll_crossing,TRAFFIC_ANPR_NETWORK
VEHEV-A83CF2D8FE,VEH-FAF976,2025-04-11T13:18:45,LOC-961151,parking_entry,TRAFFIC_ANPR_NETWORK
VEHEV-04CEB5408B,VEH-79FF14,2025-04-11T15:47:18,LOC-0F4A38,toll_crossing,TRAFFIC_ANPR_NETWORK
VEHEV-3FAAE430EF,VEH-B2E6B8,2025-04-11T18:02:25,LOC-3EC306,anpr_capture,TRAFFIC_ANPR_NETWORK
VEHEV-BBCD7CEBC3,VEH-D236A4,2025-04-11T19:52:54,LOC-8343B9,parking_entry,TRAFFIC_ANPR_NETWORK
VEHEV-8818E3CFD0,VEH-C27D72,2025-04-11T23:59:50,LOC-8F9B34,toll_crossing,TRAFFIC_ANPR_NETWORK
VEHEV-885E2094C9,VEH-F87888,2025-04-12T06:10:29,LOC-8343B9,parking_entry,TRAFFIC_ANPR_NETWORK
VEHEV-8C43D0789C,VEH-DE4EE0,2025-04-12T06:43:21,LOC-C75B69,toll_crossing,TRAFFIC_ANPR_NETWORK
VEHEV-ED34E5A5D8,VEH-424E0A,2025-04-12T09:25:22,LOC-A8778C,toll_crossing,TRAFFIC_ANPR_NETWORK
VEHEV-5B9A6BA2EA,VEH-24FFC2,2025-04-12T10:58:52,LOC-60AA0D,parking_entry,TRAFFIC_ANPR_NETWORK
VEHEV-6AC490AB49,VEH-DBFE17,2025-04-12T20:01:46,LOC-98B485,parking_entry,TRAFFIC_ANPR_NETWORK
VEHEV-A16E884C72,VEH-B2E6B8,2025-04-12T21:04:34,LOC-858C2E,anpr_capture,TRAFFIC_ANPR_NETWORK
VEHEV-9EDAB846BB,VEH-51607B,2025-04-13T08:14:39,LOC-246595,parking_entry,TRAFFIC_ANPR_NETWORK
VEHEV-7D2D732BB7,VEH-518EA0,2025-04-13T15:15:00,LOC-8343B9,toll_crossing,TRAFFIC_ANPR_NETWORK
VEHEV-DF9DF9D22D,VEH-32615D,2025-04-13T15:23:33,LOC-8F9B34,anpr_capture,TRAFFIC_ANPR_NETWORK
VEHEV-7DC5020924,VEH-789FF5,2025-04-13T16:01:45,LOC-A8778C,toll_crossing,TRAFFIC_ANPR_NETWORK
VEHEV-4ABB57D5F0,VEH-C7D3A2,2025-04-14T04:02:05,LOC-8B4EBB,toll_crossing,TRAFFIC_ANPR_NETWORK
VEHEV-4D5621D295,VEH-51A60A,2025-04-14T16:38:02,LOC-49A6DB,toll_crossing,TRAFFIC_ANPR_NETWORK
VEHEV-0CE85C61DE,VEH-957D72,2025-04-14T17:39:06,LOC-5653D4,toll_crossing,TRAFFIC_ANPR_NETWORK
VEHEV-748EF18C1F,VEH-DE3C79,2025-04-15T15:24:57,LOC-0826C0,toll_crossing,TRAFFIC_ANPR_NETWORK
VEHEV-7A0A37C962,VEH-F90BF8,2025-04-15T15:52:44,LOC-A8778C,parking_entry,TRAFFIC_ANPR_NETWORK
VEHEV-A24ED1C8D5,VEH-C27D72,2025-04-15T21:59:28,LOC-AAC991,toll_crossing,TRAFFIC_ANPR_NETWORK
VEHEV-15D2B238E9,VEH-3D7608,2025-04-16T01:20:17,LOC-3BBE58,toll_crossing,TRAFFIC_ANPR_NETWORK
VEHEV-CC47565668,VEH-0A13C0,2025-04-16T07:54:49,LOC-1B923E,toll_crossing,TRAFFIC_ANPR_NETWORK
VEHEV-C7393F81F4,VEH-BC4D2F,2025-04-17T06:42:59,LOC-A8778C,toll_crossing,TRAFFIC_ANPR_NETWORK
VEHEV-F50247DAB8,VEH-154687,2025-04-17T07:47:22,LOC-0F4A38,anpr_capture,TRAFFIC_ANPR_NETWORK
VEHEV-D70D281EF8,VEH-F7D3E8,2025-04-17T21:15:15,LOC-166DD6,parking_entry,TRAFFIC_ANPR_NETWORK
VEHEV-0EAC71E9AF,VEH-D03371,2025-04-17T22:44:59,LOC-49A6DB,parking_entry,TRAFFIC_ANPR_NETWORK
VEHEV-811A0FE061,VEH-D054BE,2025-04-18T04:24:40,LOC-D2F79E,parking_entry,TRAFFIC_ANPR_NETWORK
VEHEV-D44E6C18BE,VEH-F9D5E2,2025-04-18T10:26:13,LOC-443CDE,anpr_capture,TRAFFIC_ANPR_NETWORK
VEHEV-42A9C223B2,VEH-C96C55,2025-04-18T19:44:29,LOC-60AA0D,toll_crossing,TRAFFIC_ANPR_NETWORK
VEHEV-10E3802B3D,VEH-C27D72,2025-04-19T07:15:32,LOC-961151,parking_entry,TRAFFIC_ANPR_NETWORK
VEHEV-2953A15B52,VEH-6F278E,2025-04-19T11:04:49,LOC-8F9B34,toll_crossing,TRAFFIC_ANPR_NETWORK
VEHEV-BE14C638D7,VEH-00A4A2,2025-04-19T13:18:22,LOC-60AA0D,toll_crossing,TRAFFIC_ANPR_NETWORK
VEHEV-844AEBB057,VEH-4C6E56,2025-04-19T14:56:02,LOC-858C2E,toll_crossing,TRAFFIC_ANPR_NETWORK
VEHEV-D21BA01C47,VEH-9F0193,2025-04-19T23:55:48,LOC-86EE62,toll_crossing,TRAFFIC_ANPR_NETWORK
VEHEV-14F2F1E168,VEH-FA9F7D,2025-04-20T08:24:12,LOC-8B4EBB,toll_crossing,TRAFFIC_ANPR_NETWORK
VEHEV-3261250387,VEH-D236A4,2025-04-20T08:45:18,LOC-246595,parking_entry,TRAFFIC_ANPR_NETWORK
VEHEV-3D428DA123,VEH-C0901A,2025-04-20T17:21:31,LOC-49A6DB,parking_entry,TRAFFIC_ANPR_NETWORK
VEHEV-9C7AE783B5,VEH-EF1616,2025-04-21T10:34:15,LOC-056FB8,toll_crossing,TRAFFIC_ANPR_NETWORK
VEHEV-19E991CF1E,VEH-5BBA14,2025-04-21T17:24:04,LOC-C75B69,toll_crossing,TRAFFIC_ANPR_NETWORK
VEHEV-8E3AA58084,VEH-A69C70,2025-04-22T02:01:06,LOC-60AA0D,toll_crossing,TRAFFIC_ANPR_NETWORK
VEHEV-A62BB7E390,VEH-ECA8AD,2025-04-22T18:56:15,LOC-AAC991,parking_entry,TRAFFIC_ANPR_NETWORK
VEHEV-18ECD13A88,VEH-6BB4F6,2025-04-23T00:26:53,LOC-D2F79E,parking_entry,TRAFFIC_ANPR_NETWORK
VEHEV-F6D3D546B1,VEH-BEC8DB,2025-04-23T02:23:48,LOC-056FB8,anpr_capture,TRAFFIC_ANPR_NETWORK
VEHEV-34631E750B,VEH-C27D72,2025-04-23T02:34:00,LOC-1B923E,anpr_capture,TRAFFIC_ANPR_NETWORK
VEHEV-7A067B5B44,VEH-A69C70,2025-04-23T08:13:22,LOC-443CDE,anpr_capture,TRAFFIC_ANPR_NETWORK
VEHEV-8740F210ED,VEH-39D999,2025-04-23T10:06:33,LOC-166DD6,anpr_capture,TRAFFIC_ANPR_NETWORK
VEHEV-AB7CE4B381,VEH-85B1E7,2025-04-23T12:48:49,LOC-8343B9,anpr_capture,TRAFFIC_ANPR_NETWORK
VEHEV-6BB2D86D47,VEH-A769F7,2025-04-24T02:10:17,LOC-A8778C,anpr_capture,TRAFFIC_ANPR_NETWORK
VEHEV-1A4B1A09E6,VEH-5F5B99,2025-04-24T04:18:08,LOC-B8654D,anpr_capture,TRAFFIC_ANPR_NETWORK
VEHEV-6C81844B8C,VEH-A769F7,2025-04-24T12:37:21,LOC-0F4A38,parking_entry,TRAFFIC_ANPR_NETWORK
VEHEV-559DB7EEF0,VEH-916D9E,2025-04-24T16:56:30,LOC-CBE54C,toll_crossing,TRAFFIC_ANPR_NETWORK
VEHEV-8DFC925BC3,VEH-6BB4F6,2025-04-25T21:33:14,LOC-AAC991,anpr_capture,TRAFFIC_ANPR_NETWORK
VEHEV-7C8D4B0C17,VEH-A769F7,2025-04-25T22:23:54,LOC-C3A1CB,anpr_capture,TRAFFIC_ANPR_NETWORK
VEHEV-C0C889D827,VEH-18F9D1,2025-04-25T23:42:42,LOC-8546A1,anpr_capture,TRAFFIC_ANPR_NETWORK
VEHEV-75A4DD1E6D,VEH-986597,2025-04-26T02:31:51,LOC-28DFA2,toll_crossing,TRAFFIC_ANPR_NETWORK
VEHEV-7CB6C0835A,VEH-896AF4,2025-04-26T11:03:03,LOC-056FB8,parking_entry,TRAFFIC_ANPR_NETWORK
VEHEV-A9220953C2,VEH-C0901A,2025-04-26T11:56:47,LOC-1A1F14,anpr_capture,TRAFFIC_ANPR_NETWORK
VEHEV-45674131F1,VEH-B22741,2025-04-26T12:08:13,LOC-0F4A38,anpr_capture,TRAFFIC_ANPR_NETWORK
VEHEV-30AC272293,VEH-DE4EE0,2025-04-26T15:18:40,LOC-782390,anpr_capture,TRAFFIC_ANPR_NETWORK
VEHEV-859438DF63,VEH-F87888,2025-04-26T15:37:03,LOC-8B4EBB,anpr_capture,TRAFFIC_ANPR_NETWORK
VEHEV-DCDF940ECC,VEH-0128ED,2025-04-27T03:14:57,LOC-A8778C,anpr_capture,TRAFFIC_ANPR_NETWORK
VEHEV-545D2569EB,VEH-9D806D,2025-04-27T16:31:21,LOC-C609DC,parking_entry,TRAFFIC_ANPR_NETWORK
VEHEV-5504A29624,VEH-50E854,2025-04-27T17:26:05,LOC-8546A1,toll_crossing,TRAFFIC_ANPR_NETWORK
VEHEV-A8D8386ADE,VEH-1C5D97,2025-04-27T18:36:28,LOC-C3A1CB,parking_entry,TRAFFIC_ANPR_NETWORK
VEHEV-F73FAA4D3C,VEH-79982A,2025-04-27T21:16:39,LOC-4AB381,toll_crossing,TRAFFIC_ANPR_NETWORK
VEHEV-615523A3B4,VEH-3418BD,2025-04-28T00:37:49,LOC-550AE8,toll_crossing,TRAFFIC_ANPR_NETWORK
VEHEV-E436FBFED1,VEH-3D7608,2025-04-28T03:01:27,LOC-3EC306,toll_crossing,TRAFFIC_ANPR_NETWORK
VEHEV-D73E09D57B,VEH-025E62,2025-04-28T17:34:08,LOC-1651DD,parking_entry,TRAFFIC_ANPR_NETWORK
VEHEV-059027859F,VEH-39D999,2025-04-28T22:22:43,LOC-1651DD,anpr_capture,TRAFFIC_ANPR_NETWORK
VEHEV-13931F11CD,VEH-FF76ED,2025-04-29T07:41:04,LOC-11E374,anpr_capture,TRAFFIC_ANPR_NETWORK
VEHEV-28E9D41A02,VEH-14ED44,2025-04-29T17:33:41,LOC-C75B69,toll_crossing,TRAFFIC_ANPR_NETWORK
VEHEV-BB5C2A48A6,VEH-14ED44,2025-04-29T19:40:22,LOC-11E374,anpr_capture,TRAFFIC_ANPR_NETWORK
VEHEV-7A0523CDAC,VEH-3AA1B5,2025-04-29T19:52:20,LOC-2E747C,toll_crossing,TRAFFIC_ANPR_NETWORK
VEHEV-A481C0419C,VEH-8B8D01,2025-04-30T06:13:16,LOC-1B923E,parking_entry,TRAFFIC_ANPR_NETWORK
VEHEV-149A73FADD,VEH-BC4D2F,2025-04-30T13:27:00,LOC-8B4EBB,parking_entry,TRAFFIC_ANPR_NETWORK
VEHEV-C3550C6C8B,VEH-C7D3A2,2025-04-30T15:53:44,LOC-8F9B34,toll_crossing,TRAFFIC_ANPR_NETWORK
VEHEV-0859767794,VEH-2C9AEF,2025-04-30T19:29:01,LOC-49A6DB,anpr_capture,TRAFFIC_ANPR_NETWORK
VEHEV-2520D278B8,VEH-C0901A,2025-05-01T03:43:54,LOC-443CDE,toll_crossing,TRAFFIC_ANPR_NETWORK
VEHEV-DFA5D34A7A,VEH-9CF527,2025-05-01T11:25:00,LOC-166DD6,toll_crossing,TRAFFIC_ANPR_NETWORK
VEHEV-00AA1DF75C,VEH-465718,2025-05-01T12:19:56,LOC-8B4EBB,parking_entry,TRAFFIC_ANPR_NETWORK
VEHEV-1562DE96D2,VEH-DEEB48,2025-05-01T15:26:46,LOC-98B485,parking_entry,TRAFFIC_ANPR_NETWORK
VEHEV-BADD7C4376,VEH-7D614E,2025-05-01T16:51:45,LOC-28DFA2,toll_crossing,TRAFFIC_ANPR_NETWORK
VEHEV-B4DC8FEDDF,VEH-5B899F,2025-05-01T21:35:49,LOC-49A6DB,toll_crossing,TRAFFIC_ANPR_NETWORK
VEHEV-E4C7381F96,VEH-66D736,2025-05-02T03:11:20,LOC-4AB381,parking_entry,TRAFFIC_ANPR_NETWORK
VEHEV-412416236F,VEH-D4E1BE,2025-05-02T17:17:18,LOC-C75B69,parking_entry,TRAFFIC_ANPR_NETWORK
VEHEV-8CEBFFDA29,VEH-92F5E9,2025-05-02T20:53:51,LOC-A56A62,anpr_capture,TRAFFIC_ANPR_NETWORK
VEHEV-3063654D9A,VEH-51A60A,2025-05-02T22:39:16,LOC-49A6DB,anpr_capture,TRAFFIC_ANPR_NETWORK
VEHEV-944A292C4A,VEH-0E6ED7,2025-05-03T00:22:53,LOC-7CA5D0,anpr_capture,TRAFFIC_ANPR_NETWORK
VEHEV-C971ED8F3A,VEH-531456,2025-05-03T02:16:40,LOC-D2F79E,parking_entry,TRAFFIC_ANPR_NETWORK
VEHEV-6602A1AA36,VEH-C0901A,2025-05-03T07:46:44,LOC-A8778C,anpr_capture,TRAFFIC_ANPR_NETWORK
VEHEV-7C4EB7B2A4,VEH-A87390,2025-05-03T15:14:16,LOC-C609DC,parking_entry,TRAFFIC_ANPR_NETWORK
VEHEV-82FE6D0847,VEH-52FF4A,2025-05-03T15:46:41,LOC-7CA5D0,parking_entry,TRAFFIC_ANPR_NETWORK
VEHEV-9A10145D21,VEH-30B831,2025-05-03T17:30:58,LOC-8343B9,anpr_capture,TRAFFIC_ANPR_NETWORK
VEHEV-22AC75FF9E,VEH-5E0373,2025-05-03T18:27:12,LOC-6B641B,anpr_capture,TRAFFIC_ANPR_NETWORK
VEHEV-DBF19FB0BB,VEH-E88E5A,2025-05-04T03:14:13,LOC-98B485,toll_crossing,TRAFFIC_ANPR_NETWORK
VEHEV-D90D8EDAC0,VEH-3418BD,2025-05-04T20:42:02,LOC-166DD6,anpr_capture,TRAFFIC_ANPR_NETWORK
VEHEV-994D2CA559,VEH-AA5946,2025-05-05T01:21:47,LOC-6B641B,parking_entry,TRAFFIC_ANPR_NETWORK
VEHEV-F35862F998,VEH-983B89,2025-05-05T02:10:56,LOC-C3A1CB,toll_crossing,TRAFFIC_ANPR_NETWORK
VEHEV-4763666112,VEH-A50C0A,2025-05-05T08:54:48,LOC-7CA5D0,parking_entry,TRAFFIC_ANPR_NETWORK
VEHEV-C3A0542AD3,VEH-6A8030,2025-05-05T09:32:09,LOC-8F9B34,anpr_capture,TRAFFIC_ANPR_NETWORK
VEHEV-123F9CC589,VEH-299FE5,2025-05-05T13:58:40,LOC-1651DD,parking_entry,TRAFFIC_ANPR_NETWORK
VEHEV-229958A52D,VEH-A3A586,2025-05-05T18:19:15,LOC-550AE8,anpr_capture,TRAFFIC_ANPR_NETWORK
VEHEV-75F01CD822,VEH-3AA1B5,2025-05-05T20:40:33,LOC-C3A1CB,toll_crossing,TRAFFIC_ANPR_NETWORK
VEHEV-1B88F1766F,VEH-5AAD80,2025-05-06T00:04:11,LOC-A8778C,parking_entry,TRAFFIC_ANPR_NETWORK
VEHEV-D03709D039,VEH-1619C7,2025-05-06T03:44:29,LOC-443CDE,anpr_capture,TRAFFIC_ANPR_NETWORK
VEHEV-990EC4210C,VEH-B58A64,2025-05-06T05:21:16,LOC-CBE54C,anpr_capture,TRAFFIC_ANPR_NETWORK
VEHEV-E3AF0DC038,VEH-222D1C,2025-05-06T12:53:57,LOC-8546A1,parking_entry,TRAFFIC_ANPR_NETWORK
VEHEV-EDA6AF5EAF,VEH-E28F4A,2025-05-06T13:01:35,LOC-0826C0,toll_crossing,TRAFFIC_ANPR_NETWORK
VEHEV-56768BDF6F,VEH-3D7608,2025-05-06T14:00:48,LOC-AAC991,toll_crossing,TRAFFIC_ANPR_NETWORK
VEHEV-B5C7B7FBD1,VEH-B5CB13,2025-05-06T14:26:35,LOC-3EC306,toll_crossing,TRAFFIC_ANPR_NETWORK
VEHEV-1EC8DE3DCB,VEH-5E0373,2025-05-06T19:24:29,LOC-443CDE,parking_entry,TRAFFIC_ANPR_NETWORK
VEHEV-20C8984134,VEH-4AA2FB,2025-05-06T20:23:23,LOC-056FB8,toll_crossing,TRAFFIC_ANPR_NETWORK
VEHEV-6E525BB2BA,VEH-724A0D,2025-05-06T21:02:25,LOC-49A6DB,parking_entry,TRAFFIC_ANPR_NETWORK
VEHEV-1ECB8DA732,VEH-DEEB48,2025-05-06T23:27:58,LOC-1B923E,toll_crossing,TRAFFIC_ANPR_NETWORK
VEHEV-A84AE6DF15,VEH-32615D,2025-05-07T00:38:26,LOC-4AB381,parking_entry,TRAFFIC_ANPR_NETWORK
VEHEV-EA731AA297,VEH-916D9E,2025-05-07T01:57:53,LOC-8546A1,parking_entry,TRAFFIC_ANPR_NETWORK
VEHEV-56F5FCD016,VEH-19FE3A,2025-05-07T05:57:37,LOC-8343B9,toll_crossing,TRAFFIC_ANPR_NETWORK
VEHEV-E0A4872355,VEH-C27D72,2025-05-07T09:22:11,LOC-86EE62,anpr_capture,TRAFFIC_ANPR_NETWORK
VEHEV-34BDAB0B7E,VEH-68E1F9,2025-05-07T10:06:44,LOC-B8654D,toll_crossing,TRAFFIC_ANPR_NETWORK
VEHEV-CBB8B7842D,VEH-518EA0,2025-05-07T14:13:57,LOC-4AB381,toll_crossing,TRAFFIC_ANPR_NETWORK
VEHEV-3EC6866ADF,VEH-C27D72,2025-05-07T16:44:27,LOC-782390,parking_entry,TRAFFIC_ANPR_NETWORK
VEHEV-937E6B5F42,VEH-EEBE88,2025-05-07T20:24:20,LOC-3EC306,anpr_capture,TRAFFIC_ANPR_NETWORK
VEHEV-80F088DACB,VEH-28AE2D,2025-05-07T23:17:13,LOC-11E374,parking_entry,TRAFFIC_ANPR_NETWORK
VEHEV-A078D7D7AC,VEH-DE4955,2025-05-08T00:39:45,LOC-A56A62,toll_crossing,TRAFFIC_ANPR_NETWORK
VEHEV-2455AC73CE,VEH-DE4EE0,2025-05-08T02:40:30,LOC-CBE54C,anpr_capture,TRAFFIC_ANPR_NETWORK
VEHEV-6CAE56463A,VEH-A4D76A,2025-05-08T13:54:26,LOC-86EE62,anpr_capture,TRAFFIC_ANPR_NETWORK
VEHEV-7838F17A1F,VEH-FBDEC7,2025-05-08T15:04:30,LOC-86EE62,toll_crossing,TRAFFIC_ANPR_NETWORK
VEHEV-ACB9EEED59,VEH-95682B,2025-05-08T17:25:31,LOC-28DFA2,toll_crossing,TRAFFIC_ANPR_NETWORK
VEHEV-F987ABF5B8,VEH-9C2620,2025-05-09T04:25:50,LOC-28DFA2,parking_entry,TRAFFIC_ANPR_NETWORK
VEHEV-9C966B2F3D,VEH-DE3C79,2025-05-09T05:43:46,LOC-550AE8,toll_crossing,TRAFFIC_ANPR_NETWORK
VEHEV-81C7EAE05C,VEH-0A13C0,2025-05-09T21:36:58,LOC-4AB381,parking_entry,TRAFFIC_ANPR_NETWORK
VEHEV-77A9853C2D,VEH-A4D76A,2025-05-10T02:06:25,LOC-0F4A38,parking_entry,TRAFFIC_ANPR_NETWORK
VEHEV-A270427E14,VEH-45C713,2025-05-10T04:10:20,LOC-246595,anpr_capture,TRAFFIC_ANPR_NETWORK
VEHEV-173EB4AAB8,VEH-0E6ED7,2025-05-10T16:50:07,LOC-A56A62,anpr_capture,TRAFFIC_ANPR_NETWORK
VEHEV-FC7786BE92,VEH-DE4955,2025-05-10T17:46:14,LOC-86EE62,toll_crossing,TRAFFIC_ANPR_NETWORK
VEHEV-4F87AA02F6,VEH-85B1E7,2025-05-10T17:48:53,LOC-A8778C,parking_entry,TRAFFIC_ANPR_NETWORK
VEHEV-AAB1923821,VEH-518EA0,2025-05-11T00:13:15,LOC-8343B9,anpr_capture,TRAFFIC_ANPR_NETWORK
VEHEV-A8C1C7EBA7,VEH-8D28C2,2025-05-11T10:11:19,LOC-11E374,parking_entry,TRAFFIC_ANPR_NETWORK
VEHEV-3203C78D76,VEH-E556AE,2025-05-11T16:21:31,LOC-246595,parking_entry,TRAFFIC_ANPR_NETWORK
VEHEV-3C9F271420,VEH-F7EA3C,2025-05-12T08:58:24,LOC-A8778C,toll_crossing,TRAFFIC_ANPR_NETWORK
VEHEV-B12FD34065,VEH-204EB6,2025-05-12T11:01:26,LOC-AAC991,toll_crossing,TRAFFIC_ANPR_NETWORK
VEHEV-0CB5A2BE10,VEH-9D785B,2025-05-12T14:21:29,LOC-858C2E,anpr_capture,TRAFFIC_ANPR_NETWORK
VEHEV-28A7DB5B33,VEH-B81B10,2025-05-12T15:20:09,LOC-AAC991,anpr_capture,TRAFFIC_ANPR_NETWORK
VEHEV-F4D6123FDF,VEH-5AAD80,2025-05-12T16:43:24,LOC-8546A1,parking_entry,TRAFFIC_ANPR_NETWORK
VEHEV-0CC844B958,VEH-A87390,2025-05-12T20:43:37,LOC-49A6DB,parking_entry,TRAFFIC_ANPR_NETWORK
VEHEV-0AEB9757EA,VEH-12D9CB,2025-05-13T11:27:35,LOC-C3A1CB,parking_entry,TRAFFIC_ANPR_NETWORK
VEHEV-C1232A27F3,VEH-90408C,2025-05-13T16:09:44,LOC-3BBE58,parking_entry,TRAFFIC_ANPR_NETWORK
VEHEV-0BD65EA4F9,VEH-FBDEC7,2025-05-13T19:39:26,LOC-49A6DB,toll_crossing,TRAFFIC_ANPR_NETWORK
VEHEV-3206CA71E7,VEH-226B1B,2025-05-14T03:00:13,LOC-782390,parking_entry,TRAFFIC_ANPR_NETWORK
VEHEV-6614BC60A0,VEH-2D308C,2025-05-14T05:05:28,LOC-1A1F14,anpr_capture,TRAFFIC_ANPR_NETWORK
VEHEV-F138ADB0A8,VEH-D03371,2025-05-14T10:42:00,LOC-056FB8,parking_entry,TRAFFIC_ANPR_NETWORK
VEHEV-E83E4BE29A,VEH-B58A64,2025-05-14T17:24:23,LOC-961151,toll_crossing,TRAFFIC_ANPR_NETWORK
VEHEV-D2C584475D,VEH-0A13C0,2025-05-15T01:10:29,LOC-7CA5D0,parking_entry,TRAFFIC_ANPR_NETWORK
VEHEV-4C24C8838E,VEH-F94811,2025-05-15T10:18:17,LOC-443CDE,toll_crossing,TRAFFIC_ANPR_NETWORK
VEHEV-FA69BA24AF,VEH-B7338E,2025-05-15T11:13:39,LOC-3EC306,anpr_capture,TRAFFIC_ANPR_NETWORK
VEHEV-5B7A00E151,VEH-540237,2025-05-15T16:27:59,LOC-1B923E,toll_crossing,TRAFFIC_ANPR_NETWORK
VEHEV-0C864812CC,VEH-50E854,2025-05-16T08:30:29,LOC-86EE62,anpr_capture,TRAFFIC_ANPR_NETWORK
VEHEV-3E08BBC78D,VEH-2A3133,2025-05-17T04:14:00,LOC-98B485,parking_entry,TRAFFIC_ANPR_NETWORK
VEHEV-7650B23B60,VEH-B58A64,2025-05-17T22:24:01,LOC-6B641B,anpr_capture,TRAFFIC_ANPR_NETWORK
VEHEV-9047F9DE3B,VEH-889DC0,2025-05-18T03:11:58,LOC-7CA5D0,parking_entry,TRAFFIC_ANPR_NETWORK
VEHEV-FF6285703C,VEH-74BCBA,2025-05-18T04:56:17,LOC-564023,parking_entry,TRAFFIC_ANPR_NETWORK
VEHEV-9B07570736,VEH-55B9BA,2025-05-18T13:41:11,LOC-8546A1,toll_crossing,TRAFFIC_ANPR_NETWORK
VEHEV-9E81F1F24A,VEH-809BDE,2025-05-18T18:07:52,LOC-961151,anpr_capture,TRAFFIC_ANPR_NETWORK
VEHEV-6A2D9E7B89,VEH-D80DB3,2025-05-19T01:36:49,LOC-246595,anpr_capture,TRAFFIC_ANPR_NETWORK
VEHEV-6E290D8DDE,VEH-A25387,2025-05-19T02:14:03,LOC-1651DD,toll_crossing,TRAFFIC_ANPR_NETWORK
VEHEV-71AF626346,VEH-F24509,2025-05-19T03:02:05,LOC-28DFA2,parking_entry,TRAFFIC_ANPR_NETWORK
VEHEV-83290FC9B4,VEH-04A3FE,2025-05-19T14:17:20,LOC-564023,parking_entry,TRAFFIC_ANPR_NETWORK
VEHEV-C48F816827,VEH-FB0CA5,2025-05-19T14:29:58,LOC-5653D4,anpr_capture,TRAFFIC_ANPR_NETWORK
VEHEV-9B30C69506,VEH-5E0373,2025-05-19T22:13:44,LOC-49A6DB,anpr_capture,TRAFFIC_ANPR_NETWORK
VEHEV-178A2829D4,VEH-66D736,2025-05-20T03:56:04,LOC-98B485,toll_crossing,TRAFFIC_ANPR_NETWORK
VEHEV-FD0A23F78E,VEH-68DCCB,2025-05-20T19:19:36,LOC-86EE62,parking_entry,TRAFFIC_ANPR_NETWORK
VEHEV-354BAC1DE0,VEH-078C8C,2025-05-21T02:44:41,LOC-7CA5D0,anpr_capture,TRAFFIC_ANPR_NETWORK
VEHEV-18EB941D2E,VEH-A3A586,2025-05-21T05:45:10,LOC-056FB8,toll_crossing,TRAFFIC_ANPR_NETWORK
VEHEV-365AE1A65C,VEH-15EC0F,2025-05-21T06:33:09,LOC-11E374,parking_entry,TRAFFIC_ANPR_NETWORK
VEHEV-024119C94B,VEH-18F9D1,2025-05-21T07:45:23,LOC-0826C0,parking_entry,TRAFFIC_ANPR_NETWORK
VEHEV-B3A541E127,VEH-C00A83,2025-05-21T12:27:02,LOC-056FB8,parking_entry,TRAFFIC_ANPR_NETWORK
VEHEV-44AA076653,VEH-531456,2025-05-22T07:21:48,LOC-5653D4,anpr_capture,TRAFFIC_ANPR_NETWORK
VEHEV-709D67264F,VEH-FF76ED,2025-05-22T09:28:10,LOC-11E374,toll_crossing,TRAFFIC_ANPR_NETWORK
VEHEV-F9D5F487AB,VEH-C0901A,2025-05-22T11:12:10,LOC-8343B9,anpr_capture,TRAFFIC_ANPR_NETWORK
VEHEV-1DEBA42D31,VEH-BC59A1,2025-05-22T22:02:36,LOC-5653D4,parking_entry,TRAFFIC_ANPR_NETWORK
VEHEV-DCD67FB6D7,VEH-B51525,2025-05-22T22:53:45,LOC-6B641B,toll_crossing,TRAFFIC_ANPR_NETWORK
VEHEV-20C43B03F2,VEH-4C6E56,2025-05-23T19:14:16,LOC-564023,parking_entry,TRAFFIC_ANPR_NETWORK
VEHEV-E8FB9EA3C0,VEH-D4E1BE,2025-05-23T20:04:17,LOC-1651DD,parking_entry,TRAFFIC_ANPR_NETWORK
VEHEV-52EE80741E,VEH-07EB7A,2025-05-24T00:55:10,LOC-1A1F14,anpr_capture,TRAFFIC_ANPR_NETWORK
VEHEV-C06A044C16,VEH-12D9CB,2025-05-24T08:10:38,LOC-60AA0D,anpr_capture,TRAFFIC_ANPR_NETWORK
VEHEV-B59324F166,VEH-2A3133,2025-05-24T12:06:12,LOC-7CA5D0,parking_entry,TRAFFIC_ANPR_NETWORK
VEHEV-6E9674824F,VEH-B5CB13,2025-05-24T21:31:10,LOC-C609DC,anpr_capture,TRAFFIC_ANPR_NETWORK
VEHEV-FD1816B42E,VEH-50E854,2025-05-25T04:18:38,LOC-8B4EBB,parking_entry,TRAFFIC_ANPR_NETWORK
VEHEV-8F7C7918C0,VEH-DE4EE0,2025-05-25T04:26:40,LOC-0826C0,parking_entry,TRAFFIC_ANPR_NETWORK
VEHEV-32B4ED7156,VEH-798265,2025-05-25T08:46:01,LOC-166DD6,parking_entry,TRAFFIC_ANPR_NETWORK
VEHEV-C4B6E2FB1A,VEH-E556AE,2025-05-25T12:50:57,LOC-60AA0D,parking_entry,TRAFFIC_ANPR_NETWORK
VEHEV-35E764C06F,VEH-C0901A,2025-05-25T16:00:21,LOC-B9CFDA,anpr_capture,TRAFFIC_ANPR_NETWORK
VEHEV-56B4CD4CC3,VEH-9D785B,2025-05-25T18:36:45,LOC-8F9B34,parking_entry,TRAFFIC_ANPR_NETWORK
VEHEV-0691286B97,VEH-F7BD97,2025-05-25T19:24:56,LOC-166DD6,parking_entry,TRAFFIC_ANPR_NETWORK
VEHEV-F6CE56460D,VEH-BDB3EB,2025-05-25T21:30:42,LOC-7CA5D0,parking_entry,TRAFFIC_ANPR_NETWORK
VEHEV-60E149EFA4,VEH-957D72,2025-05-26T09:16:43,LOC-C609DC,anpr_capture,TRAFFIC_ANPR_NETWORK
VEHEV-93FCBCD960,VEH-A769F7,2025-05-26T16:27:09,LOC-B8654D,anpr_capture,TRAFFIC_ANPR_NETWORK
VEHEV-814B004018,VEH-E472FE,2025-05-26T19:45:04,LOC-D2F79E,toll_crossing,TRAFFIC_ANPR_NETWORK
VEHEV-3BBEC198C6,VEH-154687,2025-05-26T20:56:51,LOC-564023,toll_crossing,TRAFFIC_ANPR_NETWORK
VEHEV-CB9460CD0E,VEH-EF1616,2025-05-27T02:37:24,LOC-3EC306,toll_crossing,TRAFFIC_ANPR_NETWORK
VEHEV-895E0F7215,VEH-531456,2025-05-27T16:34:52,LOC-564023,anpr_capture,TRAFFIC_ANPR_NETWORK
VEHEV-08EF24B25E,VEH-204EB6,2025-05-27T19:23:35,LOC-7CA5D0,toll_crossing,TRAFFIC_ANPR_NETWORK
VEHEV-4C270EBFD6,VEH-896AF4,2025-05-28T03:47:55,LOC-166DD6,anpr_capture,TRAFFIC_ANPR_NETWORK
VEHEV-E739196A55,VEH-990B1F,2025-05-28T11:04:33,LOC-3EC306,parking_entry,TRAFFIC_ANPR_NETWORK
VEHEV-99647F33FC,VEH-4629C7,2025-05-28T18:11:02,LOC-166DD6,toll_crossing,TRAFFIC_ANPR_NETWORK
VEHEV-09B9081D92,VEH-14ED44,2025-05-28T18:17:35,LOC-246595,parking_entry,TRAFFIC_ANPR_NETWORK
VEHEV-D7177A1D83,VEH-39D999,2025-05-29T01:30:31,LOC-11E374,anpr_capture,TRAFFIC_ANPR_NETWORK
VEHEV-2DBA50298B,VEH-BD8E8D,2025-05-29T08:08:39,LOC-D2F79E,parking_entry,TRAFFIC_ANPR_NETWORK
VEHEV-F365FA8CB1,VEH-3418BD,2025-05-29T08:12:32,LOC-6B641B,toll_crossing,TRAFFIC_ANPR_NETWORK
VEHEV-43089A4080,VEH-BEC8DB,2025-05-29T10:18:57,LOC-C609DC,toll_crossing,TRAFFIC_ANPR_NETWORK
VEHEV-56C44A914A,VEH-B2E6B8,2025-05-29T13:44:38,LOC-CBE54C,parking_entry,TRAFFIC_ANPR_NETWORK
VEHEV-3ED9ABBCF0,VEH-73A3B3,2025-05-29T20:00:24,LOC-8343B9,anpr_capture,TRAFFIC_ANPR_NETWORK
VEHEV-6587E0C525,VEH-226B1B,2025-05-29T22:12:07,LOC-8F9B34,anpr_capture,TRAFFIC_ANPR_NETWORK
VEHEV-B1608D766E,VEH-5D0FE6,2025-05-30T04:46:58,LOC-0826C0,anpr_capture,TRAFFIC_ANPR_NETWORK
VEHEV-E37305D757,VEH-7BA5B2,2025-05-30T05:48:24,LOC-3EC306,anpr_capture,TRAFFIC_ANPR_NETWORK
VEHEV-50DE328313,VEH-F6EB17,2025-05-31T04:06:54,LOC-CBE54C,parking_entry,TRAFFIC_ANPR_NETWORK
VEHEV-8F3C1564D7,VEH-EEBE88,2025-05-31T08:14:24,LOC-C609DC,toll_crossing,TRAFFIC_ANPR_NETWORK
VEHEV-426B062946,VEH-724A0D,2025-05-31T21:30:08,LOC-C3A1CB,toll_crossing,TRAFFIC_ANPR_NETWORK
VEHEV-DEA447F08E,VEH-A50C0A,2025-06-01T10:05:21,LOC-60AA0D,parking_entry,TRAFFIC_ANPR_NETWORK
VEHEV-79CCA15622,VEH-B2E6B8,2025-06-01T10:23:11,LOC-A8778C,toll_crossing,TRAFFIC_ANPR_NETWORK
VEHEV-BDBFC2B6D0,VEH-F94811,2025-06-01T10:45:02,LOC-4AB381,toll_crossing,TRAFFIC_ANPR_NETWORK
VEHEV-BB0C26C130,VEH-C0901A,2025-06-01T12:05:31,LOC-86EE62,toll_crossing,TRAFFIC_ANPR_NETWORK
VEHEV-AE52ED0AC3,VEH-D80DB3,2025-06-01T17:18:43,LOC-B9CFDA,parking_entry,TRAFFIC_ANPR_NETWORK
VEHEV-FE57433337,VEH-44070C,2025-06-01T18:38:40,LOC-8343B9,anpr_capture,TRAFFIC_ANPR_NETWORK
VEHEV-DC315B53D2,VEH-4629C7,2025-06-01T22:58:43,LOC-2E747C,toll_crossing,TRAFFIC_ANPR_NETWORK
VEHEV-2267F7AAAB,VEH-8D24D5,2025-06-02T02:26:03,LOC-8B4EBB,toll_crossing,TRAFFIC_ANPR_NETWORK
VEHEV-D5C068F90E,VEH-C0901A,2025-06-02T06:41:51,LOC-AAC991,toll_crossing,TRAFFIC_ANPR_NETWORK
VEHEV-6F20ED6593,VEH-90408C,2025-06-02T07:01:06,LOC-C75B69,anpr_capture,TRAFFIC_ANPR_NETWORK
VEHEV-3C591ACF13,VEH-FAF976,2025-06-02T11:55:02,LOC-1651DD,parking_entry,TRAFFIC_ANPR_NETWORK
VEHEV-73AEDAEF85,VEH-F8A27A,2025-06-02T15:34:35,LOC-0F4A38,toll_crossing,TRAFFIC_ANPR_NETWORK
VEHEV-D1234A664D,VEH-FBBD55,2025-06-02T21:52:00,LOC-8B4EBB,anpr_capture,TRAFFIC_ANPR_NETWORK
VEHEV-B79A8551F8,VEH-FF76ED,2025-06-03T03:15:06,LOC-564023,toll_crossing,TRAFFIC_ANPR_NETWORK
VEHEV-D3BF6B581A,VEH-D03371,2025-06-03T17:39:22,LOC-1651DD,toll_crossing,TRAFFIC_ANPR_NETWORK
VEHEV-087AD2528F,VEH-92C7A9,2025-06-04T11:00:56,LOC-98B485,anpr_capture,TRAFFIC_ANPR_NETWORK
VEHEV-AD4C2C7482,VEH-154687,2025-06-04T11:09:36,LOC-3BBE58,anpr_capture,TRAFFIC_ANPR_NETWORK
VEHEV-B3EBCF957E,VEH-40CCB6,2025-06-05T03:31:37,LOC-D2F79E,anpr_capture,TRAFFIC_ANPR_NETWORK
VEHEV-E520BAD331,VEH-60122E,2025-06-05T06:40:47,LOC-8546A1,toll_crossing,TRAFFIC_ANPR_NETWORK
VEHEV-C0F4296312,VEH-DDD950,2025-06-05T09:21:36,LOC-B9CFDA,anpr_capture,TRAFFIC_ANPR_NETWORK
VEHEV-6EBAB0CE07,VEH-990B1F,2025-06-06T05:08:13,LOC-961151,toll_crossing,TRAFFIC_ANPR_NETWORK
VEHEV-82B8819AE1,VEH-92F5E9,2025-06-06T06:10:42,LOC-A56A62,parking_entry,TRAFFIC_ANPR_NETWORK
VEHEV-37173F3282,VEH-299FE5,2025-06-06T10:10:26,LOC-782390,anpr_capture,TRAFFIC_ANPR_NETWORK
VEHEV-19A815903A,VEH-F7D3E8,2025-06-06T11:40:53,LOC-246595,toll_crossing,TRAFFIC_ANPR_NETWORK
VEHEV-8C9D760D29,VEH-C27D72,2025-06-06T12:50:25,LOC-C3A1CB,anpr_capture,TRAFFIC_ANPR_NETWORK
VEHEV-CF8971F530,VEH-73A3B3,2025-06-07T08:25:57,LOC-443CDE,parking_entry,TRAFFIC_ANPR_NETWORK
VEHEV-D50D56200A,VEH-E88E5A,2025-06-07T09:01:02,LOC-C3A1CB,anpr_capture,TRAFFIC_ANPR_NETWORK
VEHEV-C80CA1DFCB,VEH-FB0CA5,2025-06-08T06:06:08,LOC-3BBE58,toll_crossing,TRAFFIC_ANPR_NETWORK
VEHEV-08882362E5,VEH-C0901A,2025-06-08T10:01:30,LOC-C3A1CB,parking_entry,TRAFFIC_ANPR_NETWORK
VEHEV-6E172B35D3,VEH-74BCBA,2025-06-08T13:39:31,LOC-3EC306,toll_crossing,TRAFFIC_ANPR_NETWORK
VEHEV-47603706BD,VEH-BDB3EB,2025-06-08T18:21:40,LOC-AAC991,toll_crossing,TRAFFIC_ANPR_NETWORK
VEHEV-988F120E6E,VEH-F90BF8,2025-06-08T19:19:07,LOC-1651DD,parking_entry,TRAFFIC_ANPR_NETWORK
VEHEV-FAB337A3B5,VEH-798265,2025-06-08T19:27:48,LOC-5653D4,parking_entry,TRAFFIC_ANPR_NETWORK
VEHEV-5DADF3484E,VEH-9C2620,2025-06-08T19:44:42,LOC-0826C0,toll_crossing,TRAFFIC_ANPR_NETWORK
VEHEV-DE95EBC6FE,VEH-FAF976,2025-06-08T20:44:37,LOC-961151,anpr_capture,TRAFFIC_ANPR_NETWORK
VEHEV-2C147013A0,VEH-4AA2FB,2025-06-10T00:13:21,LOC-246595,anpr_capture,TRAFFIC_ANPR_NETWORK
VEHEV-7B8D2D58E9,VEH-F74CAA,2025-06-10T01:31:21,LOC-564023,anpr_capture,TRAFFIC_ANPR_NETWORK
VEHEV-2371D3A595,VEH-6F278E,2025-06-10T07:36:24,LOC-1651DD,anpr_capture,TRAFFIC_ANPR_NETWORK
VEHEV-E1501B1141,VEH-299FE5,2025-06-10T19:30:56,LOC-7CA5D0,toll_crossing,TRAFFIC_ANPR_NETWORK
VEHEV-79FC368B5A,VEH-60122E,2025-06-11T00:46:41,LOC-3EC306,toll_crossing,TRAFFIC_ANPR_NETWORK
VEHEV-A09CF7A874,VEH-99FB63,2025-06-11T00:50:15,LOC-98B485,toll_crossing,TRAFFIC_ANPR_NETWORK
VEHEV-7F3A41AF98,VEH-7D5BEE,2025-06-11T01:05:00,LOC-8343B9,anpr_capture,TRAFFIC_ANPR_NETWORK
VEHEV-9F0893F5C6,VEH-BEC8DB,2025-06-11T01:11:33,LOC-2E747C,anpr_capture,TRAFFIC_ANPR_NETWORK
VEHEV-F0CDCD8896,VEH-99FB63,2025-06-11T19:13:14,LOC-B9CFDA,toll_crossing,TRAFFIC_ANPR_NETWORK
VEHEV-311273EC81,VEH-222D1C,2025-06-11T22:34:20,LOC-564023,anpr_capture,TRAFFIC_ANPR_NETWORK
VEHEV-4215E1CEA8,VEH-AA5946,2025-06-12T02:02:32,LOC-166DD6,anpr_capture,TRAFFIC_ANPR_NETWORK
VEHEV-B9FF30A06F,VEH-619BCF,2025-06-12T10:05:43,LOC-AAC991,parking_entry,TRAFFIC_ANPR_NETWORK
VEHEV-46025E2770,VEH-5BBA14,2025-06-12T12:02:50,LOC-86EE62,parking_entry,TRAFFIC_ANPR_NETWORK
VEHEV-8873733BDB,VEH-DDD950,2025-06-12T12:42:59,LOC-C3A1CB,toll_crossing,TRAFFIC_ANPR_NETWORK
VEHEV-11691237B1,VEH-A769F7,2025-06-12T15:44:44,LOC-4AB381,anpr_capture,TRAFFIC_ANPR_NETWORK
VEHEV-E542CCF3D6,VEH-870CDB,2025-06-12T23:38:15,LOC-C609DC,anpr_capture,TRAFFIC_ANPR_NETWORK
VEHEV-1A76E7A194,VEH-C0901A,2025-06-13T01:41:26,LOC-246595,parking_entry,TRAFFIC_ANPR_NETWORK
VEHEV-2B12AC9FEC,VEH-025E62,2025-06-13T03:21:46,LOC-A8778C,parking_entry,TRAFFIC_ANPR_NETWORK
VEHEV-BC36D05192,VEH-299FE5,2025-06-13T03:58:03,LOC-86EE62,parking_entry,TRAFFIC_ANPR_NETWORK
VEHEV-DAF966A11D,VEH-F90BF8,2025-06-13T07:32:26,LOC-CBE54C,parking_entry,TRAFFIC_ANPR_NETWORK
VEHEV-37373642F5,VEH-2F680E,2025-06-13T14:17:32,LOC-28DFA2,parking_entry,TRAFFIC_ANPR_NETWORK
VEHEV-32649F5874,VEH-15EC0F,2025-06-13T17:11:52,LOC-C3A1CB,parking_entry,TRAFFIC_ANPR_NETWORK
VEHEV-6F83911309,VEH-5F5B99,2025-06-13T19:08:08,LOC-1B923E,anpr_capture,TRAFFIC_ANPR_NETWORK
VEHEV-CE079B3942,VEH-AE4521,2025-06-13T20:05:36,LOC-7CA5D0,parking_entry,TRAFFIC_ANPR_NETWORK
VEHEV-35ABAB5367,VEH-37180E,2025-06-14T00:13:36,LOC-1A1F14,anpr_capture,TRAFFIC_ANPR_NETWORK
VEHEV-75C6773379,VEH-C72BE9,2025-06-14T01:00:26,LOC-8F9B34,parking_entry,TRAFFIC_ANPR_NETWORK
VEHEV-244290EFBF,VEH-BC59A1,2025-06-14T01:57:34,LOC-1B923E,anpr_capture,TRAFFIC_ANPR_NETWORK
VEHEV-4DBF1D33CE,VEH-F90BF8,2025-06-14T06:29:01,LOC-49A6DB,anpr_capture,TRAFFIC_ANPR_NETWORK
VEHEV-FCC1E8D8B5,VEH-1C5D97,2025-06-15T03:21:39,LOC-98B485,parking_entry,TRAFFIC_ANPR_NETWORK
VEHEV-AC5296D1C7,VEH-AA5946,2025-06-15T03:53:59,LOC-5653D4,anpr_capture,TRAFFIC_ANPR_NETWORK
VEHEV-514E6FFC49,VEH-527EB5,2025-06-15T04:32:16,LOC-A8778C,anpr_capture,TRAFFIC_ANPR_NETWORK
VEHEV-297DDB430D,VEH-DEEB48,2025-06-15T09:17:21,LOC-1B923E,toll_crossing,TRAFFIC_ANPR_NETWORK
VEHEV-3E8CCEBDA0,VEH-43898D,2025-06-15T11:26:32,LOC-60AA0D,anpr_capture,TRAFFIC_ANPR_NETWORK
VEHEV-808CF84650,VEH-3AA1B5,2025-06-15T13:21:54,LOC-056FB8,parking_entry,TRAFFIC_ANPR_NETWORK
VEHEV-ED5CC470EC,VEH-B22741,2025-06-15T22:48:14,LOC-4AB381,toll_crossing,TRAFFIC_ANPR_NETWORK
VEHEV-6BC96D9B68,VEH-5BBA14,2025-06-16T10:19:19,LOC-0826C0,anpr_capture,TRAFFIC_ANPR_NETWORK
VEHEV-A947A23107,VEH-A0FFAA,2025-06-16T12:11:01,LOC-166DD6,anpr_capture,TRAFFIC_ANPR_NETWORK
VEHEV-9BEF8AA074,VEH-A3A586,2025-06-16T22:21:12,LOC-6B641B,parking_entry,TRAFFIC_ANPR_NETWORK
VEHEV-3278FAA303,VEH-96D316,2025-06-16T23:01:48,LOC-7CA5D0,anpr_capture,TRAFFIC_ANPR_NETWORK
VEHEV-4DE4A0C433,VEH-F74CAA,2025-06-17T06:49:55,LOC-550AE8,anpr_capture,TRAFFIC_ANPR_NETWORK
VEHEV-B9E54F3B4F,VEH-A1BD56,2025-06-17T07:16:45,LOC-D2F79E,parking_entry,TRAFFIC_ANPR_NETWORK
VEHEV-45779C4A3F,VEH-889DC0,2025-06-17T15:24:50,LOC-1651DD,toll_crossing,TRAFFIC_ANPR_NETWORK
VEHEV-808170924C,VEH-74BCBA,2025-06-17T22:17:20,LOC-5653D4,toll_crossing,TRAFFIC_ANPR_NETWORK
VEHEV-25BAD2A435,VEH-F90BF8,2025-06-18T06:51:56,LOC-1651DD,toll_crossing,TRAFFIC_ANPR_NETWORK
VEHEV-F297A5834F,VEH-FBBD55,2025-06-18T13:46:02,LOC-C609DC,parking_entry,TRAFFIC_ANPR_NETWORK
VEHEV-D2C57A8880,VEH-42A441,2025-06-18T13:52:49,LOC-550AE8,anpr_capture,TRAFFIC_ANPR_NETWORK
VEHEV-2FE2D15D5F,VEH-FA6C1D,2025-06-18T14:07:23,LOC-8546A1,toll_crossing,TRAFFIC_ANPR_NETWORK
VEHEV-B9AFC6ACEC,VEH-9F9101,2025-06-18T21:02:07,LOC-1651DD,toll_crossing,TRAFFIC_ANPR_NETWORK
VEHEV-2AAE938794,VEH-F94811,2025-06-19T10:37:26,LOC-961151,anpr_capture,TRAFFIC_ANPR_NETWORK
VEHEV-0BE452C737,VEH-990B1F,2025-06-19T11:06:01,LOC-0826C0,anpr_capture,TRAFFIC_ANPR_NETWORK
VEHEV-B6A9043838,VEH-18F9D1,2025-06-19T17:51:09,LOC-782390,anpr_capture,TRAFFIC_ANPR_NETWORK
VEHEV-B040D16710,VEH-B5CB13,2025-06-19T19:12:35,LOC-3BBE58,parking_entry,TRAFFIC_ANPR_NETWORK
VEHEV-053F9F6E42,VEH-2510AF,2025-06-20T12:58:41,LOC-858C2E,parking_entry,TRAFFIC_ANPR_NETWORK
VEHEV-09C3E66D99,VEH-518EA0,2025-06-20T13:40:22,LOC-1A1F14,anpr_capture,TRAFFIC_ANPR_NETWORK
VEHEV-D56B5549FA,VEH-BDB3EB,2025-06-20T15:07:10,LOC-550AE8,toll_crossing,TRAFFIC_ANPR_NETWORK
VEHEV-68C3A74562,VEH-43898D,2025-06-20T18:04:03,LOC-86EE62,anpr_capture,TRAFFIC_ANPR_NETWORK
VEHEV-0829963407,VEH-71A8FF,2025-06-21T02:35:14,LOC-5653D4,anpr_capture,TRAFFIC_ANPR_NETWORK
VEHEV-A0EBB845BD,VEH-C00A83,2025-06-21T23:04:20,LOC-6B641B,toll_crossing,TRAFFIC_ANPR_NETWORK
VEHEV-B922DB317A,VEH-64AE34,2025-06-22T06:14:36,LOC-858C2E,anpr_capture,TRAFFIC_ANPR_NETWORK
VEHEV-07B2C7339D,VEH-724A0D,2025-06-22T08:52:26,LOC-166DD6,parking_entry,TRAFFIC_ANPR_NETWORK
VEHEV-9F33A27149,VEH-EEBE88,2025-06-22T10:34:33,LOC-0826C0,parking_entry,TRAFFIC_ANPR_NETWORK
VEHEV-10BD7EE7B9,VEH-2A3133,2025-06-22T14:32:48,LOC-A56A62,anpr_capture,TRAFFIC_ANPR_NETWORK
VEHEV-FB31DFA6B3,VEH-834B3F,2025-06-23T03:53:17,LOC-8B4EBB,toll_crossing,TRAFFIC_ANPR_NETWORK
VEHEV-B83C4A3861,VEH-C0901A,2025-06-23T04:02:40,LOC-0826C0,parking_entry,TRAFFIC_ANPR_NETWORK
VEHEV-2FBD8F7757,VEH-798265,2025-06-23T04:49:22,LOC-3EC306,anpr_capture,TRAFFIC_ANPR_NETWORK
VEHEV-EF963E8A3F,VEH-078C8C,2025-06-23T11:30:10,LOC-782390,anpr_capture,TRAFFIC_ANPR_NETWORK
VEHEV-EE702696B4,VEH-4CF855,2025-06-23T17:30:22,LOC-3EC306,parking_entry,TRAFFIC_ANPR_NETWORK
VEHEV-14B718EF33,VEH-E88E5A,2025-06-23T22:32:36,LOC-4AB381,parking_entry,TRAFFIC_ANPR_NETWORK
VEHEV-B1E013D53A,VEH-531456,2025-06-24T01:40:28,LOC-A8778C,anpr_capture,TRAFFIC_ANPR_NETWORK
VEHEV-138DEFC670,VEH-E28F4A,2025-06-24T04:03:42,LOC-3EC306,parking_entry,TRAFFIC_ANPR_NETWORK
VEHEV-7B888B134F,VEH-52FF4A,2025-06-24T04:05:46,LOC-166DD6,parking_entry,TRAFFIC_ANPR_NETWORK
VEHEV-5ED3A76A91,VEH-5F6C14,2025-06-24T05:45:50,LOC-3EC306,anpr_capture,TRAFFIC_ANPR_NETWORK
VEHEV-8C60CC9B9D,VEH-F7EA3C,2025-06-24T09:20:14,LOC-246595,parking_entry,TRAFFIC_ANPR_NETWORK
VEHEV-4D435C5766,VEH-E28F4A,2025-06-24T18:30:23,LOC-858C2E,parking_entry,TRAFFIC_ANPR_NETWORK
VEHEV-3342F330EE,VEH-F94811,2025-06-25T07:52:11,LOC-8B4EBB,toll_crossing,TRAFFIC_ANPR_NETWORK
VEHEV-0E67B25400,VEH-42A441,2025-06-25T12:13:12,LOC-B8654D,anpr_capture,TRAFFIC_ANPR_NETWORK
VEHEV-1B9D0594DE,VEH-51A60A,2025-06-25T12:54:08,LOC-CBE54C,toll_crossing,TRAFFIC_ANPR_NETWORK
VEHEV-C5929FFF07,VEH-530D35,2025-06-25T14:34:46,LOC-3EC306,parking_entry,TRAFFIC_ANPR_NETWORK
VEHEV-5E1465AB31,VEH-14ED44,2025-06-25T16:49:14,LOC-1651DD,anpr_capture,TRAFFIC_ANPR_NETWORK
VEHEV-1DD7668558,VEH-D8AC4C,2025-06-25T17:38:15,LOC-1A1F14,anpr_capture,TRAFFIC_ANPR_NETWORK
VEHEV-E99DACA79C,VEH-C00A83,2025-06-26T09:54:35,LOC-60AA0D,toll_crossing,TRAFFIC_ANPR_NETWORK
VEHEV-58BC169396,VEH-D4E1BE,2025-06-26T13:46:23,LOC-A56A62,anpr_capture,TRAFFIC_ANPR_NETWORK
VEHEV-53706ED861,VEH-55B9BA,2025-06-26T14:15:59,LOC-49A6DB,parking_entry,TRAFFIC_ANPR_NETWORK
VEHEV-2A0A52202A,VEH-E556AE,2025-06-26T15:48:25,LOC-564023,parking_entry,TRAFFIC_ANPR_NETWORK
VEHEV-8E9F8E9F8E,VEH-F90BF8,2025-06-26T23:10:52,LOC-B8654D,parking_entry,TRAFFIC_ANPR_NETWORK
VEHEV-BD4A0A79E6,VEH-73A3B3,2025-06-27T07:13:40,LOC-7CA5D0,toll_crossing,TRAFFIC_ANPR_NETWORK
VEHEV-0A87A05C2E,VEH-F7D3E8,2025-06-27T16:37:20,LOC-11E374,toll_crossing,TRAFFIC_ANPR_NETWORK
VEHEV-F33F94A415,VEH-F74CAA,2025-06-28T07:04:06,LOC-2E747C,parking_entry,TRAFFIC_ANPR_NETWORK
VEHEV-9AC3518FB7,VEH-40CCB6,2025-06-28T12:07:43,LOC-7CA5D0,anpr_capture,TRAFFIC_ANPR_NETWORK
VEHEV-057B59A59B,VEH-DE3C79,2025-06-28T18:22:36,LOC-443CDE,toll_crossing,TRAFFIC_ANPR_NETWORK
VEHEV-451076BFE7,VEH-F8A27A,2025-06-28T20:44:31,LOC-98B485,anpr_capture,TRAFFIC_ANPR_NETWORK
VEHEV-A88B7E2455,VEH-85B1E7,2025-06-28T21:18:59,LOC-B9CFDA,anpr_capture,TRAFFIC_ANPR_NETWORK
VEHEV-CF327008DF,VEH-078C8C,2025-06-28T23:11:29,LOC-3BBE58,anpr_capture,TRAFFIC_ANPR_NETWORK
VEHEV-1F6BECFE27,VEH-DDD950,2025-06-29T02:55:59,LOC-A56A62,parking_entry,TRAFFIC_ANPR_NETWORK
VEHEV-CF1A7721DE,VEH-9DF1B2,2025-06-29T06:16:41,LOC-B8654D,parking_entry,TRAFFIC_ANPR_NETWORK
VEHEV-2C54F6A50B,VEH-A0FFAA,2025-06-29T10:29:17,LOC-2E747C,toll_crossing,TRAFFIC_ANPR_NETWORK
VEHEV-A04A83D037,VEH-DE4955,2025-06-29T11:19:52,LOC-7CA5D0,toll_crossing,TRAFFIC_ANPR_NETWORK
VEHEV-8803FA390A,VEH-A95487,2025-06-29T19:07:01,LOC-1651DD,anpr_capture,TRAFFIC_ANPR_NETWORK
VEHEV-30AD1EB11B,VEH-5DB746,2025-06-29T21:44:28,LOC-C3A1CB,parking_entry,TRAFFIC_ANPR_NETWORK
VEHEV-F0698F0EEA,VEH-68DCCB,2025-06-30T07:11:19,LOC-7CA5D0,toll_crossing,TRAFFIC_ANPR_NETWORK
VEHEV-54A0EF1E3C,VEH-1619C7,2025-06-30T07:35:10,LOC-8F9B34,toll_crossing,TRAFFIC_ANPR_NETWORK
VEHEV-E04101ADB5,VEH-BC4D2F,2025-06-30T11:50:46,LOC-8B4EBB,parking_entry,TRAFFIC_ANPR_NETWORK
VEHEV-C79F4C6845,VEH-9DF1B2,2025-06-30T17:34:17,LOC-0826C0,anpr_capture,TRAFFIC_ANPR_NETWORK
VEHEV-BE958A20E0,VEH-C27FD9,2025-06-30T20:56:10,LOC-3BBE58,parking_entry,TRAFFIC_ANPR_NETWORK
VEHEV-A023647C2E,VEH-E472FE,2025-07-01T08:16:57,LOC-246595,anpr_capture,TRAFFIC_ANPR_NETWORK
VEHEV-88002DEADC,VEH-B2E6B8,2025-07-01T12:51:59,LOC-C3A1CB,anpr_capture,TRAFFIC_ANPR_NETWORK
VEHEV-68D185278B,VEH-F9D5E2,2025-07-01T14:19:11,LOC-98B485,anpr_capture,TRAFFIC_ANPR_NETWORK
VEHEV-D7AB6BA26D,VEH-7D614E,2025-07-01T15:03:39,LOC-564023,toll_crossing,TRAFFIC_ANPR_NETWORK
VEHEV-3CACEADDEE,VEH-ECA8AD,2025-07-01T20:02:43,LOC-782390,anpr_capture,TRAFFIC_ANPR_NETWORK
VEHEV-1C2BCD627C,VEH-92F5E9,2025-07-02T10:48:03,LOC-4AB381,anpr_capture,TRAFFIC_ANPR_NETWORK
VEHEV-F81BA01C67,VEH-9D785B,2025-07-02T13:05:46,LOC-C3A1CB,toll_crossing,TRAFFIC_ANPR_NETWORK
VEHEV-96815BC274,VEH-48AC1E,2025-07-02T16:50:17,LOC-D2F79E,parking_entry,TRAFFIC_ANPR_NETWORK
VEHEV-35CA0AAAC5,VEH-40CCB6,2025-07-02T22:07:43,LOC-1B923E,anpr_capture,TRAFFIC_ANPR_NETWORK
VEHEV-9D66FFA5CF,VEH-B81B10,2025-07-02T23:39:26,LOC-CBE54C,toll_crossing,TRAFFIC_ANPR_NETWORK
VEHEV-E38B0287C1,VEH-BDB3EB,2025-07-03T01:47:15,LOC-8546A1,toll_crossing,TRAFFIC_ANPR_NETWORK
VEHEV-3C8A414568,VEH-BC59A1,2025-07-03T09:02:28,LOC-8546A1,toll_crossing,TRAFFIC_ANPR_NETWORK
VEHEV-14D186C699,VEH-F110D5,2025-07-03T19:10:30,LOC-550AE8,parking_entry,TRAFFIC_ANPR_NETWORK
VEHEV-33BD884645,VEH-724A0D,2025-07-03T20:37:10,LOC-86EE62,toll_crossing,TRAFFIC_ANPR_NETWORK
VEHEV-93FEFD7979,VEH-66D736,2025-07-04T00:19:47,LOC-961151,anpr_capture,TRAFFIC_ANPR_NETWORK
VEHEV-0AEB6EFFE0,VEH-24FFC2,2025-07-04T13:58:31,LOC-2E747C,anpr_capture,TRAFFIC_ANPR_NETWORK
VEHEV-A62EC53942,VEH-F7D3E8,2025-07-04T16:24:21,LOC-D2F79E,toll_crossing,TRAFFIC_ANPR_NETWORK
VEHEV-6539DB775E,VEH-C72BE9,2025-07-04T16:32:04,LOC-B8654D,parking_entry,TRAFFIC_ANPR_NETWORK
VEHEV-C1E6B3A9D8,VEH-FB0CA5,2025-07-04T20:12:41,LOC-5653D4,anpr_capture,TRAFFIC_ANPR_NETWORK
VEHEV-E709ABAB42,VEH-7D614E,2025-07-05T02:15:47,LOC-A8778C,toll_crossing,TRAFFIC_ANPR_NETWORK
VEHEV-300B1FC1D9,VEH-BF026F,2025-07-05T02:30:02,LOC-1B923E,toll_crossing,TRAFFIC_ANPR_NETWORK
VEHEV-3380DC30CC,VEH-8B8D01,2025-07-05T07:27:11,LOC-A56A62,toll_crossing,TRAFFIC_ANPR_NETWORK
VEHEV-FC111BEE73,VEH-9C2620,2025-07-05T19:49:05,LOC-A8778C,toll_crossing,TRAFFIC_ANPR_NETWORK
VEHEV-6027002511,VEH-BC4D2F,2025-07-05T21:59:57,LOC-11E374,anpr_capture,TRAFFIC_ANPR_NETWORK
VEHEV-90F0F1E399,VEH-791775,2025-07-06T00:06:07,LOC-1B923E,toll_crossing,TRAFFIC_ANPR_NETWORK
VEHEV-AB146B0BC9,VEH-85B1E7,2025-07-06T02:23:30,LOC-0F4A38,toll_crossing,TRAFFIC_ANPR_NETWORK
VEHEV-5B3C6DB9BA,VEH-D4E1BE,2025-07-06T02:43:12,LOC-6B641B,anpr_capture,TRAFFIC_ANPR_NETWORK
VEHEV-E33F529FBD,VEH-8B8D01,2025-07-06T04:24:34,LOC-056FB8,anpr_capture,TRAFFIC_ANPR_NETWORK
VEHEV-6D29CA38C7,VEH-92C7A9,2025-07-06T18:08:10,LOC-AAC991,parking_entry,TRAFFIC_ANPR_NETWORK
VEHEV-92D2811851,VEH-2C9AEF,2025-07-07T00:18:46,LOC-C609DC,anpr_capture,TRAFFIC_ANPR_NETWORK
VEHEV-763CA14B24,VEH-FF76ED,2025-07-07T05:34:37,LOC-28DFA2,parking_entry,TRAFFIC_ANPR_NETWORK
VEHEV-FE1272A368,VEH-B51525,2025-07-07T07:06:50,LOC-60AA0D,anpr_capture,TRAFFIC_ANPR_NETWORK
VEHEV-FD255EA82E,VEH-A0FFAA,2025-07-07T11:35:06,LOC-5653D4,parking_entry,TRAFFIC_ANPR_NETWORK
VEHEV-037FFBB5FF,VEH-465718,2025-07-08T00:16:01,LOC-98B485,toll_crossing,TRAFFIC_ANPR_NETWORK
VEHEV-61906C0AF3,VEH-FB0CA5,2025-07-08T01:18:53,LOC-7CA5D0,anpr_capture,TRAFFIC_ANPR_NETWORK
VEHEV-2C97957D5B,VEH-90408C,2025-07-08T01:19:53,LOC-C75B69,toll_crossing,TRAFFIC_ANPR_NETWORK
VEHEV-74009095BE,VEH-40CCB6,2025-07-08T04:14:20,LOC-98B485,toll_crossing,TRAFFIC_ANPR_NETWORK
VEHEV-2F5B98D08E,VEH-11F494,2025-07-08T23:08:18,LOC-782390,parking_entry,TRAFFIC_ANPR_NETWORK
VEHEV-BB1D76416F,VEH-9F6796,2025-07-09T04:06:30,LOC-6B641B,toll_crossing,TRAFFIC_ANPR_NETWORK
VEHEV-C3A10127E6,VEH-3AA1B5,2025-07-09T08:50:01,LOC-8546A1,anpr_capture,TRAFFIC_ANPR_NETWORK
VEHEV-947C18924F,VEH-F6EB17,2025-07-09T09:36:39,LOC-A56A62,anpr_capture,TRAFFIC_ANPR_NETWORK
VEHEV-409F421F4E,VEH-226B1B,2025-07-09T11:38:48,LOC-8343B9,anpr_capture,TRAFFIC_ANPR_NETWORK
VEHEV-FDC74E98C1,VEH-8D28C2,2025-07-10T06:55:20,LOC-60AA0D,anpr_capture,TRAFFIC_ANPR_NETWORK
VEHEV-8940B7A153,VEH-A95487,2025-07-10T13:52:13,LOC-3EC306,toll_crossing,TRAFFIC_ANPR_NETWORK
VEHEV-3335FC6400,VEH-C96C55,2025-07-10T14:16:08,LOC-0F4A38,parking_entry,TRAFFIC_ANPR_NETWORK
VEHEV-CDC38751FA,VEH-ECA8AD,2025-07-10T22:51:23,LOC-C3A1CB,anpr_capture,TRAFFIC_ANPR_NETWORK
VEHEV-DD34E98179,VEH-90408C,2025-07-11T02:54:45,LOC-564023,parking_entry,TRAFFIC_ANPR_NETWORK
VEHEV-F4A9315D9F,VEH-C372F2,2025-07-11T10:33:40,LOC-CBE54C,toll_crossing,TRAFFIC_ANPR_NETWORK
VEHEV-6D0F5C1C2D,VEH-FF76ED,2025-07-11T22:20:07,LOC-4AB381,parking_entry,TRAFFIC_ANPR_NETWORK
VEHEV-2F4DC32EF8,VEH-226B1B,2025-07-12T00:20:22,LOC-0826C0,parking_entry,TRAFFIC_ANPR_NETWORK
VEHEV-5CE3E89F4E,VEH-EF1616,2025-07-12T00:24:29,LOC-8343B9,toll_crossing,TRAFFIC_ANPR_NETWORK
VEHEV-3142FEEABC,VEH-6A8030,2025-07-12T06:19:22,LOC-443CDE,anpr_capture,TRAFFIC_ANPR_NETWORK
VEHEV-F1FFD58261,VEH-66D736,2025-07-12T07:40:04,LOC-5653D4,anpr_capture,TRAFFIC_ANPR_NETWORK
VEHEV-B621FA9F70,VEH-90408C,2025-07-12T08:07:22,LOC-86EE62,anpr_capture,TRAFFIC_ANPR_NETWORK
VEHEV-A3BAB36206,VEH-C72BE9,2025-07-12T08:14:35,LOC-B9CFDA,anpr_capture,TRAFFIC_ANPR_NETWORK
VEHEV-62FACF01CC,VEH-ECA8AD,2025-07-13T05:24:50,LOC-28DFA2,parking_entry,TRAFFIC_ANPR_NETWORK
VEHEV-29AA618B50,VEH-BD0766,2025-07-13T14:23:21,LOC-1651DD,toll_crossing,TRAFFIC_ANPR_NETWORK
VEHEV-1900A8F8F3,VEH-4AA2FB,2025-07-13T21:22:36,LOC-0826C0,toll_crossing,TRAFFIC_ANPR_NETWORK
VEHEV-9D69A6F7B7,VEH-289718,2025-07-14T05:51:16,LOC-0826C0,toll_crossing,TRAFFIC_ANPR_NETWORK
VEHEV-13AE5BDE0E,VEH-9F6796,2025-07-14T12:09:22,LOC-49A6DB,toll_crossing,TRAFFIC_ANPR_NETWORK
VEHEV-FBD23A7D8C,VEH-3D7608,2025-07-15T03:29:54,LOC-28DFA2,parking_entry,TRAFFIC_ANPR_NETWORK
VEHEV-13A84395D4,VEH-18FA4B,2025-07-15T10:00:04,LOC-28DFA2,toll_crossing,TRAFFIC_ANPR_NETWORK
VEHEV-FD2A386267,VEH-40CCB6,2025-07-15T14:21:32,LOC-49A6DB,parking_entry,TRAFFIC_ANPR_NETWORK
VEHEV-24F2992C09,VEH-791775,2025-07-16T00:41:48,LOC-8343B9,parking_entry,TRAFFIC_ANPR_NETWORK
VEHEV-20FF65D943,VEH-531456,2025-07-16T03:49:58,LOC-C609DC,parking_entry,TRAFFIC_ANPR_NETWORK
VEHEV-C665D7D614,VEH-12D9CB,2025-07-17T05:02:54,LOC-166DD6,toll_crossing,TRAFFIC_ANPR_NETWORK
VEHEV-D28760B0F7,VEH-078C8C,2025-07-17T09:50:57,LOC-1B923E,anpr_capture,TRAFFIC_ANPR_NETWORK
VEHEV-FC46D4C885,VEH-143544,2025-07-17T10:20:41,LOC-A8778C,parking_entry,TRAFFIC_ANPR_NETWORK
VEHEV-C407F04300,VEH-299FE5,2025-07-17T12:22:33,LOC-056FB8,parking_entry,TRAFFIC_ANPR_NETWORK
VEHEV-C1711F5B7B,VEH-3D93F6,2025-07-17T12:58:45,LOC-246595,parking_entry,TRAFFIC_ANPR_NETWORK
VEHEV-FC76CE2ED4,VEH-46096D,2025-07-17T19:08:43,LOC-782390,toll_crossing,TRAFFIC_ANPR_NETWORK
VEHEV-19E899EB3F,VEH-45C713,2025-07-17T22:23:27,LOC-246595,anpr_capture,TRAFFIC_ANPR_NETWORK
VEHEV-482B8C5FF9,VEH-1C5D97,2025-07-17T23:09:22,LOC-8546A1,toll_crossing,TRAFFIC_ANPR_NETWORK
VEHEV-85479530D6,VEH-A87390,2025-07-17T23:57:49,LOC-5653D4,toll_crossing,TRAFFIC_ANPR_NETWORK
VEHEV-AB9BAD87CD,VEH-479916,2025-07-18T06:18:01,LOC-C75B69,toll_crossing,TRAFFIC_ANPR_NETWORK
VEHEV-1B7DC50BB2,VEH-3D7608,2025-07-18T12:43:48,LOC-A56A62,toll_crossing,TRAFFIC_ANPR_NETWORK
VEHEV-903CC8797C,VEH-834B3F,2025-07-19T02:59:11,LOC-28DFA2,anpr_capture,TRAFFIC_ANPR_NETWORK
VEHEV-C6D02D0F37,VEH-C27FD9,2025-07-19T11:32:59,LOC-166DD6,anpr_capture,TRAFFIC_ANPR_NETWORK
VEHEV-21572416B1,VEH-52FF4A,2025-07-19T18:59:08,LOC-0826C0,anpr_capture,TRAFFIC_ANPR_NETWORK
VEHEV-0E55C20E26,VEH-79982A,2025-07-20T02:05:56,LOC-5653D4,anpr_capture,TRAFFIC_ANPR_NETWORK
VEHEV-24C39663C8,VEH-A4D76A,2025-07-20T08:59:06,LOC-3BBE58,anpr_capture,TRAFFIC_ANPR_NETWORK
VEHEV-534A0F2577,VEH-3F3CBC,2025-07-20T13:10:47,LOC-3EC306,toll_crossing,TRAFFIC_ANPR_NETWORK
VEHEV-3F3D302146,VEH-0A13C0,2025-07-20T19:22:52,LOC-246595,anpr_capture,TRAFFIC_ANPR_NETWORK
VEHEV-1C0C365781,VEH-48AC1E,2025-07-20T21:01:26,LOC-7CA5D0,parking_entry,TRAFFIC_ANPR_NETWORK
VEHEV-C35CB0AB5C,VEH-619BCF,2025-07-21T14:03:20,LOC-1651DD,anpr_capture,TRAFFIC_ANPR_NETWORK
VEHEV-E4DB204236,VEH-18FA4B,2025-07-21T16:49:42,LOC-D2F79E,anpr_capture,TRAFFIC_ANPR_NETWORK
VEHEV-546F87264B,VEH-DBFE17,2025-07-21T19:15:18,LOC-1651DD,anpr_capture,TRAFFIC_ANPR_NETWORK
VEHEV-54A45C32C9,VEH-9D785B,2025-07-21T20:56:08,LOC-8343B9,anpr_capture,TRAFFIC_ANPR_NETWORK
VEHEV-E0494844C1,VEH-A69C70,2025-07-21T23:01:11,LOC-C75B69,anpr_capture,TRAFFIC_ANPR_NETWORK
VEHEV-37F1B07E65,VEH-540237,2025-07-22T01:39:26,LOC-0F4A38,anpr_capture,TRAFFIC_ANPR_NETWORK
VEHEV-2486A298DF,VEH-5CD031,2025-07-22T08:56:29,LOC-3BBE58,anpr_capture,TRAFFIC_ANPR_NETWORK
VEHEV-EDFAB9EAD8,VEH-6A8030,2025-07-22T09:41:12,LOC-A56A62,anpr_capture,TRAFFIC_ANPR_NETWORK
VEHEV-1C55AB0223,VEH-32615D,2025-07-22T19:04:37,LOC-550AE8,toll_crossing,TRAFFIC_ANPR_NETWORK
VEHEV-EF6C768D99,VEH-983B89,2025-07-22T20:52:34,LOC-8343B9,toll_crossing,TRAFFIC_ANPR_NETWORK
VEHEV-FBB0A72D76,VEH-3D7608,2025-07-22T22:45:15,LOC-98B485,anpr_capture,TRAFFIC_ANPR_NETWORK
VEHEV-7A1259F9E5,VEH-BEC8DB,2025-07-23T01:06:08,LOC-7CA5D0,toll_crossing,TRAFFIC_ANPR_NETWORK
VEHEV-A4FBC0554D,VEH-FA6C1D,2025-07-23T09:10:30,LOC-B8654D,parking_entry,TRAFFIC_ANPR_NETWORK
VEHEV-D8AC59050F,VEH-43898D,2025-07-23T11:41:02,LOC-564023,anpr_capture,TRAFFIC_ANPR_NETWORK
VEHEV-D4FCFD8038,VEH-1C5D97,2025-07-23T19:36:25,LOC-49A6DB,anpr_capture,TRAFFIC_ANPR_NETWORK
VEHEV-A8858A32D2,VEH-2C9AEF,2025-07-24T03:52:21,LOC-B9CFDA,anpr_capture,TRAFFIC_ANPR_NETWORK
VEHEV-270E08D7DA,VEH-5BBA14,2025-07-24T09:32:24,LOC-1651DD,toll_crossing,TRAFFIC_ANPR_NETWORK
VEHEV-62B6813811,VEH-D8AC4C,2025-07-24T09:45:06,LOC-8546A1,anpr_capture,TRAFFIC_ANPR_NETWORK
VEHEV-244AB31863,VEH-143544,2025-07-24T14:26:38,LOC-056FB8,parking_entry,TRAFFIC_ANPR_NETWORK
VEHEV-1504C62981,VEH-ECA7C4,2025-07-25T00:57:01,LOC-60AA0D,toll_crossing,TRAFFIC_ANPR_NETWORK
VEHEV-4AF831705A,VEH-7A16BA,2025-07-25T07:33:38,LOC-11E374,parking_entry,TRAFFIC_ANPR_NETWORK
VEHEV-994AAA8445,VEH-79FF14,2025-07-25T07:36:55,LOC-B9CFDA,anpr_capture,TRAFFIC_ANPR_NETWORK
VEHEV-BF52323608,VEH-518EA0,2025-07-25T09:21:28,LOC-056FB8,parking_entry,TRAFFIC_ANPR_NETWORK
VEHEV-C1E5B38D8E,VEH-64AE34,2025-07-25T12:32:41,LOC-782390,parking_entry,TRAFFIC_ANPR_NETWORK
VEHEV-D1FFBD53C8,VEH-A87390,2025-07-26T00:42:27,LOC-564023,parking_entry,TRAFFIC_ANPR_NETWORK
VEHEV-A98CCF847D,VEH-30B831,2025-07-26T04:07:01,LOC-961151,parking_entry,TRAFFIC_ANPR_NETWORK
VEHEV-D8A74B6C10,VEH-FF3C3F,2025-07-26T06:01:28,LOC-056FB8,parking_entry,TRAFFIC_ANPR_NETWORK
VEHEV-AF21A010C6,VEH-3AA1B5,2025-07-26T11:27:29,LOC-564023,parking_entry,TRAFFIC_ANPR_NETWORK
VEHEV-A386E25AD5,VEH-A4D76A,2025-07-26T18:42:13,LOC-49A6DB,parking_entry,TRAFFIC_ANPR_NETWORK
VEHEV-4E4F82C91F,VEH-DDD950,2025-07-26T20:35:17,LOC-B8654D,toll_crossing,TRAFFIC_ANPR_NETWORK
VEHEV-D8C94E1613,VEH-222D1C,2025-07-27T06:10:12,LOC-246595,parking_entry,TRAFFIC_ANPR_NETWORK
VEHEV-46D3976B75,VEH-BC4D2F,2025-07-27T10:46:04,LOC-8B4EBB,parking_entry,TRAFFIC_ANPR_NETWORK
VEHEV-A337242940,VEH-0128ED,2025-07-27T11:57:16,LOC-A8778C,parking_entry,TRAFFIC_ANPR_NETWORK
VEHEV-EF88A2DAAB,VEH-2C9AEF,2025-07-27T13:04:48,LOC-1A1F14,anpr_capture,TRAFFIC_ANPR_NETWORK
VEHEV-F3B451C511,VEH-71A8FF,2025-07-27T17:52:01,LOC-961151,anpr_capture,TRAFFIC_ANPR_NETWORK
VEHEV-2440F4124E,VEH-3D93F6,2025-07-27T21:14:37,LOC-C609DC,parking_entry,TRAFFIC_ANPR_NETWORK
VEHEV-51D1528EF7,VEH-5E0373,2025-07-27T21:32:12,LOC-858C2E,parking_entry,TRAFFIC_ANPR_NETWORK
VEHEV-519EBD3C5C,VEH-68E1F9,2025-07-28T12:14:24,LOC-D2F79E,anpr_capture,TRAFFIC_ANPR_NETWORK
VEHEV-AB5BCE2708,VEH-990B1F,2025-07-28T16:16:06,LOC-564023,anpr_capture,TRAFFIC_ANPR_NETWORK
VEHEV-30E4F000B5,VEH-51A60A,2025-07-28T18:03:36,LOC-86EE62,parking_entry,TRAFFIC_ANPR_NETWORK
VEHEV-BE82BAF567,VEH-68B60A,2025-07-28T20:14:01,LOC-056FB8,toll_crossing,TRAFFIC_ANPR_NETWORK
VEHEV-B7BF667538,VEH-42A441,2025-07-29T06:38:33,LOC-782390,toll_crossing,TRAFFIC_ANPR_NETWORK
VEHEV-120A0C3E17,VEH-F6EB17,2025-07-29T14:57:39,LOC-1B923E,anpr_capture,TRAFFIC_ANPR_NETWORK
VEHEV-3C0E9857FB,VEH-3D93F6,2025-07-29T16:17:14,LOC-8B4EBB,anpr_capture,TRAFFIC_ANPR_NETWORK
VEHEV-1A7FBFB6A9,VEH-4629C7,2025-07-30T02:33:29,LOC-246595,parking_entry,TRAFFIC_ANPR_NETWORK
VEHEV-313134B39A,VEH-68E1F9,2025-07-30T03:07:21,LOC-961151,toll_crossing,TRAFFIC_ANPR_NETWORK
VEHEV-035C0F5376,VEH-B81B10,2025-07-30T17:33:41,LOC-3BBE58,toll_crossing,TRAFFIC_ANPR_NETWORK
VEHEV-0EE356BC81,VEH-990B1F,2025-07-30T18:56:35,LOC-49A6DB,parking_entry,TRAFFIC_ANPR_NETWORK
VEHEV-EEA46ABB7B,VEH-809BDE,2025-07-30T22:36:38,LOC-8F9B34,parking_entry,TRAFFIC_ANPR_NETWORK
VEHEV-44172F71E6,VEH-44070C,2025-07-31T20:49:03,LOC-550AE8,parking_entry,TRAFFIC_ANPR_NETWORK
VEHEV-66ED3CE74C,VEH-983B89,2025-08-01T00:38:22,LOC-C3A1CB,anpr_capture,TRAFFIC_ANPR_NETWORK
VEHEV-67BFAA7317,VEH-D80DB3,2025-08-01T04:07:47,LOC-8343B9,parking_entry,TRAFFIC_ANPR_NETWORK
VEHEV-860F94B0BA,VEH-4CF855,2025-08-01T08:23:23,LOC-0F4A38,anpr_capture,TRAFFIC_ANPR_NETWORK
VEHEV-791C74C4C4,VEH-527EB5,2025-08-01T09:09:38,LOC-056FB8,anpr_capture,TRAFFIC_ANPR_NETWORK
VEHEV-737CFC29E0,VEH-9C2620,2025-08-01T09:46:15,LOC-056FB8,parking_entry,TRAFFIC_ANPR_NETWORK
VEHEV-3218C8F5D5,VEH-95682B,2025-08-01T13:21:35,LOC-443CDE,anpr_capture,TRAFFIC_ANPR_NETWORK
VEHEV-3E0E5AFA8A,VEH-E28F4A,2025-08-01T14:03:39,LOC-28DFA2,anpr_capture,TRAFFIC_ANPR_NETWORK
VEHEV-A8F5AF8F39,VEH-5B899F,2025-08-02T00:03:36,LOC-60AA0D,toll_crossing,TRAFFIC_ANPR_NETWORK
VEHEV-93F15BF235,VEH-299FE5,2025-08-02T06:04:25,LOC-D2F79E,parking_entry,TRAFFIC_ANPR_NETWORK
VEHEV-4480D3EC7B,VEH-1A67C1,2025-08-02T10:02:30,LOC-166DD6,anpr_capture,TRAFFIC_ANPR_NETWORK
VEHEV-6F403EEE6D,VEH-025E62,2025-08-02T16:00:07,LOC-246595,anpr_capture,TRAFFIC_ANPR_NETWORK
VEHEV-1FAAA0C734,VEH-9CF527,2025-08-02T19:09:40,LOC-056FB8,parking_entry,TRAFFIC_ANPR_NETWORK
VEHEV-0C93BAD718,VEH-C7D3A2,2025-08-03T17:26:21,LOC-056FB8,parking_entry,TRAFFIC_ANPR_NETWORK
VEHEV-8059491299,VEH-143544,2025-08-03T22:46:24,LOC-B8654D,anpr_capture,TRAFFIC_ANPR_NETWORK
VEHEV-25B386FA6D,VEH-1A67C1,2025-08-04T04:29:47,LOC-11E374,toll_crossing,TRAFFIC_ANPR_NETWORK
VEHEV-45E68CA50D,VEH-BC59A1,2025-08-04T04:38:31,LOC-86EE62,parking_entry,TRAFFIC_ANPR_NETWORK
VEHEV-ECE8F93E27,VEH-64AE34,2025-08-04T06:35:06,LOC-C3A1CB,anpr_capture,TRAFFIC_ANPR_NETWORK
VEHEV-B261DA0568,VEH-078C8C,2025-08-04T19:41:35,LOC-A56A62,toll_crossing,TRAFFIC_ANPR_NETWORK
VEHEV-9819800D5D,VEH-430C47,2025-08-05T07:03:08,LOC-60AA0D,parking_entry,TRAFFIC_ANPR_NETWORK
VEHEV-678CA49631,VEH-4C6E56,2025-08-05T13:17:51,LOC-3EC306,anpr_capture,TRAFFIC_ANPR_NETWORK
VEHEV-CDE88D829F,VEH-789FF5,2025-08-05T15:14:33,LOC-B9CFDA,anpr_capture,TRAFFIC_ANPR_NETWORK
VEHEV-A9862A57A0,VEH-5DB746,2025-08-05T15:32:02,LOC-B9CFDA,anpr_capture,TRAFFIC_ANPR_NETWORK
VEHEV-2F301E9374,VEH-527EB5,2025-08-05T19:27:41,LOC-6B641B,anpr_capture,TRAFFIC_ANPR_NETWORK
VEHEV-712246F2BC,VEH-078C8C,2025-08-05T21:35:46,LOC-C3A1CB,toll_crossing,TRAFFIC_ANPR_NETWORK
VEHEV-575EE3323C,VEH-FAF976,2025-08-06T09:38:39,LOC-98B485,anpr_capture,TRAFFIC_ANPR_NETWORK
VEHEV-173E7CC684,VEH-C6047A,2025-08-06T18:18:50,LOC-246595,anpr_capture,TRAFFIC_ANPR_NETWORK
VEHEV-53FC6E4FDF,VEH-66D736,2025-08-06T23:10:00,LOC-11E374,parking_entry,TRAFFIC_ANPR_NETWORK
VEHEV-4CABD2046D,VEH-430C47,2025-08-07T03:31:18,LOC-550AE8,parking_entry,TRAFFIC_ANPR_NETWORK
VEHEV-F5FA0C83C6,VEH-986597,2025-08-07T15:06:01,LOC-C609DC,anpr_capture,TRAFFIC_ANPR_NETWORK
VEHEV-A8FFA1AA50,VEH-FF76ED,2025-08-07T15:22:18,LOC-D2F79E,anpr_capture,TRAFFIC_ANPR_NETWORK
VEHEV-5EBC9F616D,VEH-68B60A,2025-08-07T15:50:47,LOC-3EC306,toll_crossing,TRAFFIC_ANPR_NETWORK
VEHEV-76FDEB3153,VEH-192ED8,2025-08-07T22:08:34,LOC-CBE54C,parking_entry,TRAFFIC_ANPR_NETWORK
VEHEV-F0DEFEFE41,VEH-8D24D5,2025-08-08T00:51:23,LOC-11E374,toll_crossing,TRAFFIC_ANPR_NETWORK
VEHEV-91AA6AB928,VEH-64AE34,2025-08-08T02:32:12,LOC-CBE54C,anpr_capture,TRAFFIC_ANPR_NETWORK
VEHEV-DBF9DB87FC,VEH-E28F4A,2025-08-08T04:01:07,LOC-8F9B34,anpr_capture,TRAFFIC_ANPR_NETWORK
VEHEV-77926C7D54,VEH-C00A83,2025-08-08T05:31:45,LOC-3BBE58,anpr_capture,TRAFFIC_ANPR_NETWORK
VEHEV-370525F4DC,VEH-A0FFAA,2025-08-08T10:28:27,LOC-782390,anpr_capture,TRAFFIC_ANPR_NETWORK
VEHEV-AB947720F4,VEH-055299,2025-08-08T15:42:27,LOC-8546A1,toll_crossing,TRAFFIC_ANPR_NETWORK
VEHEV-C89A6886EC,VEH-192ED8,2025-08-08T17:35:25,LOC-A56A62,parking_entry,TRAFFIC_ANPR_NETWORK
VEHEV-E392930DD0,VEH-D236A4,2025-08-09T10:32:06,LOC-564023,parking_entry,TRAFFIC_ANPR_NETWORK
VEHEV-F443F46AA0,VEH-F6EB17,2025-08-09T23:36:51,LOC-A8778C,toll_crossing,TRAFFIC_ANPR_NETWORK
VEHEV-FF6575DBC8,VEH-3D7608,2025-08-10T05:45:25,LOC-056FB8,toll_crossing,TRAFFIC_ANPR_NETWORK
VEHEV-F757BEEFEE,VEH-EF1616,2025-08-10T17:53:14,LOC-8343B9,anpr_capture,TRAFFIC_ANPR_NETWORK
VEHEV-A80EC8D5BE,VEH-AA5946,2025-08-11T07:17:57,LOC-1A1F14,parking_entry,TRAFFIC_ANPR_NETWORK
VEHEV-758B1B1BA7,VEH-A769F7,2025-08-11T22:56:53,LOC-C609DC,parking_entry,TRAFFIC_ANPR_NETWORK
VEHEV-78E6ED8F47,VEH-430C47,2025-08-12T05:35:16,LOC-3BBE58,toll_crossing,TRAFFIC_ANPR_NETWORK
VEHEV-615AA203FC,VEH-DE3C79,2025-08-12T12:29:40,LOC-1651DD,parking_entry,TRAFFIC_ANPR_NETWORK
VEHEV-292A082ECD,VEH-55B9BA,2025-08-13T09:36:29,LOC-443CDE,toll_crossing,TRAFFIC_ANPR_NETWORK
VEHEV-8FF87DC667,VEH-3D7608,2025-08-13T23:34:19,LOC-3EC306,parking_entry,TRAFFIC_ANPR_NETWORK
VEHEV-DE76C8FB83,VEH-518EA0,2025-08-13T23:47:08,LOC-0F4A38,parking_entry,TRAFFIC_ANPR_NETWORK
VEHEV-2E0A08FABC,VEH-68DCCB,2025-08-14T01:54:52,LOC-961151,anpr_capture,TRAFFIC_ANPR_NETWORK
VEHEV-92C155647B,VEH-5E0373,2025-08-14T05:03:00,LOC-1A1F14,anpr_capture,TRAFFIC_ANPR_NETWORK
VEHEV-A9ABF492D7,VEH-D236A4,2025-08-14T15:29:41,LOC-11E374,toll_crossing,TRAFFIC_ANPR_NETWORK
VEHEV-80F5BD2DD6,VEH-48AC1E,2025-08-14T17:02:46,LOC-5653D4,parking_entry,TRAFFIC_ANPR_NETWORK
VEHEV-FE2BB6B23C,VEH-43898D,2025-08-14T17:22:32,LOC-0F4A38,anpr_capture,TRAFFIC_ANPR_NETWORK
VEHEV-E22D9310E6,VEH-F87888,2025-08-14T17:48:59,LOC-3EC306,anpr_capture,TRAFFIC_ANPR_NETWORK
VEHEV-798EB4B4EF,VEH-0E4E62,2025-08-14T22:18:38,LOC-166DD6,parking_entry,TRAFFIC_ANPR_NETWORK
VEHEV-5AC38B142D,VEH-F24509,2025-08-16T02:34:45,LOC-8343B9,parking_entry,TRAFFIC_ANPR_NETWORK
VEHEV-4C3CE7199C,VEH-4629C7,2025-08-16T05:07:43,LOC-550AE8,toll_crossing,TRAFFIC_ANPR_NETWORK
VEHEV-2FB4272350,VEH-F7BD97,2025-08-16T15:15:07,LOC-A56A62,anpr_capture,TRAFFIC_ANPR_NETWORK
VEHEV-F1CC87260E,VEH-12D9CB,2025-08-16T15:55:18,LOC-8546A1,toll_crossing,TRAFFIC_ANPR_NETWORK
VEHEV-D04CACEB99,VEH-BF026F,2025-08-16T17:47:05,LOC-3BBE58,toll_crossing,TRAFFIC_ANPR_NETWORK
VEHEV-E0B5712AAC,VEH-4C6E56,2025-08-17T03:52:07,LOC-1B923E,parking_entry,TRAFFIC_ANPR_NETWORK
VEHEV-1750989629,VEH-B51525,2025-08-17T04:59:09,LOC-858C2E,toll_crossing,TRAFFIC_ANPR_NETWORK
VEHEV-A6CA4BACE3,VEH-7D614E,2025-08-17T05:30:03,LOC-0826C0,anpr_capture,TRAFFIC_ANPR_NETWORK
VEHEV-707EA44EDC,VEH-B2E6B8,2025-08-17T08:16:57,LOC-8B4EBB,parking_entry,TRAFFIC_ANPR_NETWORK
VEHEV-90E75AA487,VEH-1619C7,2025-08-17T18:57:41,LOC-D2F79E,parking_entry,TRAFFIC_ANPR_NETWORK
VEHEV-EA565B9149,VEH-B58A64,2025-08-17T18:57:44,LOC-D2F79E,toll_crossing,TRAFFIC_ANPR_NETWORK
VEHEV-2AB59AAC02,VEH-3D7608,2025-08-17T22:15:55,LOC-0826C0,parking_entry,TRAFFIC_ANPR_NETWORK
VEHEV-E4B865BBA4,VEH-D80DB3,2025-08-18T08:56:16,LOC-C3A1CB,parking_entry,TRAFFIC_ANPR_NETWORK
VEHEV-38C9BA3DA0,VEH-68B60A,2025-08-18T08:56:20,LOC-A8778C,anpr_capture,TRAFFIC_ANPR_NETWORK
VEHEV-86DDC84A33,VEH-ECA8AD,2025-08-18T15:10:50,LOC-B8654D,parking_entry,TRAFFIC_ANPR_NETWORK
VEHEV-978D44E01A,VEH-51607B,2025-08-18T19:54:42,LOC-7CA5D0,parking_entry,TRAFFIC_ANPR_NETWORK
VEHEV-106FCEC0E3,VEH-A769F7,2025-08-19T00:29:27,LOC-7CA5D0,toll_crossing,TRAFFIC_ANPR_NETWORK
VEHEV-A00D2BF17C,VEH-789FF5,2025-08-19T01:31:00,LOC-564023,parking_entry,TRAFFIC_ANPR_NETWORK
VEHEV-FA52760EFD,VEH-0128ED,2025-08-19T11:52:00,LOC-1B923E,parking_entry,TRAFFIC_ANPR_NETWORK
VEHEV-285F3BEA96,VEH-FA9F7D,2025-08-20T01:57:17,LOC-3BBE58,parking_entry,TRAFFIC_ANPR_NETWORK
VEHEV-F14F17869B,VEH-7D614E,2025-08-20T06:49:36,LOC-AAC991,anpr_capture,TRAFFIC_ANPR_NETWORK
VEHEV-56C4F71DA7,VEH-5DB746,2025-08-20T10:58:39,LOC-11E374,anpr_capture,TRAFFIC_ANPR_NETWORK
VEHEV-16D0B46BD4,VEH-5BBA14,2025-08-20T21:36:46,LOC-550AE8,parking_entry,TRAFFIC_ANPR_NETWORK
VEHEV-8B09BBD2C3,VEH-809BDE,2025-08-21T05:10:35,LOC-8546A1,parking_entry,TRAFFIC_ANPR_NETWORK
VEHEV-F49C7D337E,VEH-7A16BA,2025-08-21T09:16:07,LOC-28DFA2,toll_crossing,TRAFFIC_ANPR_NETWORK
VEHEV-5DDD22B7A8,VEH-0128ED,2025-08-21T09:32:04,LOC-961151,parking_entry,TRAFFIC_ANPR_NETWORK
VEHEV-7F516FF650,VEH-66D736,2025-08-21T09:53:17,LOC-8546A1,anpr_capture,TRAFFIC_ANPR_NETWORK
VEHEV-0B53A74DE5,VEH-7D614E,2025-08-21T10:49:58,LOC-AAC991,toll_crossing,TRAFFIC_ANPR_NETWORK
VEHEV-CA0366A812,VEH-D4E1BE,2025-08-21T17:43:03,LOC-86EE62,anpr_capture,TRAFFIC_ANPR_NETWORK
VEHEV-5AE115E937,VEH-28AE2D,2025-08-21T18:49:21,LOC-28DFA2,toll_crossing,TRAFFIC_ANPR_NETWORK
VEHEV-4281FB2372,VEH-90408C,2025-08-21T22:31:58,LOC-0826C0,parking_entry,TRAFFIC_ANPR_NETWORK
VEHEV-8EF96E87D4,VEH-5DB746,2025-08-22T17:54:09,LOC-8B4EBB,parking_entry,TRAFFIC_ANPR_NETWORK
VEHEV-E60F55A5DD,VEH-F87888,2025-08-22T21:05:57,LOC-B9CFDA,anpr_capture,TRAFFIC_ANPR_NETWORK
VEHEV-D45B56B1CD,VEH-A87390,2025-08-22T22:00:22,LOC-86EE62,parking_entry,TRAFFIC_ANPR_NETWORK
VEHEV-84378AB931,VEH-F87888,2025-08-22T23:11:33,LOC-C3A1CB,anpr_capture,TRAFFIC_ANPR_NETWORK
VEHEV-A7909FBBCD,VEH-24FFC2,2025-08-23T01:34:31,LOC-858C2E,parking_entry,TRAFFIC_ANPR_NETWORK
VEHEV-5DB3A95315,VEH-2F680E,2025-08-23T02:41:12,LOC-C75B69,anpr_capture,TRAFFIC_ANPR_NETWORK
VEHEV-650C9DCBD8,VEH-85B1E7,2025-08-23T09:25:09,LOC-443CDE,toll_crossing,TRAFFIC_ANPR_NETWORK
VEHEV-2EA24ABB91,VEH-D054BE,2025-08-23T15:16:39,LOC-11E374,toll_crossing,TRAFFIC_ANPR_NETWORK
VEHEV-F9639CF19B,VEH-A3A586,2025-08-23T15:52:20,LOC-858C2E,toll_crossing,TRAFFIC_ANPR_NETWORK
VEHEV-6D2144DFD1,VEH-EEBE88,2025-08-23T21:35:27,LOC-11E374,anpr_capture,TRAFFIC_ANPR_NETWORK
VEHEV-895590B3F6,VEH-DE4EE0,2025-08-24T13:07:04,LOC-056FB8,toll_crossing,TRAFFIC_ANPR_NETWORK
VEHEV-4F2E5E9C02,VEH-15EC0F,2025-08-24T15:58:56,LOC-3BBE58,toll_crossing,TRAFFIC_ANPR_NETWORK
VEHEV-4CE08108D5,VEH-3D7608,2025-08-24T16:57:11,LOC-1A1F14,anpr_capture,TRAFFIC_ANPR_NETWORK
VEHEV-EEA61D2793,VEH-F8A27A,2025-08-24T18:07:53,LOC-0F4A38,parking_entry,TRAFFIC_ANPR_NETWORK
VEHEV-3E046932B3,VEH-BF026F,2025-08-24T21:45:33,LOC-98B485,anpr_capture,TRAFFIC_ANPR_NETWORK
VEHEV-73F7B8A94B,VEH-DEEB48,2025-08-25T00:36:15,LOC-166DD6,parking_entry,TRAFFIC_ANPR_NETWORK
VEHEV-FE7ABEDEBC,VEH-ECA7C4,2025-08-25T03:14:39,LOC-A56A62,toll_crossing,TRAFFIC_ANPR_NETWORK
VEHEV-C637BB0701,VEH-BEC8DB,2025-08-25T05:19:52,LOC-1651DD,anpr_capture,TRAFFIC_ANPR_NETWORK
VEHEV-12C96BEC45,VEH-F6901F,2025-08-25T12:32:13,LOC-8546A1,anpr_capture,TRAFFIC_ANPR_NETWORK
VEHEV-22B4AA630E,VEH-DE4955,2025-08-25T17:01:25,LOC-1651DD,parking_entry,TRAFFIC_ANPR_NETWORK
VEHEV-CFA814FB89,VEH-55B9BA,2025-08-26T02:45:28,LOC-49A6DB,parking_entry,TRAFFIC_ANPR_NETWORK
VEHEV-DA53C4B4F7,VEH-9F0193,2025-08-26T03:32:31,LOC-166DD6,toll_crossing,TRAFFIC_ANPR_NETWORK
VEHEV-ED15AFCF13,VEH-530D35,2025-08-26T06:18:04,LOC-961151,anpr_capture,TRAFFIC_ANPR_NETWORK
VEHEV-35ED3F6874,VEH-8D24D5,2025-08-26T10:11:07,LOC-B9CFDA,anpr_capture,TRAFFIC_ANPR_NETWORK
VEHEV-8F52970B41,VEH-724A0D,2025-08-26T12:46:07,LOC-246595,toll_crossing,TRAFFIC_ANPR_NETWORK
VEHEV-FB0310A1D9,VEH-71A8FF,2025-08-26T21:03:52,LOC-564023,parking_entry,TRAFFIC_ANPR_NETWORK
VEHEV-E89DE2B10E,VEH-5F6C14,2025-08-27T13:20:54,LOC-11E374,parking_entry,TRAFFIC_ANPR_NETWORK
VEHEV-A7F9359AF9,VEH-BDB3EB,2025-08-27T14:28:42,LOC-28DFA2,toll_crossing,TRAFFIC_ANPR_NETWORK
VEHEV-1989048312,VEH-FA9F7D,2025-08-27T14:49:25,LOC-782390,anpr_capture,TRAFFIC_ANPR_NETWORK
VEHEV-740180DF56,VEH-ECA8AD,2025-08-27T17:55:49,LOC-0F4A38,toll_crossing,TRAFFIC_ANPR_NETWORK
VEHEV-DF21D20FE2,VEH-A87390,2025-08-27T22:56:44,LOC-166DD6,toll_crossing,TRAFFIC_ANPR_NETWORK
VEHEV-F95C45F521,VEH-CB55D9,2025-08-27T23:01:48,LOC-056FB8,parking_entry,TRAFFIC_ANPR_NETWORK
VEHEV-0D16F82146,VEH-E472FE,2025-08-28T02:45:20,LOC-550AE8,toll_crossing,TRAFFIC_ANPR_NETWORK
VEHEV-AD327A8261,VEH-0A13C0,2025-08-28T07:28:54,LOC-86EE62,anpr_capture,TRAFFIC_ANPR_NETWORK
VEHEV-1B91C18BA9,VEH-46096D,2025-08-28T20:20:37,LOC-443CDE,anpr_capture,TRAFFIC_ANPR_NETWORK
VEHEV-CE1CABACD1,VEH-F7D3E8,2025-08-30T04:52:32,LOC-782390,parking_entry,TRAFFIC_ANPR_NETWORK
VEHEV-8E1EA4AB4A,VEH-39D999,2025-08-30T05:34:43,LOC-60AA0D,parking_entry,TRAFFIC_ANPR_NETWORK
VEHEV-6CF1782D9B,VEH-430C47,2025-08-30T22:26:21,LOC-550AE8,parking_entry,TRAFFIC_ANPR_NETWORK
VEHEV-AAFA9C972E,VEH-8B8D01,2025-08-30T22:40:42,LOC-056FB8,parking_entry,TRAFFIC_ANPR_NETWORK
VEHEV-54D39C8FBF,VEH-39D999,2025-08-30T23:04:35,LOC-1651DD,parking_entry,TRAFFIC_ANPR_NETWORK
VEHEV-54A1151564,VEH-3D93F6,2025-08-31T08:35:50,LOC-AAC991,toll_crossing,TRAFFIC_ANPR_NETWORK
VEHEV-EBB714A17B,VEH-5D0FE6,2025-09-01T06:14:23,LOC-8F9B34,anpr_capture,TRAFFIC_ANPR_NETWORK
VEHEV-B6B669822E,VEH-44070C,2025-09-01T12:43:32,LOC-8F9B34,toll_crossing,TRAFFIC_ANPR_NETWORK
VEHEV-476229DBE0,VEH-F87888,2025-09-01T16:22:10,LOC-28DFA2,toll_crossing,TRAFFIC_ANPR_NETWORK
VEHEV-85BF92C8B7,VEH-424E0A,2025-09-02T03:14:42,LOC-49A6DB,toll_crossing,TRAFFIC_ANPR_NETWORK
VEHEV-ABAE3DEBBB,VEH-B22741,2025-09-02T11:44:59,LOC-1651DD,parking_entry,TRAFFIC_ANPR_NETWORK
VEHEV-E202871673,VEH-18FA4B,2025-09-02T14:58:17,LOC-B9CFDA,toll_crossing,TRAFFIC_ANPR_NETWORK
VEHEV-264A19F6BA,VEH-40CCB6,2025-09-02T16:23:17,LOC-056FB8,parking_entry,TRAFFIC_ANPR_NETWORK
VEHEV-DAF2D25BD0,VEH-4AA2FB,2025-09-03T00:51:31,LOC-CBE54C,parking_entry,TRAFFIC_ANPR_NETWORK
VEHEV-E406737738,VEH-B51525,2025-09-03T10:42:30,LOC-1B923E,toll_crossing,TRAFFIC_ANPR_NETWORK
VEHEV-C2F21CB97D,VEH-C7D3A2,2025-09-03T12:32:40,LOC-8343B9,toll_crossing,TRAFFIC_ANPR_NETWORK
VEHEV-48D6F59DC7,VEH-AE4521,2025-09-03T22:04:51,LOC-3BBE58,parking_entry,TRAFFIC_ANPR_NETWORK
VEHEV-1ED1BBD5F1,VEH-530D35,2025-09-03T22:51:19,LOC-4AB381,toll_crossing,TRAFFIC_ANPR_NETWORK
VEHEV-2F7D606C3E,VEH-4629C7,2025-09-04T05:22:29,LOC-B8654D,anpr_capture,TRAFFIC_ANPR_NETWORK
VEHEV-7244E219AC,VEH-226B1B,2025-09-04T05:55:44,LOC-056FB8,parking_entry,TRAFFIC_ANPR_NETWORK
VEHEV-637A05D234,VEH-5F6C14,2025-09-04T08:28:02,LOC-8343B9,toll_crossing,TRAFFIC_ANPR_NETWORK
VEHEV-5D28685A21,VEH-55B9BA,2025-09-04T11:06:43,LOC-8B4EBB,anpr_capture,TRAFFIC_ANPR_NETWORK
VEHEV-4D9EB79927,VEH-96D316,2025-09-04T16:13:00,LOC-11E374,parking_entry,TRAFFIC_ANPR_NETWORK
VEHEV-06CF565108,VEH-F110D5,2025-09-05T07:16:17,LOC-8F9B34,parking_entry,TRAFFIC_ANPR_NETWORK
VEHEV-F13A3C4321,VEH-F6EB17,2025-09-05T19:47:32,LOC-782390,anpr_capture,TRAFFIC_ANPR_NETWORK
VEHEV-2C427657A0,VEH-D03371,2025-09-05T20:01:29,LOC-782390,parking_entry,TRAFFIC_ANPR_NETWORK
VEHEV-8F74D999E0,VEH-798265,2025-09-06T12:37:46,LOC-60AA0D,toll_crossing,TRAFFIC_ANPR_NETWORK
VEHEV-C088963A42,VEH-A3A586,2025-09-06T16:58:33,LOC-1B923E,parking_entry,TRAFFIC_ANPR_NETWORK
VEHEV-35F37219EC,VEH-45C713,2025-09-06T17:15:10,LOC-4AB381,parking_entry,TRAFFIC_ANPR_NETWORK
VEHEV-13615D3611,VEH-527EB5,2025-09-06T21:52:35,LOC-1A1F14,toll_crossing,TRAFFIC_ANPR_NETWORK
VEHEV-34467FBA59,VEH-5DB746,2025-09-06T23:17:21,LOC-C609DC,anpr_capture,TRAFFIC_ANPR_NETWORK
VEHEV-FE9D102C90,VEH-226B1B,2025-09-07T02:22:46,LOC-6B641B,toll_crossing,TRAFFIC_ANPR_NETWORK
VEHEV-D828B5B74B,VEH-37180E,2025-09-07T04:22:09,LOC-5653D4,parking_entry,TRAFFIC_ANPR_NETWORK
VEHEV-7D0C906285,VEH-9F6796,2025-09-07T06:20:25,LOC-CBE54C,parking_entry,TRAFFIC_ANPR_NETWORK
VEHEV-0790364032,VEH-3418BD,2025-09-07T16:31:05,LOC-6B641B,toll_crossing,TRAFFIC_ANPR_NETWORK
VEHEV-E45D2198B2,VEH-C6047A,2025-09-07T23:06:12,LOC-D2F79E,parking_entry,TRAFFIC_ANPR_NETWORK
VEHEV-CBE338DB7A,VEH-3F3CBC,2025-09-08T08:41:23,LOC-B9CFDA,anpr_capture,TRAFFIC_ANPR_NETWORK
VEHEV-0348FE6F25,VEH-18F9D1,2025-09-08T16:04:30,LOC-443CDE,parking_entry,TRAFFIC_ANPR_NETWORK
VEHEV-82E26BE046,VEH-51A60A,2025-09-09T14:02:44,LOC-B9CFDA,anpr_capture,TRAFFIC_ANPR_NETWORK
VEHEV-44A12491E2,VEH-FF76ED,2025-09-09T14:36:44,LOC-98B485,anpr_capture,TRAFFIC_ANPR_NETWORK
VEHEV-05A2506A9E,VEH-789FF5,2025-09-09T22:37:23,LOC-961151,anpr_capture,TRAFFIC_ANPR_NETWORK
VEHEV-F81AD8BF5F,VEH-C27FD9,2025-09-09T22:55:35,LOC-8F9B34,parking_entry,TRAFFIC_ANPR_NETWORK
VEHEV-099151C0CE,VEH-983B89,2025-09-10T05:29:26,LOC-A8778C,parking_entry,TRAFFIC_ANPR_NETWORK
VEHEV-6555A51B16,VEH-C72BE9,2025-09-10T08:13:22,LOC-CBE54C,anpr_capture,TRAFFIC_ANPR_NETWORK
VEHEV-D8FDC0166B,VEH-5F6C14,2025-09-10T10:46:10,LOC-3BBE58,anpr_capture,TRAFFIC_ANPR_NETWORK
VEHEV-224E8887FE,VEH-B2E6B8,2025-09-10T14:31:29,LOC-C75B69,toll_crossing,TRAFFIC_ANPR_NETWORK
VEHEV-52712A912C,VEH-DBFE17,2025-09-10T14:53:04,LOC-86EE62,toll_crossing,TRAFFIC_ANPR_NETWORK
VEHEV-880BAF4260,VEH-04A3FE,2025-09-10T22:54:01,LOC-0826C0,parking_entry,TRAFFIC_ANPR_NETWORK
VEHEV-BD36BB9639,VEH-518EA0,2025-09-10T23:38:23,LOC-246595,toll_crossing,TRAFFIC_ANPR_NETWORK
VEHEV-357148B5B0,VEH-025E62,2025-09-11T08:37:09,LOC-86EE62,parking_entry,TRAFFIC_ANPR_NETWORK
VEHEV-116E0C6800,VEH-5F5B99,2025-09-11T09:30:01,LOC-A8778C,toll_crossing,TRAFFIC_ANPR_NETWORK
VEHEV-582D705F53,VEH-DF8641,2025-09-11T09:45:53,LOC-7CA5D0,parking_entry,TRAFFIC_ANPR_NETWORK
VEHEV-E3319F0925,VEH-527EB5,2025-09-11T16:44:20,LOC-11E374,anpr_capture,TRAFFIC_ANPR_NETWORK
VEHEV-6CF717632F,VEH-B58A64,2025-09-11T20:59:43,LOC-782390,toll_crossing,TRAFFIC_ANPR_NETWORK
VEHEV-9B2BC6E006,VEH-129D6F,2025-09-12T10:22:24,LOC-86EE62,parking_entry,TRAFFIC_ANPR_NETWORK
VEHEV-7E68758B2E,VEH-A1BD56,2025-09-12T10:25:12,LOC-C75B69,toll_crossing,TRAFFIC_ANPR_NETWORK
VEHEV-E6501FEC36,VEH-D80DB3,2025-09-12T10:29:22,LOC-1A1F14,toll_crossing,TRAFFIC_ANPR_NETWORK
VEHEV-BDDB86AD32,VEH-DE3C79,2025-09-12T12:27:11,LOC-858C2E,toll_crossing,TRAFFIC_ANPR_NETWORK
VEHEV-5A3E8BF766,VEH-5F6C14,2025-09-12T14:44:35,LOC-3BBE58,anpr_capture,TRAFFIC_ANPR_NETWORK
VEHEV-CCC6948FEA,VEH-7BA5B2,2025-09-12T19:16:05,LOC-CBE54C,anpr_capture,TRAFFIC_ANPR_NETWORK
VEHEV-F7B30DF406,VEH-078C8C,2025-09-14T02:27:25,LOC-C3A1CB,anpr_capture,TRAFFIC_ANPR_NETWORK
VEHEV-9CEF7224A1,VEH-A87390,2025-09-14T05:52:26,LOC-4AB381,anpr_capture,TRAFFIC_ANPR_NETWORK
VEHEV-382C784791,VEH-A50C0A,2025-09-14T14:33:47,LOC-0826C0,parking_entry,TRAFFIC_ANPR_NETWORK
VEHEV-8EECA666BE,VEH-F6EB17,2025-09-14T18:49:38,LOC-5653D4,parking_entry,TRAFFIC_ANPR_NETWORK
VEHEV-391737BC75,VEH-3F3CBC,2025-09-15T05:57:07,LOC-3EC306,parking_entry,TRAFFIC_ANPR_NETWORK
VEHEV-34E2199202,VEH-289718,2025-09-15T07:03:02,LOC-858C2E,anpr_capture,TRAFFIC_ANPR_NETWORK
VEHEV-1BBBFC75E5,VEH-DE4955,2025-09-15T09:42:27,LOC-8B4EBB,anpr_capture,TRAFFIC_ANPR_NETWORK
VEHEV-8CFDED9E2F,VEH-68E1F9,2025-09-15T10:52:19,LOC-C609DC,toll_crossing,TRAFFIC_ANPR_NETWORK
VEHEV-E9834BCF05,VEH-5F6C14,2025-09-15T11:54:50,LOC-056FB8,parking_entry,TRAFFIC_ANPR_NETWORK
VEHEV-6B1A9BCCC9,VEH-789FF5,2025-09-15T21:30:32,LOC-B9CFDA,anpr_capture,TRAFFIC_ANPR_NETWORK
VEHEV-3157B1EDC4,VEH-92F5E9,2025-09-16T01:40:05,LOC-8F9B34,anpr_capture,TRAFFIC_ANPR_NETWORK
VEHEV-973A886B01,VEH-9D806D,2025-09-16T01:41:29,LOC-4AB381,parking_entry,TRAFFIC_ANPR_NETWORK
VEHEV-DF018B3995,VEH-0A13C0,2025-09-16T09:18:04,LOC-858C2E,parking_entry,TRAFFIC_ANPR_NETWORK
VEHEV-A9413FDC14,VEH-2F680E,2025-09-16T12:05:03,LOC-1B923E,parking_entry,TRAFFIC_ANPR_NETWORK
VEHEV-85DFB89036,VEH-40CCB6,2025-09-16T15:43:54,LOC-28DFA2,parking_entry,TRAFFIC_ANPR_NETWORK
VEHEV-3C3A53DB77,VEH-5F6C14,2025-09-17T02:20:26,LOC-1A1F14,parking_entry,TRAFFIC_ANPR_NETWORK
VEHEV-CD6F328836,VEH-DE4955,2025-09-17T06:15:06,LOC-0F4A38,anpr_capture,TRAFFIC_ANPR_NETWORK
VEHEV-BF609BE5A0,VEH-A4D76A,2025-09-18T04:00:57,LOC-564023,parking_entry,TRAFFIC_ANPR_NETWORK
VEHEV-C8F394246C,VEH-74BCBA,2025-09-18T13:54:37,LOC-5653D4,toll_crossing,TRAFFIC_ANPR_NETWORK
VEHEV-1BFC6CA27A,VEH-9CF527,2025-09-18T14:58:39,LOC-28DFA2,anpr_capture,TRAFFIC_ANPR_NETWORK
VEHEV-3D68EFEF16,VEH-299FE5,2025-09-18T15:27:24,LOC-4AB381,parking_entry,TRAFFIC_ANPR_NETWORK
VEHEV-7AD8C5DC63,VEH-DDD950,2025-09-18T18:04:24,LOC-782390,anpr_capture,TRAFFIC_ANPR_NETWORK
VEHEV-8A3D3610D3,VEH-0478A9,2025-09-19T06:21:16,LOC-246595,anpr_capture,TRAFFIC_ANPR_NETWORK
VEHEV-5A6791B6A6,VEH-90408C,2025-09-20T04:33:02,LOC-8F9B34,anpr_capture,TRAFFIC_ANPR_NETWORK
VEHEV-C6DAC9C169,VEH-A69C70,2025-09-20T05:09:52,LOC-6B641B,parking_entry,TRAFFIC_ANPR_NETWORK
VEHEV-6664218C4D,VEH-EEBE88,2025-09-20T06:23:13,LOC-782390,parking_entry,TRAFFIC_ANPR_NETWORK
VEHEV-0145E59C79,VEH-798265,2025-09-20T07:55:47,LOC-8B4EBB,anpr_capture,TRAFFIC_ANPR_NETWORK
VEHEV-439F437FA8,VEH-B51525,2025-09-20T13:55:45,LOC-5653D4,parking_entry,TRAFFIC_ANPR_NETWORK
VEHEV-A53C775D02,VEH-518EA0,2025-09-20T16:33:06,LOC-056FB8,anpr_capture,TRAFFIC_ANPR_NETWORK
VEHEV-9CEA2B5CC5,VEH-916D9E,2025-09-20T20:19:35,LOC-A8778C,anpr_capture,TRAFFIC_ANPR_NETWORK
VEHEV-B683439D73,VEH-C0901A,2025-09-20T20:47:42,LOC-B9CFDA,parking_entry,TRAFFIC_ANPR_NETWORK
VEHEV-AD775C0745,VEH-F7D3E8,2025-09-20T21:58:33,LOC-1A1F14,parking_entry,TRAFFIC_ANPR_NETWORK
VEHEV-F9DD5741C4,VEH-ECA8AD,2025-09-21T03:16:33,LOC-6B641B,anpr_capture,TRAFFIC_ANPR_NETWORK
VEHEV-D97EA832FD,VEH-983B89,2025-09-21T04:35:59,LOC-1A1F14,parking_entry,TRAFFIC_ANPR_NETWORK
VEHEV-DBD186E266,VEH-BD0766,2025-09-21T13:42:21,LOC-1A1F14,parking_entry,TRAFFIC_ANPR_NETWORK
VEHEV-755EFBD790,VEH-60122E,2025-09-21T16:18:32,LOC-3EC306,parking_entry,TRAFFIC_ANPR_NETWORK
VEHEV-9B6F13A29F,VEH-9F6796,2025-09-21T17:52:31,LOC-961151,toll_crossing,TRAFFIC_ANPR_NETWORK
VEHEV-A2EE7A48F4,VEH-F8A27A,2025-09-21T18:02:57,LOC-CBE54C,toll_crossing,TRAFFIC_ANPR_NETWORK
VEHEV-A43C9F832C,VEH-66D736,2025-09-21T20:51:33,LOC-3EC306,toll_crossing,TRAFFIC_ANPR_NETWORK
VEHEV-34D2B1EEA8,VEH-79982A,2025-09-22T07:29:58,LOC-60AA0D,toll_crossing,TRAFFIC_ANPR_NETWORK
VEHEV-C73145D927,VEH-44070C,2025-09-22T15:42:39,LOC-2E747C,parking_entry,TRAFFIC_ANPR_NETWORK
VEHEV-0A0BA9A22D,VEH-14ED44,2025-09-23T04:44:24,LOC-8343B9,toll_crossing,TRAFFIC_ANPR_NETWORK
VEHEV-2231BBDB93,VEH-B58A64,2025-09-23T08:14:35,LOC-C609DC,anpr_capture,TRAFFIC_ANPR_NETWORK
VEHEV-2C8AFA6157,VEH-129D6F,2025-09-23T10:27:03,LOC-B8654D,toll_crossing,TRAFFIC_ANPR_NETWORK
VEHEV-AA87678C30,VEH-92F5E9,2025-09-23T20:52:57,LOC-28DFA2,anpr_capture,TRAFFIC_ANPR_NETWORK
VEHEV-E25C843871,VEH-68B60A,2025-09-23T21:10:46,LOC-8F9B34,anpr_capture,TRAFFIC_ANPR_NETWORK
VEHEV-63294FB6B3,VEH-D054BE,2025-09-23T22:44:03,LOC-AAC991,toll_crossing,TRAFFIC_ANPR_NETWORK
VEHEV-B8DDD218F0,VEH-3418BD,2025-09-24T13:32:04,LOC-1651DD,toll_crossing,TRAFFIC_ANPR_NETWORK
VEHEV-F5183FFE87,VEH-986597,2025-09-24T17:16:57,LOC-246595,anpr_capture,TRAFFIC_ANPR_NETWORK
VEHEV-D5A826B145,VEH-AA5946,2025-09-24T17:18:34,LOC-5653D4,parking_entry,TRAFFIC_ANPR_NETWORK
VEHEV-0BA6F867DC,VEH-986597,2025-09-25T00:02:59,LOC-C75B69,toll_crossing,TRAFFIC_ANPR_NETWORK
VEHEV-BFE964F283,VEH-986597,2025-09-25T00:06:27,LOC-166DD6,toll_crossing,TRAFFIC_ANPR_NETWORK
VEHEV-E22950162E,VEH-6BB4F6,2025-09-25T03:13:59,LOC-5653D4,toll_crossing,TRAFFIC_ANPR_NETWORK
VEHEV-A51A616204,VEH-BC59A1,2025-09-25T19:01:05,LOC-0826C0,parking_entry,TRAFFIC_ANPR_NETWORK
VEHEV-BD5CE39F70,VEH-6F278E,2025-09-25T22:21:28,LOC-28DFA2,parking_entry,TRAFFIC_ANPR_NETWORK
VEHEV-9741DC4D03,VEH-EEBE88,2025-09-26T08:34:28,LOC-28DFA2,parking_entry,TRAFFIC_ANPR_NETWORK
VEHEV-BB30A9D795,VEH-ECA8AD,2025-09-26T10:26:51,LOC-8343B9,parking_entry,TRAFFIC_ANPR_NETWORK
VEHEV-ED69B5C9C5,VEH-299FE5,2025-09-26T12:28:27,LOC-443CDE,parking_entry,TRAFFIC_ANPR_NETWORK
VEHEV-9EB3D98B49,VEH-7A16BA,2025-09-26T13:29:03,LOC-8343B9,anpr_capture,TRAFFIC_ANPR_NETWORK
VEHEV-F495A3E399,VEH-A4D76A,2025-09-26T14:19:30,LOC-D2F79E,anpr_capture,TRAFFIC_ANPR_NETWORK
VEHEV-DEF7B9C9F4,VEH-51A60A,2025-09-26T16:56:35,LOC-1651DD,parking_entry,TRAFFIC_ANPR_NETWORK
VEHEV-06204C3DD5,VEH-C372F2,2025-09-26T18:35:53,LOC-D2F79E,anpr_capture,TRAFFIC_ANPR_NETWORK
VEHEV-0B827BABBB,VEH-68B60A,2025-09-26T22:15:17,LOC-A56A62,parking_entry,TRAFFIC_ANPR_NETWORK
VEHEV-C6713CA6D8,VEH-1619C7,2025-09-26T22:47:56,LOC-443CDE,anpr_capture,TRAFFIC_ANPR_NETWORK
VEHEV-C39758FE56,VEH-5D0FE6,2025-09-27T03:04:49,LOC-49A6DB,anpr_capture,TRAFFIC_ANPR_NETWORK
VEHEV-E0FEA5DDF8,VEH-FF76ED,2025-09-27T07:27:46,LOC-8343B9,parking_entry,TRAFFIC_ANPR_NETWORK
VEHEV-46F99DA2D0,VEH-85B1E7,2025-09-27T15:18:04,LOC-550AE8,anpr_capture,TRAFFIC_ANPR_NETWORK
VEHEV-60D3F75B7F,VEH-D988F8,2025-09-27T16:35:00,LOC-C75B69,parking_entry,TRAFFIC_ANPR_NETWORK
VEHEV-F765CDE314,VEH-896AF4,2025-09-27T18:16:19,LOC-11E374,toll_crossing,TRAFFIC_ANPR_NETWORK
VEHEV-D3A604E52E,VEH-619BCF,2025-09-27T20:19:14,LOC-6B641B,parking_entry,TRAFFIC_ANPR_NETWORK
VEHEV-8486E2AA8E,VEH-916D9E,2025-09-27T20:21:33,LOC-C3A1CB,toll_crossing,TRAFFIC_ANPR_NETWORK
VEHEV-C1A56B9F64,VEH-F24509,2025-09-27T23:56:07,LOC-550AE8,toll_crossing,TRAFFIC_ANPR_NETWORK
VEHEV-53AFD2954C,VEH-619BCF,2025-09-28T00:09:39,LOC-28DFA2,anpr_capture,TRAFFIC_ANPR_NETWORK
VEHEV-648D35209D,VEH-A95487,2025-09-28T01:42:04,LOC-056FB8,parking_entry,TRAFFIC_ANPR_NETWORK
VEHEV-27616D910E,VEH-791775,2025-09-28T03:02:58,LOC-443CDE,parking_entry,TRAFFIC_ANPR_NETWORK
VEHEV-375ECD6F0C,VEH-12D9CB,2025-09-28T03:22:41,LOC-782390,anpr_capture,TRAFFIC_ANPR_NETWORK
VEHEV-B99AEB20B0,VEH-15EC0F,2025-09-28T05:10:23,LOC-5653D4,anpr_capture,TRAFFIC_ANPR_NETWORK
VEHEV-D04CEE348D,VEH-619BCF,2025-09-28T05:49:59,LOC-11E374,parking_entry,TRAFFIC_ANPR_NETWORK
VEHEV-3BAE3AEEE6,VEH-F8A27A,2025-09-28T06:09:45,LOC-8343B9,anpr_capture,TRAFFIC_ANPR_NETWORK
VEHEV-2BA1DE2F70,VEH-530D35,2025-09-28T06:34:10,LOC-1651DD,toll_crossing,TRAFFIC_ANPR_NETWORK
VEHEV-DF63FFC37B,VEH-52FF4A,2025-09-28T20:38:42,LOC-550AE8,parking_entry,TRAFFIC_ANPR_NETWORK
VEHEV-F5C4246595,VEH-0E4E62,2025-09-28T20:48:41,LOC-0826C0,parking_entry,TRAFFIC_ANPR_NETWORK
VEHEV-F7DC386B13,VEH-CB55D9,2025-09-29T02:26:18,LOC-246595,toll_crossing,TRAFFIC_ANPR_NETWORK
VEHEV-CBFA69FC04,VEH-540237,2025-09-29T11:10:31,LOC-4AB381,parking_entry,TRAFFIC_ANPR_NETWORK
VEHEV-F30D596077,VEH-540237,2025-09-29T14:08:26,LOC-8343B9,parking_entry,TRAFFIC_ANPR_NETWORK
VEHEV-D4B587DA48,VEH-51A60A,2025-09-29T16:30:03,LOC-3BBE58,anpr_capture,TRAFFIC_ANPR_NETWORK
VEHEV-65026B4E7D,VEH-789FF5,2025-09-30T03:28:18,LOC-C3A1CB,anpr_capture,TRAFFIC_ANPR_NETWORK
VEHEV-525B052723,VEH-3AA1B5,2025-09-30T05:38:25,LOC-0826C0,anpr_capture,TRAFFIC_ANPR_NETWORK
VEHEV-5547E49052,VEH-BD0766,2025-09-30T06:52:58,LOC-2E747C,toll_crossing,TRAFFIC_ANPR_NETWORK
VEHEV-84D76C3AFE,VEH-66D736,2025-09-30T10:02:15,LOC-858C2E,parking_entry,TRAFFIC_ANPR_NETWORK
VEHEV-DD9F33C5CE,VEH-37180E,2025-09-30T10:24:48,LOC-1651DD,toll_crossing,TRAFFIC_ANPR_NETWORK
VEHEV-4BA22C4D9E,VEH-92C7A9,2025-09-30T14:31:30,LOC-6B641B,parking_entry,TRAFFIC_ANPR_NETWORK
VEHEV-C20BF29233,VEH-809BDE,2025-09-30T16:42:36,LOC-CBE54C,parking_entry,TRAFFIC_ANPR_NETWORK
VEHEV-0940D13F37,VEH-C0901A,2025-09-30T19:45:42,LOC-B8654D,parking_entry,TRAFFIC_ANPR_NETWORK
VEHEV-F3BEA887FC,VEH-8D24D5,2025-10-01T12:52:08,LOC-B8654D,anpr_capture,TRAFFIC_ANPR_NETWORK
VEHEV-C1B0ED8E43,VEH-289718,2025-10-01T15:59:45,LOC-98B485,parking_entry,TRAFFIC_ANPR_NETWORK
VEHEV-D8C628A7A1,VEH-C6047A,2025-10-01T19:35:31,LOC-2E747C,parking_entry,TRAFFIC_ANPR_NETWORK
VEHEV-F105B44096,VEH-143544,2025-10-01T22:55:06,LOC-C75B69,anpr_capture,TRAFFIC_ANPR_NETWORK
VEHEV-D4FBCA8211,VEH-E556AE,2025-10-01T23:43:23,LOC-7CA5D0,anpr_capture,TRAFFIC_ANPR_NETWORK
VEHEV-A62E082383,VEH-957D72,2025-10-02T00:35:53,LOC-8546A1,anpr_capture,TRAFFIC_ANPR_NETWORK
VEHEV-551D1EEB0B,VEH-6F278E,2025-10-02T11:53:28,LOC-8B4EBB,parking_entry,TRAFFIC_ANPR_NETWORK
VEHEV-CB9C3C94BE,VEH-B2E6B8,2025-10-02T14:02:47,LOC-8F9B34,toll_crossing,TRAFFIC_ANPR_NETWORK
VEHEV-A6D81CF186,VEH-A0FFAA,2025-10-02T21:51:13,LOC-D2F79E,parking_entry,TRAFFIC_ANPR_NETWORK
VEHEV-2B4854A7F7,VEH-DE3C79,2025-10-03T00:11:53,LOC-C75B69,parking_entry,TRAFFIC_ANPR_NETWORK
VEHEV-2D4995FF22,VEH-A25387,2025-10-03T04:19:12,LOC-B8654D,parking_entry,TRAFFIC_ANPR_NETWORK
VEHEV-C642C1C538,VEH-85B1E7,2025-10-03T10:42:27,LOC-564023,toll_crossing,TRAFFIC_ANPR_NETWORK
VEHEV-5F6F5489A4,VEH-79FF14,2025-10-03T10:58:41,LOC-443CDE,parking_entry,TRAFFIC_ANPR_NETWORK
VEHEV-F3BF7617F5,VEH-0E6ED7,2025-10-04T01:15:11,LOC-4AB381,toll_crossing,TRAFFIC_ANPR_NETWORK
VEHEV-16EBF8B7AE,VEH-39D999,2025-10-04T07:29:25,LOC-5653D4,anpr_capture,TRAFFIC_ANPR_NETWORK
VEHEV-357131B1C7,VEH-5F6C14,2025-10-04T07:34:15,LOC-5653D4,toll_crossing,TRAFFIC_ANPR_NETWORK
VEHEV-7E169AC191,VEH-15EC0F,2025-10-04T08:39:42,LOC-A56A62,toll_crossing,TRAFFIC_ANPR_NETWORK
VEHEV-731F620D98,VEH-DE3C79,2025-10-04T18:31:42,LOC-A56A62,toll_crossing,TRAFFIC_ANPR_NETWORK
VEHEV-9B0EE57A10,VEH-834B3F,2025-10-05T00:12:02,LOC-98B485,anpr_capture,TRAFFIC_ANPR_NETWORK
VEHEV-B8FA1502CC,VEH-990B1F,2025-10-05T09:19:03,LOC-1A1F14,anpr_capture,TRAFFIC_ANPR_NETWORK
VEHEV-2E655D65A1,VEH-9F0193,2025-10-05T10:53:47,LOC-858C2E,toll_crossing,TRAFFIC_ANPR_NETWORK
VEHEV-FAE62D1661,VEH-F7BD97,2025-10-05T20:15:06,LOC-1651DD,anpr_capture,TRAFFIC_ANPR_NETWORK
VEHEV-EBA6A8FF9D,VEH-870CDB,2025-10-06T00:35:38,LOC-8546A1,parking_entry,TRAFFIC_ANPR_NETWORK
VEHEV-4C14132E72,VEH-18F9D1,2025-10-06T01:56:25,LOC-8343B9,toll_crossing,TRAFFIC_ANPR_NETWORK
VEHEV-FC0F4F8851,VEH-79ADF7,2025-10-06T02:52:37,LOC-C3A1CB,anpr_capture,TRAFFIC_ANPR_NETWORK
VEHEV-BEFBD247A5,VEH-1619C7,2025-10-06T04:09:52,LOC-98B485,anpr_capture,TRAFFIC_ANPR_NETWORK
VEHEV-1B28A1F095,VEH-025E62,2025-10-06T15:28:13,LOC-49A6DB,anpr_capture,TRAFFIC_ANPR_NETWORK
VEHEV-78A3D443F4,VEH-5AAD80,2025-10-06T18:03:30,LOC-60AA0D,toll_crossing,TRAFFIC_ANPR_NETWORK
VEHEV-0B2FE64E04,VEH-FF3C3F,2025-10-07T02:28:58,LOC-858C2E,toll_crossing,TRAFFIC_ANPR_NETWORK
VEHEV-BBF0544B42,VEH-078C8C,2025-10-07T13:01:09,LOC-98B485,parking_entry,TRAFFIC_ANPR_NETWORK
VEHEV-448E6F32A0,VEH-F94811,2025-10-07T13:37:39,LOC-C3A1CB,toll_crossing,TRAFFIC_ANPR_NETWORK
VEHEV-5177F2D97F,VEH-BD8E8D,2025-10-08T08:48:50,LOC-056FB8,parking_entry,TRAFFIC_ANPR_NETWORK
VEHEV-6E4E53A701,VEH-FA6C1D,2025-10-08T11:40:42,LOC-11E374,anpr_capture,TRAFFIC_ANPR_NETWORK
VEHEV-45DAEF4E5B,VEH-F6901F,2025-10-08T18:03:20,LOC-1B923E,anpr_capture,TRAFFIC_ANPR_NETWORK
VEHEV-392DE4AE20,VEH-11F494,2025-10-09T03:16:30,LOC-246595,toll_crossing,TRAFFIC_ANPR_NETWORK
VEHEV-D8D663B8E9,VEH-B7338E,2025-10-10T14:06:03,LOC-0826C0,toll_crossing,TRAFFIC_ANPR_NETWORK
VEHEV-03ECD22715,VEH-51A60A,2025-10-10T15:03:23,LOC-C3A1CB,anpr_capture,TRAFFIC_ANPR_NETWORK
VEHEV-8706DEDB81,VEH-C96C55,2025-10-11T14:54:16,LOC-98B485,toll_crossing,TRAFFIC_ANPR_NETWORK
VEHEV-D3F51D6620,VEH-F74CAA,2025-10-12T04:59:16,LOC-98B485,anpr_capture,TRAFFIC_ANPR_NETWORK
VEHEV-23B2F114A6,VEH-96D316,2025-10-12T06:34:03,LOC-AAC991,toll_crossing,TRAFFIC_ANPR_NETWORK
VEHEV-5138C1FD18,VEH-5DB746,2025-10-12T11:59:23,LOC-C75B69,toll_crossing,TRAFFIC_ANPR_NETWORK
VEHEV-AF2C02FC23,VEH-F8A27A,2025-10-12T12:39:12,LOC-C75B69,toll_crossing,TRAFFIC_ANPR_NETWORK
VEHEV-9F688B0CEA,VEH-B22741,2025-10-12T13:53:10,LOC-A8778C,toll_crossing,TRAFFIC_ANPR_NETWORK
VEHEV-3FC87B774C,VEH-2510AF,2025-10-12T19:31:30,LOC-A8778C,parking_entry,TRAFFIC_ANPR_NETWORK
VEHEV-FCD8F0C96A,VEH-DE4955,2025-10-13T00:55:04,LOC-4AB381,parking_entry,TRAFFIC_ANPR_NETWORK
VEHEV-926705C65F,VEH-870CDB,2025-10-13T01:10:41,LOC-8F9B34,anpr_capture,TRAFFIC_ANPR_NETWORK
VEHEV-B668D35BA6,VEH-A0FFAA,2025-10-13T01:47:08,LOC-11E374,parking_entry,TRAFFIC_ANPR_NETWORK
VEHEV-151D4C97E3,VEH-B7338E,2025-10-13T02:07:17,LOC-056FB8,parking_entry,TRAFFIC_ANPR_NETWORK
VEHEV-0703632350,VEH-6BB4F6,2025-10-13T04:00:10,LOC-49A6DB,parking_entry,TRAFFIC_ANPR_NETWORK
VEHEV-8076D24345,VEH-3D7608,2025-10-13T15:16:53,LOC-28DFA2,anpr_capture,TRAFFIC_ANPR_NETWORK
VEHEV-7E1A1B7AAB,VEH-5F5B99,2025-10-13T16:37:23,LOC-AAC991,anpr_capture,TRAFFIC_ANPR_NETWORK
VEHEV-00CC77CCB1,VEH-43898D,2025-10-13T22:25:04,LOC-3EC306,parking_entry,TRAFFIC_ANPR_NETWORK
VEHEV-88FB9D4053,VEH-E88E5A,2025-10-14T00:08:44,LOC-8B4EBB,parking_entry,TRAFFIC_ANPR_NETWORK
VEHEV-8500A826F3,VEH-789FF5,2025-10-14T06:58:54,LOC-D2F79E,parking_entry,TRAFFIC_ANPR_NETWORK
VEHEV-51EDF6E162,VEH-9D785B,2025-10-14T13:14:52,LOC-3BBE58,anpr_capture,TRAFFIC_ANPR_NETWORK
VEHEV-ACE841C22A,VEH-D236A4,2025-10-14T13:46:48,LOC-858C2E,parking_entry,TRAFFIC_ANPR_NETWORK
VEHEV-E5D214B934,VEH-0128ED,2025-10-14T18:06:19,LOC-C75B69,toll_crossing,TRAFFIC_ANPR_NETWORK
VEHEV-01256D4F76,VEH-2F680E,2025-10-14T20:44:38,LOC-5653D4,anpr_capture,TRAFFIC_ANPR_NETWORK
VEHEV-DF60963F19,VEH-9D806D,2025-10-14T23:47:25,LOC-8B4EBB,parking_entry,TRAFFIC_ANPR_NETWORK
VEHEV-79DD8765CE,VEH-F7D3E8,2025-10-15T03:32:36,LOC-5653D4,parking_entry,TRAFFIC_ANPR_NETWORK
VEHEV-9B8ACB50DA,VEH-222D1C,2025-10-15T13:49:07,LOC-1651DD,anpr_capture,TRAFFIC_ANPR_NETWORK
VEHEV-93FF573B2C,VEH-8B8D01,2025-10-15T14:43:43,LOC-11E374,anpr_capture,TRAFFIC_ANPR_NETWORK
VEHEV-9E2EAC77C8,VEH-9D785B,2025-10-16T04:36:33,LOC-86EE62,anpr_capture,TRAFFIC_ANPR_NETWORK
VEHEV-87BF32B800,VEH-F6901F,2025-10-16T10:02:00,LOC-961151,toll_crossing,TRAFFIC_ANPR_NETWORK
VEHEV-BCBCBF79B5,VEH-0E4E62,2025-10-16T18:33:19,LOC-782390,parking_entry,TRAFFIC_ANPR_NETWORK
VEHEV-C843968283,VEH-055299,2025-10-17T02:03:32,LOC-CBE54C,toll_crossing,TRAFFIC_ANPR_NETWORK
VEHEV-C3BEFFF0FC,VEH-F8A27A,2025-10-17T05:00:04,LOC-056FB8,toll_crossing,TRAFFIC_ANPR_NETWORK
VEHEV-A9A1B001F5,VEH-B1CA00,2025-10-17T05:23:08,LOC-28DFA2,parking_entry,TRAFFIC_ANPR_NETWORK
VEHEV-C10F23E0C5,VEH-8D28C2,2025-10-17T06:33:50,LOC-11E374,toll_crossing,TRAFFIC_ANPR_NETWORK
VEHEV-F8656C81D5,VEH-E472FE,2025-10-17T10:04:24,LOC-961151,toll_crossing,TRAFFIC_ANPR_NETWORK
VEHEV-4DB7035A03,VEH-C27FD9,2025-10-17T10:11:31,LOC-056FB8,anpr_capture,TRAFFIC_ANPR_NETWORK
VEHEV-1D087FAE77,VEH-055299,2025-10-17T22:23:20,LOC-A8778C,toll_crossing,TRAFFIC_ANPR_NETWORK
VEHEV-9971AE478F,VEH-5BBA14,2025-10-18T07:22:00,LOC-B8654D,toll_crossing,TRAFFIC_ANPR_NETWORK
VEHEV-878D505E7A,VEH-983B89,2025-10-18T12:26:56,LOC-782390,anpr_capture,TRAFFIC_ANPR_NETWORK
VEHEV-985463D7C5,VEH-5E0373,2025-10-18T12:46:58,LOC-961151,parking_entry,TRAFFIC_ANPR_NETWORK
VEHEV-1C5094404B,VEH-F7EA3C,2025-10-19T07:21:13,LOC-86EE62,parking_entry,TRAFFIC_ANPR_NETWORK
VEHEV-22D8C63DD1,VEH-8D24D5,2025-10-19T14:59:05,LOC-564023,toll_crossing,TRAFFIC_ANPR_NETWORK
VEHEV-D602C28AC1,VEH-FBDEC7,2025-10-19T22:03:01,LOC-1651DD,toll_crossing,TRAFFIC_ANPR_NETWORK
VEHEV-A42EB7E047,VEH-32615D,2025-10-20T00:26:04,LOC-961151,toll_crossing,TRAFFIC_ANPR_NETWORK
VEHEV-1073AC3461,VEH-143544,2025-10-20T01:59:48,LOC-C3A1CB,anpr_capture,TRAFFIC_ANPR_NETWORK
VEHEV-61C2F2ECF6,VEH-07EB7A,2025-10-20T04:35:44,LOC-11E374,anpr_capture,TRAFFIC_ANPR_NETWORK
VEHEV-E562C8CCE1,VEH-078C8C,2025-10-20T11:54:29,LOC-28DFA2,parking_entry,TRAFFIC_ANPR_NETWORK
VEHEV-968CEE2D52,VEH-BD0766,2025-10-20T16:11:00,LOC-443CDE,anpr_capture,TRAFFIC_ANPR_NETWORK
VEHEV-22F753B513,VEH-F74CAA,2025-10-20T16:15:00,LOC-443CDE,anpr_capture,TRAFFIC_ANPR_NETWORK
VEHEV-E0AC8F79C2,VEH-990B1F,2025-10-20T17:02:07,LOC-5653D4,anpr_capture,TRAFFIC_ANPR_NETWORK
VEHEV-D1D9A1FECB,VEH-107B7C,2025-10-20T17:48:54,LOC-28DFA2,parking_entry,TRAFFIC_ANPR_NETWORK
VEHEV-7ED438308C,VEH-BD8E8D,2025-10-20T18:27:42,LOC-28DFA2,toll_crossing,TRAFFIC_ANPR_NETWORK
VEHEV-5A2ABA3104,VEH-0E4E62,2025-10-20T23:01:32,LOC-1651DD,toll_crossing,TRAFFIC_ANPR_NETWORK
VEHEV-CD2EEC2809,VEH-15EC0F,2025-10-21T07:24:47,LOC-443CDE,toll_crossing,TRAFFIC_ANPR_NETWORK
VEHEV-176D7FED7E,VEH-6A8030,2025-10-21T18:12:34,LOC-1651DD,toll_crossing,TRAFFIC_ANPR_NETWORK
VEHEV-ADD6874924,VEH-BEC8DB,2025-10-21T22:25:09,LOC-86EE62,parking_entry,TRAFFIC_ANPR_NETWORK
VEHEV-E6288532D5,VEH-E472FE,2025-10-22T03:37:05,LOC-961151,parking_entry,TRAFFIC_ANPR_NETWORK
VEHEV-B388DE168E,VEH-9C2620,2025-10-22T04:36:36,LOC-C3A1CB,toll_crossing,TRAFFIC_ANPR_NETWORK
VEHEV-8978C820AC,VEH-F7BD97,2025-10-22T07:26:53,LOC-28DFA2,toll_crossing,TRAFFIC_ANPR_NETWORK
VEHEV-233D58000F,VEH-ECA8AD,2025-10-22T10:04:47,LOC-056FB8,parking_entry,TRAFFIC_ANPR_NETWORK
VEHEV-BA2EF32385,VEH-5DB746,2025-10-22T11:42:48,LOC-C3A1CB,toll_crossing,TRAFFIC_ANPR_NETWORK
VEHEV-E286622BF8,VEH-7D614E,2025-10-22T17:03:32,LOC-1651DD,parking_entry,TRAFFIC_ANPR_NETWORK
VEHEV-C34446BC3F,VEH-9C2620,2025-10-22T23:59:36,LOC-C75B69,parking_entry,TRAFFIC_ANPR_NETWORK
VEHEV-7844BC786B,VEH-3418BD,2025-10-23T06:19:15,LOC-056FB8,toll_crossing,TRAFFIC_ANPR_NETWORK
VEHEV-CD5512BD84,VEH-C372F2,2025-10-23T06:23:14,LOC-4AB381,toll_crossing,TRAFFIC_ANPR_NETWORK
VEHEV-E05B665627,VEH-BD0766,2025-10-23T07:51:18,LOC-0826C0,toll_crossing,TRAFFIC_ANPR_NETWORK
VEHEV-12506E14D6,VEH-BD8E8D,2025-10-23T14:33:23,LOC-1A1F14,parking_entry,TRAFFIC_ANPR_NETWORK
VEHEV-08EA493B0E,VEH-872698,2025-10-23T17:31:15,LOC-1B923E,toll_crossing,TRAFFIC_ANPR_NETWORK
VEHEV-CBE36A403F,VEH-5E0373,2025-10-23T18:11:55,LOC-C609DC,anpr_capture,TRAFFIC_ANPR_NETWORK
VEHEV-B087231068,VEH-DE4EE0,2025-10-23T23:17:01,LOC-8343B9,toll_crossing,TRAFFIC_ANPR_NETWORK
VEHEV-98A3502857,VEH-916D9E,2025-10-24T08:41:34,LOC-86EE62,toll_crossing,TRAFFIC_ANPR_NETWORK
VEHEV-8F5ED8EA43,VEH-11F494,2025-10-24T18:14:43,LOC-056FB8,anpr_capture,TRAFFIC_ANPR_NETWORK
VEHEV-512EDA8084,VEH-5DB746,2025-10-24T18:22:03,LOC-961151,anpr_capture,TRAFFIC_ANPR_NETWORK
VEHEV-E447CE5392,VEH-518EA0,2025-10-24T19:58:02,LOC-60AA0D,toll_crossing,TRAFFIC_ANPR_NETWORK
VEHEV-C5F6F6A0EE,VEH-9D806D,2025-10-24T20:03:52,LOC-0826C0,anpr_capture,TRAFFIC_ANPR_NETWORK
VEHEV-A843992512,VEH-834B3F,2025-10-24T23:52:24,LOC-443CDE,anpr_capture,TRAFFIC_ANPR_NETWORK
VEHEV-874BBA55FE,VEH-0128ED,2025-10-25T03:08:15,LOC-B8654D,anpr_capture,TRAFFIC_ANPR_NETWORK
VEHEV-ACB42D5DE3,VEH-7BA5B2,2025-10-25T03:45:40,LOC-564023,anpr_capture,TRAFFIC_ANPR_NETWORK
VEHEV-AAD1231C65,VEH-F87888,2025-10-25T06:05:54,LOC-8F9B34,parking_entry,TRAFFIC_ANPR_NETWORK
VEHEV-A589561279,VEH-724A0D,2025-10-25T08:57:22,LOC-0826C0,anpr_capture,TRAFFIC_ANPR_NETWORK
VEHEV-02187EFFA9,VEH-986597,2025-10-25T18:03:34,LOC-4AB381,anpr_capture,TRAFFIC_ANPR_NETWORK
VEHEV-7294D5218F,VEH-BC4D2F,2025-10-25T19:19:26,LOC-2E747C,parking_entry,TRAFFIC_ANPR_NETWORK
VEHEV-C71AEB2E60,VEH-540237,2025-10-25T22:19:47,LOC-564023,anpr_capture,TRAFFIC_ANPR_NETWORK
VEHEV-93D7578DFB,VEH-5B899F,2025-10-26T02:05:03,LOC-6B641B,toll_crossing,TRAFFIC_ANPR_NETWORK
VEHEV-F2BF0F0ABA,VEH-789FF5,2025-10-26T03:32:04,LOC-4AB381,parking_entry,TRAFFIC_ANPR_NETWORK
VEHEV-AFA540C408,VEH-73A3B3,2025-10-26T14:43:10,LOC-4AB381,anpr_capture,TRAFFIC_ANPR_NETWORK
VEHEV-12E9DFC78F,VEH-7D614E,2025-10-26T16:37:24,LOC-056FB8,anpr_capture,TRAFFIC_ANPR_NETWORK
VEHEV-86886B50C5,VEH-F24509,2025-10-26T19:54:59,LOC-C609DC,toll_crossing,TRAFFIC_ANPR_NETWORK
VEHEV-3C9F4A0D52,VEH-46096D,2025-10-27T02:48:28,LOC-98B485,parking_entry,TRAFFIC_ANPR_NETWORK
VEHEV-21DF7FFAC8,VEH-F24509,2025-10-27T09:40:30,LOC-11E374,anpr_capture,TRAFFIC_ANPR_NETWORK
VEHEV-03B5419E16,VEH-204EB6,2025-10-27T19:41:00,LOC-550AE8,toll_crossing,TRAFFIC_ANPR_NETWORK
VEHEV-6C933F0BBA,VEH-A69C70,2025-10-28T02:09:58,LOC-8546A1,parking_entry,TRAFFIC_ANPR_NETWORK
VEHEV-C1A455B096,VEH-D03371,2025-10-28T05:23:50,LOC-A8778C,toll_crossing,TRAFFIC_ANPR_NETWORK
VEHEV-92EA437A7E,VEH-916D9E,2025-10-28T19:59:38,LOC-782390,toll_crossing,TRAFFIC_ANPR_NETWORK
VEHEV-8D4FCD49DB,VEH-BEC8DB,2025-10-29T09:51:46,LOC-B9CFDA,parking_entry,TRAFFIC_ANPR_NETWORK
VEHEV-07E5380523,VEH-B1CA00,2025-10-29T13:33:40,LOC-4AB381,toll_crossing,TRAFFIC_ANPR_NETWORK
VEHEV-D230D40AC1,VEH-39D999,2025-10-29T16:13:37,LOC-443CDE,toll_crossing,TRAFFIC_ANPR_NETWORK
VEHEV-D7B019C007,VEH-F6EB17,2025-10-29T22:29:59,LOC-564023,anpr_capture,TRAFFIC_ANPR_NETWORK
VEHEV-9DCC30CA48,VEH-92C7A9,2025-10-30T00:12:41,LOC-8B4EBB,anpr_capture,TRAFFIC_ANPR_NETWORK
VEHEV-F936297B11,VEH-32615D,2025-10-30T13:55:53,LOC-6B641B,anpr_capture,TRAFFIC_ANPR_NETWORK
VEHEV-B3EC71D24E,VEH-2C9AEF,2025-10-30T14:17:50,LOC-11E374,parking_entry,TRAFFIC_ANPR_NETWORK
VEHEV-6930124E25,VEH-18FA4B,2025-10-30T15:05:59,LOC-5653D4,parking_entry,TRAFFIC_ANPR_NETWORK
VEHEV-534453FE5F,VEH-B51525,2025-10-30T19:41:04,LOC-AAC991,parking_entry,TRAFFIC_ANPR_NETWORK
VEHEV-225012F60E,VEH-C6047A,2025-10-31T03:54:13,LOC-A56A62,parking_entry,TRAFFIC_ANPR_NETWORK
VEHEV-4721D65F94,VEH-FA6C1D,2025-10-31T08:13:48,LOC-3BBE58,parking_entry,TRAFFIC_ANPR_NETWORK
VEHEV-0B914129FB,VEH-BD8E8D,2025-10-31T11:57:42,LOC-28DFA2,parking_entry,TRAFFIC_ANPR_NETWORK
VEHEV-7948524E80,VEH-BC59A1,2025-10-31T12:18:31,LOC-7CA5D0,parking_entry,TRAFFIC_ANPR_NETWORK
VEHEV-71BC851B0D,VEH-95682B,2025-10-31T13:39:07,LOC-B9CFDA,toll_crossing,TRAFFIC_ANPR_NETWORK
VEHEV-15B24E5943,VEH-C27FD9,2025-10-31T16:54:05,LOC-D2F79E,toll_crossing,TRAFFIC_ANPR_NETWORK
VEHEV-1005079F3D,VEH-71A8FF,2025-10-31T17:05:25,LOC-A8778C,toll_crossing,TRAFFIC_ANPR_NETWORK
VEHEV-E42EA276A1,VEH-2A3133,2025-10-31T21:38:27,LOC-1651DD,toll_crossing,TRAFFIC_ANPR_NETWORK
VEHEV-950EE9307D,VEH-AE4521,2025-11-01T01:06:36,LOC-3EC306,parking_entry,TRAFFIC_ANPR_NETWORK
VEHEV-8C15673460,VEH-789FF5,2025-11-01T01:26:33,LOC-5653D4,parking_entry,TRAFFIC_ANPR_NETWORK
VEHEV-6E52F19B42,VEH-39D999,2025-11-01T05:12:56,LOC-60AA0D,anpr_capture,TRAFFIC_ANPR_NETWORK
VEHEV-0A3B3050C6,VEH-143544,2025-11-01T11:14:41,LOC-166DD6,parking_entry,TRAFFIC_ANPR_NETWORK
VEHEV-FB1E8C7D23,VEH-45C713,2025-11-01T21:51:15,LOC-8343B9,anpr_capture,TRAFFIC_ANPR_NETWORK
VEHEV-1AB504C03B,VEH-74BCBA,2025-11-02T07:47:15,LOC-550AE8,parking_entry,TRAFFIC_ANPR_NETWORK
VEHEV-DD7F11B393,VEH-DE4EE0,2025-11-02T21:31:25,LOC-443CDE,toll_crossing,TRAFFIC_ANPR_NETWORK
VEHEV-3EC485F81F,VEH-F9D5E2,2025-11-02T22:47:32,LOC-1651DD,toll_crossing,TRAFFIC_ANPR_NETWORK
VEHEV-7DA0177FE6,VEH-870CDB,2025-11-03T03:22:27,LOC-550AE8,toll_crossing,TRAFFIC_ANPR_NETWORK
VEHEV-14599726C4,VEH-025E62,2025-11-03T05:16:13,LOC-961151,toll_crossing,TRAFFIC_ANPR_NETWORK
VEHEV-C5B1A80DAE,VEH-5BBA14,2025-11-03T07:19:43,LOC-0F4A38,anpr_capture,TRAFFIC_ANPR_NETWORK
VEHEV-C2C02B2901,VEH-5BBA14,2025-11-03T12:47:09,LOC-166DD6,anpr_capture,TRAFFIC_ANPR_NETWORK
VEHEV-EFFBC926F3,VEH-96D316,2025-11-03T20:00:46,LOC-443CDE,toll_crossing,TRAFFIC_ANPR_NETWORK
VEHEV-5EC7549981,VEH-889DC0,2025-11-03T23:00:10,LOC-550AE8,anpr_capture,TRAFFIC_ANPR_NETWORK
VEHEV-970E89AD29,VEH-46096D,2025-11-04T09:29:37,LOC-1651DD,parking_entry,TRAFFIC_ANPR_NETWORK
VEHEV-44649481AA,VEH-7D614E,2025-11-05T03:04:40,LOC-C3A1CB,parking_entry,TRAFFIC_ANPR_NETWORK
VEHEV-53A9FC6741,VEH-66D736,2025-11-05T14:40:31,LOC-858C2E,parking_entry,TRAFFIC_ANPR_NETWORK
VEHEV-2BF2229CBE,VEH-424E0A,2025-11-05T16:46:17,LOC-1A1F14,toll_crossing,TRAFFIC_ANPR_NETWORK
VEHEV-E7514E240E,VEH-F94811,2025-11-06T08:30:26,LOC-11E374,parking_entry,TRAFFIC_ANPR_NETWORK
VEHEV-F4685620B0,VEH-18FA4B,2025-11-06T08:38:13,LOC-550AE8,toll_crossing,TRAFFIC_ANPR_NETWORK
VEHEV-9C2EE42F7B,VEH-896AF4,2025-11-06T09:04:01,LOC-961151,anpr_capture,TRAFFIC_ANPR_NETWORK
VEHEV-65EA7C9CEC,VEH-A1BD56,2025-11-06T16:09:23,LOC-443CDE,anpr_capture,TRAFFIC_ANPR_NETWORK
VEHEV-A92DD6EEA2,VEH-79FF14,2025-11-06T20:45:40,LOC-564023,anpr_capture,TRAFFIC_ANPR_NETWORK
VEHEV-322085F3C6,VEH-EF1616,2025-11-07T04:48:03,LOC-564023,anpr_capture,TRAFFIC_ANPR_NETWORK
VEHEV-202E5F539F,VEH-F7D3E8,2025-11-07T10:09:02,LOC-3BBE58,toll_crossing,TRAFFIC_ANPR_NETWORK
VEHEV-C528B94DF4,VEH-FAF976,2025-11-07T12:03:15,LOC-2E747C,toll_crossing,TRAFFIC_ANPR_NETWORK
VEHEV-B6D4D6D4D3,VEH-99FB63,2025-11-07T13:52:20,LOC-CBE54C,toll_crossing,TRAFFIC_ANPR_NETWORK
VEHEV-D70D1172DC,VEH-04A3FE,2025-11-07T16:05:42,LOC-28DFA2,anpr_capture,TRAFFIC_ANPR_NETWORK
VEHEV-502C808998,VEH-C1AD5E,2025-11-07T19:12:18,LOC-B8654D,parking_entry,TRAFFIC_ANPR_NETWORK
VEHEV-BE63365A74,VEH-5F5B99,2025-11-07T22:53:35,LOC-8343B9,anpr_capture,TRAFFIC_ANPR_NETWORK
VEHEV-9CCE93F915,VEH-B5CB13,2025-11-08T12:58:06,LOC-5653D4,parking_entry,TRAFFIC_ANPR_NETWORK
VEHEV-3AC89B9332,VEH-52FF4A,2025-11-08T19:06:49,LOC-443CDE,toll_crossing,TRAFFIC_ANPR_NETWORK
VEHEV-87B31B7560,VEH-518EA0,2025-11-09T04:41:41,LOC-443CDE,anpr_capture,TRAFFIC_ANPR_NETWORK
VEHEV-1821C58070,VEH-A89C8B,2025-11-09T17:09:27,LOC-CBE54C,anpr_capture,TRAFFIC_ANPR_NETWORK
VEHEV-DDB29BE49F,VEH-DE4955,2025-11-09T22:37:17,LOC-0826C0,toll_crossing,TRAFFIC_ANPR_NETWORK
VEHEV-9114F57507,VEH-809BDE,2025-11-10T07:08:28,LOC-4AB381,parking_entry,TRAFFIC_ANPR_NETWORK
VEHEV-ED2FC3B9F8,VEH-D054BE,2025-11-10T08:46:54,LOC-246595,toll_crossing,TRAFFIC_ANPR_NETWORK
VEHEV-E40A9DA15E,VEH-5D0FE6,2025-11-10T11:08:04,LOC-961151,parking_entry,TRAFFIC_ANPR_NETWORK
VEHEV-EAFC392538,VEH-43898D,2025-11-10T13:07:40,LOC-550AE8,parking_entry,TRAFFIC_ANPR_NETWORK
VEHEV-12444914CB,VEH-5D0FE6,2025-11-11T02:28:00,LOC-1B923E,parking_entry,TRAFFIC_ANPR_NETWORK
VEHEV-F190462977,VEH-BDB3EB,2025-11-11T02:47:33,LOC-3EC306,parking_entry,TRAFFIC_ANPR_NETWORK
VEHEV-D84858D96F,VEH-798265,2025-11-11T18:12:16,LOC-8343B9,anpr_capture,TRAFFIC_ANPR_NETWORK
VEHEV-D9F9476DA6,VEH-DBFE17,2025-11-11T21:25:34,LOC-A8778C,parking_entry,TRAFFIC_ANPR_NETWORK
VEHEV-2CD57F1A20,VEH-204EB6,2025-11-12T05:10:16,LOC-166DD6,parking_entry,TRAFFIC_ANPR_NETWORK
VEHEV-4552979CE3,VEH-8D24D5,2025-11-12T05:51:55,LOC-28DFA2,anpr_capture,TRAFFIC_ANPR_NETWORK
VEHEV-753327498A,VEH-FAF976,2025-11-12T13:13:44,LOC-246595,anpr_capture,TRAFFIC_ANPR_NETWORK
VEHEV-EAC902015E,VEH-B51525,2025-11-12T19:07:18,LOC-961151,toll_crossing,TRAFFIC_ANPR_NETWORK
VEHEV-897FBD7F6C,VEH-1C5D97,2025-11-13T03:34:38,LOC-C75B69,anpr_capture,TRAFFIC_ANPR_NETWORK
VEHEV-1306AC563F,VEH-F7BD97,2025-11-13T10:22:59,LOC-550AE8,toll_crossing,TRAFFIC_ANPR_NETWORK
VEHEV-B1B9CEF520,VEH-619BCF,2025-11-13T10:48:02,LOC-2E747C,parking_entry,TRAFFIC_ANPR_NETWORK
VEHEV-66EB0A2958,VEH-0128ED,2025-11-13T14:18:17,LOC-3EC306,parking_entry,TRAFFIC_ANPR_NETWORK
VEHEV-79C924F6F8,VEH-E88E5A,2025-11-13T15:56:40,LOC-564023,anpr_capture,TRAFFIC_ANPR_NETWORK
VEHEV-1237B17DEA,VEH-9F9101,2025-11-14T00:25:19,LOC-782390,parking_entry,TRAFFIC_ANPR_NETWORK
VEHEV-62174A7EB7,VEH-85B1E7,2025-11-14T00:26:50,LOC-1651DD,parking_entry,TRAFFIC_ANPR_NETWORK
VEHEV-89162AFECA,VEH-FB0CA5,2025-11-14T01:54:52,LOC-056FB8,anpr_capture,TRAFFIC_ANPR_NETWORK
VEHEV-5513FC0E04,VEH-0E4E62,2025-11-14T03:50:30,LOC-6B641B,parking_entry,TRAFFIC_ANPR_NETWORK
VEHEV-81FA75D241,VEH-50E854,2025-11-14T08:36:52,LOC-C3A1CB,toll_crossing,TRAFFIC_ANPR_NETWORK
VEHEV-4E694F54FC,VEH-BD0766,2025-11-14T13:20:26,LOC-0F4A38,toll_crossing,TRAFFIC_ANPR_NETWORK
VEHEV-B93D966CF4,VEH-465718,2025-11-14T13:27:00,LOC-6B641B,parking_entry,TRAFFIC_ANPR_NETWORK
VEHEV-95F43D944D,VEH-527EB5,2025-11-14T20:49:08,LOC-11E374,toll_crossing,TRAFFIC_ANPR_NETWORK
VEHEV-8BD9B55D48,VEH-ECA8AD,2025-11-14T20:57:54,LOC-5653D4,toll_crossing,TRAFFIC_ANPR_NETWORK
VEHEV-03122C38EE,VEH-12D9CB,2025-11-15T01:34:30,LOC-961151,toll_crossing,TRAFFIC_ANPR_NETWORK
VEHEV-BAD1E8AC09,VEH-A1BD56,2025-11-15T02:49:58,LOC-0826C0,anpr_capture,TRAFFIC_ANPR_NETWORK
VEHEV-683758B19B,VEH-44070C,2025-11-15T10:44:21,LOC-961151,anpr_capture,TRAFFIC_ANPR_NETWORK
VEHEV-8D71E1E49C,VEH-C27FD9,2025-11-15T11:54:00,LOC-5653D4,toll_crossing,TRAFFIC_ANPR_NETWORK
VEHEV-FEF84F3614,VEH-79982A,2025-11-15T13:07:29,LOC-3EC306,parking_entry,TRAFFIC_ANPR_NETWORK
VEHEV-CCFB997062,VEH-DE3C79,2025-11-16T03:41:51,LOC-1A1F14,toll_crossing,TRAFFIC_ANPR_NETWORK
VEHEV-C97E98A3CE,VEH-957D72,2025-11-16T11:22:55,LOC-B8654D,anpr_capture,TRAFFIC_ANPR_NETWORK
VEHEV-1E6A656E0B,VEH-AE4521,2025-11-16T14:41:01,LOC-B9CFDA,parking_entry,TRAFFIC_ANPR_NETWORK
VEHEV-0DE1F5E8E6,VEH-9F9101,2025-11-16T19:33:27,LOC-49A6DB,toll_crossing,TRAFFIC_ANPR_NETWORK
VEHEV-66F03E478A,VEH-04A3FE,2025-11-16T20:38:02,LOC-166DD6,toll_crossing,TRAFFIC_ANPR_NETWORK
VEHEV-2373812F11,VEH-50E854,2025-11-16T22:17:37,LOC-B8654D,anpr_capture,TRAFFIC_ANPR_NETWORK
VEHEV-A8FE7FC25F,VEH-A87390,2025-11-16T22:30:26,LOC-246595,toll_crossing,TRAFFIC_ANPR_NETWORK
VEHEV-94EEE71212,VEH-129D6F,2025-11-16T23:08:59,LOC-443CDE,toll_crossing,TRAFFIC_ANPR_NETWORK
VEHEV-27B21BF416,VEH-F6901F,2025-11-17T03:09:08,LOC-60AA0D,parking_entry,TRAFFIC_ANPR_NETWORK
VEHEV-77DCA32740,VEH-64AE34,2025-11-17T09:16:38,LOC-CBE54C,parking_entry,TRAFFIC_ANPR_NETWORK
VEHEV-7E0CE33E70,VEH-FB0CA5,2025-11-17T13:10:11,LOC-C609DC,anpr_capture,TRAFFIC_ANPR_NETWORK
VEHEV-5E4D6110CF,VEH-48AC1E,2025-11-17T15:13:32,LOC-CBE54C,anpr_capture,TRAFFIC_ANPR_NETWORK
VEHEV-FEA0FB2EC7,VEH-45C713,2025-11-17T18:56:34,LOC-1A1F14,parking_entry,TRAFFIC_ANPR_NETWORK
VEHEV-4DD63E4D92,VEH-D236A4,2025-11-17T19:09:33,LOC-782390,anpr_capture,TRAFFIC_ANPR_NETWORK
VEHEV-4503AF130A,VEH-51A60A,2025-11-18T08:50:52,LOC-0826C0,toll_crossing,TRAFFIC_ANPR_NETWORK
VEHEV-5DCA7B1A2A,VEH-C72BE9,2025-11-18T11:38:56,LOC-B9CFDA,parking_entry,TRAFFIC_ANPR_NETWORK
VEHEV-88530B758A,VEH-F87888,2025-11-18T17:09:56,LOC-1A1F14,anpr_capture,TRAFFIC_ANPR_NETWORK
VEHEV-DC426C8B90,VEH-107B7C,2025-11-18T19:30:01,LOC-1651DD,anpr_capture,TRAFFIC_ANPR_NETWORK
VEHEV-75B443AC4E,VEH-9DF1B2,2025-11-19T06:52:19,LOC-550AE8,parking_entry,TRAFFIC_ANPR_NETWORK
VEHEV-F17BDB4E24,VEH-42A441,2025-11-19T07:41:34,LOC-28DFA2,parking_entry,TRAFFIC_ANPR_NETWORK
VEHEV-7BCE59CE65,VEH-0E4E62,2025-11-19T09:18:30,LOC-2E747C,parking_entry,TRAFFIC_ANPR_NETWORK
VEHEV-BD877CC7ED,VEH-15EC0F,2025-11-19T20:40:36,LOC-3BBE58,parking_entry,TRAFFIC_ANPR_NETWORK
VEHEV-DEB83E5CBF,VEH-DE3C79,2025-11-19T23:50:49,LOC-60AA0D,parking_entry,TRAFFIC_ANPR_NETWORK
VEHEV-E04801C685,VEH-F7BD97,2025-11-20T11:50:54,LOC-961151,anpr_capture,TRAFFIC_ANPR_NETWORK
VEHEV-988E85E87E,VEH-F7D3E8,2025-11-20T14:38:47,LOC-1651DD,parking_entry,TRAFFIC_ANPR_NETWORK
VEHEV-49F1E3439F,VEH-D03371,2025-11-20T16:37:40,LOC-49A6DB,toll_crossing,TRAFFIC_ANPR_NETWORK
VEHEV-74DA1B4740,VEH-F90BF8,2025-11-20T23:54:42,LOC-86EE62,toll_crossing,TRAFFIC_ANPR_NETWORK
VEHEV-EC641E4669,VEH-A4D76A,2025-11-21T09:23:04,LOC-8F9B34,toll_crossing,TRAFFIC_ANPR_NETWORK
VEHEV-CE971BF757,VEH-51A60A,2025-11-21T11:52:19,LOC-98B485,parking_entry,TRAFFIC_ANPR_NETWORK
VEHEV-62AB1E8D3B,VEH-A87390,2025-11-21T21:44:16,LOC-AAC991,toll_crossing,TRAFFIC_ANPR_NETWORK
VEHEV-E7665CC223,VEH-143544,2025-11-22T01:15:28,LOC-858C2E,toll_crossing,TRAFFIC_ANPR_NETWORK
VEHEV-B7E4C9EE34,VEH-B51525,2025-11-22T09:32:33,LOC-3EC306,toll_crossing,TRAFFIC_ANPR_NETWORK
VEHEV-4889B454E6,VEH-299FE5,2025-11-22T10:28:56,LOC-1651DD,parking_entry,TRAFFIC_ANPR_NETWORK
VEHEV-7D6087CB57,VEH-5AAD80,2025-11-23T00:28:19,LOC-5653D4,anpr_capture,TRAFFIC_ANPR_NETWORK
VEHEV-FC2CA38E1F,VEH-60122E,2025-11-23T05:28:39,LOC-3BBE58,toll_crossing,TRAFFIC_ANPR_NETWORK
VEHEV-B767E635C8,VEH-222D1C,2025-11-23T09:42:36,LOC-564023,anpr_capture,TRAFFIC_ANPR_NETWORK
VEHEV-D80AC84FE2,VEH-71A8FF,2025-11-23T17:50:24,LOC-A56A62,parking_entry,TRAFFIC_ANPR_NETWORK
VEHEV-2AF7E3BD7A,VEH-889DC0,2025-11-23T20:42:12,LOC-98B485,anpr_capture,TRAFFIC_ANPR_NETWORK
VEHEV-EE8619583A,VEH-00A4A2,2025-11-23T22:38:52,LOC-961151,anpr_capture,TRAFFIC_ANPR_NETWORK
VEHEV-ADB8B85013,VEH-5BBA14,2025-11-24T03:51:50,LOC-C75B69,anpr_capture,TRAFFIC_ANPR_NETWORK
VEHEV-494D7A8244,VEH-2D308C,2025-11-24T17:10:28,LOC-0F4A38,toll_crossing,TRAFFIC_ANPR_NETWORK
VEHEV-E6B1027714,VEH-798265,2025-11-24T20:21:36,LOC-C75B69,parking_entry,TRAFFIC_ANPR_NETWORK
VEHEV-3039C01FED,VEH-916D9E,2025-11-25T03:52:52,LOC-2E747C,toll_crossing,TRAFFIC_ANPR_NETWORK
VEHEV-917017B1D2,VEH-518EA0,2025-11-25T04:08:03,LOC-C3A1CB,parking_entry,TRAFFIC_ANPR_NETWORK
VEHEV-0E379ED9B7,VEH-1619C7,2025-11-25T04:37:17,LOC-550AE8,parking_entry,TRAFFIC_ANPR_NETWORK
VEHEV-4067B16049,VEH-14ED44,2025-11-25T06:34:50,LOC-8343B9,toll_crossing,TRAFFIC_ANPR_NETWORK
VEHEV-94BD858C56,VEH-64AE34,2025-11-25T12:18:08,LOC-443CDE,toll_crossing,TRAFFIC_ANPR_NETWORK
VEHEV-C56B73B713,VEH-C00A83,2025-11-25T13:39:04,LOC-246595,anpr_capture,TRAFFIC_ANPR_NETWORK
VEHEV-CC143D54ED,VEH-A87390,2025-11-25T20:07:15,LOC-961151,toll_crossing,TRAFFIC_ANPR_NETWORK
VEHEV-774599B0C9,VEH-BC4D2F,2025-11-26T11:36:26,LOC-4AB381,toll_crossing,TRAFFIC_ANPR_NETWORK
VEHEV-05619890B0,VEH-30B831,2025-11-26T14:19:45,LOC-443CDE,toll_crossing,TRAFFIC_ANPR_NETWORK
VEHEV-852ACD399C,VEH-7D614E,2025-11-26T16:06:09,LOC-0F4A38,parking_entry,TRAFFIC_ANPR_NETWORK
VEHEV-653816FC37,VEH-F8A27A,2025-11-26T18:24:56,LOC-86EE62,anpr_capture,TRAFFIC_ANPR_NETWORK
VEHEV-CECCCD905A,VEH-90408C,2025-11-26T23:03:10,LOC-5653D4,parking_entry,TRAFFIC_ANPR_NETWORK
VEHEV-FC87C14A75,VEH-51607B,2025-11-27T02:48:13,LOC-5653D4,anpr_capture,TRAFFIC_ANPR_NETWORK
VEHEV-1780219B0F,VEH-192ED8,2025-11-27T03:38:49,LOC-4AB381,parking_entry,TRAFFIC_ANPR_NETWORK
VEHEV-B3E9AE22F7,VEH-5AAD80,2025-11-27T07:07:51,LOC-1A1F14,anpr_capture,TRAFFIC_ANPR_NETWORK
VEHEV-00FCE30B09,VEH-C96C55,2025-11-27T14:20:10,LOC-6B641B,anpr_capture,TRAFFIC_ANPR_NETWORK
VEHEV-4B56052969,VEH-1C5D97,2025-11-27T14:57:59,LOC-550AE8,parking_entry,TRAFFIC_ANPR_NETWORK
VEHEV-9D1103C040,VEH-C27FD9,2025-11-27T15:48:54,LOC-A56A62,parking_entry,TRAFFIC_ANPR_NETWORK
VEHEV-FC5A35A1C9,VEH-68B60A,2025-11-27T22:29:16,LOC-C609DC,anpr_capture,TRAFFIC_ANPR_NETWORK
VEHEV-6EF0F77BBF,VEH-C00A83,2025-11-28T06:56:26,LOC-3BBE58,parking_entry,TRAFFIC_ANPR_NETWORK
VEHEV-2CA39F938F,VEH-5DB746,2025-11-29T00:29:09,LOC-246595,anpr_capture,TRAFFIC_ANPR_NETWORK
VEHEV-9CD21A561D,VEH-F94811,2025-11-29T02:36:43,LOC-3EC306,parking_entry,TRAFFIC_ANPR_NETWORK
VEHEV-86B410B620,VEH-531456,2025-11-29T04:53:24,LOC-C3A1CB,anpr_capture,TRAFFIC_ANPR_NETWORK
VEHEV-DA59E0AC8C,VEH-F7D3E8,2025-11-29T06:41:48,LOC-A8778C,toll_crossing,TRAFFIC_ANPR_NETWORK
VEHEV-8A87E426F0,VEH-154687,2025-11-29T09:16:44,LOC-246595,anpr_capture,TRAFFIC_ANPR_NETWORK
VEHEV-DCC48D6586,VEH-B81B10,2025-11-30T08:58:07,LOC-4AB381,toll_crossing,TRAFFIC_ANPR_NETWORK
VEHEV-C71979C349,VEH-32615D,2025-11-30T10:26:26,LOC-7CA5D0,toll_crossing,TRAFFIC_ANPR_NETWORK
VEHEV-F62869F660,VEH-F7EA3C,2025-11-30T18:16:06,LOC-0826C0,anpr_capture,TRAFFIC_ANPR_NETWORK
VEHEV-8C2CEEEE8C,VEH-798265,2025-11-30T18:21:58,LOC-443CDE,anpr_capture,TRAFFIC_ANPR_NETWORK
VEHEV-B1637D0D34,VEH-43898D,2025-11-30T20:31:38,LOC-A8778C,toll_crossing,TRAFFIC_ANPR_NETWORK
VEHEV-785BE5D18D,VEH-42A441,2025-11-30T21:02:10,LOC-564023,anpr_capture,TRAFFIC_ANPR_NETWORK
VEHEV-144A2A1C63,VEH-D03371,2025-12-01T00:07:55,LOC-0F4A38,parking_entry,TRAFFIC_ANPR_NETWORK
VEHEV-5662390465,VEH-FA6C1D,2025-12-01T05:58:22,LOC-246595,anpr_capture,TRAFFIC_ANPR_NETWORK
VEHEV-C3D6200CB0,VEH-143544,2025-12-01T08:34:38,LOC-B8654D,anpr_capture,TRAFFIC_ANPR_NETWORK
VEHEV-8B356B258A,VEH-F24509,2025-12-03T03:53:58,LOC-60AA0D,parking_entry,TRAFFIC_ANPR_NETWORK
VEHEV-0F7A606CF7,VEH-79FF14,2025-12-03T04:07:19,LOC-49A6DB,toll_crossing,TRAFFIC_ANPR_NETWORK
VEHEV-EAB32AAFAE,VEH-79FF14,2025-12-03T04:52:48,LOC-11E374,toll_crossing,TRAFFIC_ANPR_NETWORK
VEHEV-04F3F9C45E,VEH-51607B,2025-12-03T08:44:43,LOC-056FB8,anpr_capture,TRAFFIC_ANPR_NETWORK
VEHEV-117F68D07E,VEH-791775,2025-12-03T09:25:52,LOC-3BBE58,parking_entry,TRAFFIC_ANPR_NETWORK
VEHEV-D282D83C55,VEH-8B8D01,2025-12-03T10:09:21,LOC-A8778C,parking_entry,TRAFFIC_ANPR_NETWORK
VEHEV-F2C0EB8E43,VEH-F6EB17,2025-12-03T10:46:28,LOC-5653D4,toll_crossing,TRAFFIC_ANPR_NETWORK
VEHEV-CEDFF9E2C5,VEH-48AC1E,2025-12-03T13:08:22,LOC-1B923E,anpr_capture,TRAFFIC_ANPR_NETWORK
VEHEV-392330D22B,VEH-A1BD56,2025-12-03T16:19:04,LOC-8B4EBB,anpr_capture,TRAFFIC_ANPR_NETWORK
VEHEV-A4D0B33617,VEH-BD8E8D,2025-12-03T17:13:47,LOC-6B641B,parking_entry,TRAFFIC_ANPR_NETWORK
VEHEV-C56D27D5BF,VEH-2A3133,2025-12-03T17:42:20,LOC-0F4A38,parking_entry,TRAFFIC_ANPR_NETWORK
VEHEV-EDB51FA785,VEH-F90BF8,2025-12-04T03:25:54,LOC-C609DC,anpr_capture,TRAFFIC_ANPR_NETWORK
VEHEV-3D9B6B6E71,VEH-465718,2025-12-04T03:58:26,LOC-AAC991,anpr_capture,TRAFFIC_ANPR_NETWORK
VEHEV-1A4B2E6298,VEH-192ED8,2025-12-04T04:20:08,LOC-8546A1,parking_entry,TRAFFIC_ANPR_NETWORK
VEHEV-A946FBE4EB,VEH-5AAD80,2025-12-04T06:19:12,LOC-3EC306,parking_entry,TRAFFIC_ANPR_NETWORK
VEHEV-88A12184BF,VEH-4C6E56,2025-12-04T09:29:06,LOC-4AB381,anpr_capture,TRAFFIC_ANPR_NETWORK
VEHEV-F1BA673628,VEH-0E4E62,2025-12-04T09:44:57,LOC-1B923E,parking_entry,TRAFFIC_ANPR_NETWORK
VEHEV-16BF006FD4,VEH-F9D5E2,2025-12-04T19:29:29,LOC-C3A1CB,anpr_capture,TRAFFIC_ANPR_NETWORK
VEHEV-8A72AB7305,VEH-E556AE,2025-12-04T21:17:39,LOC-A8778C,parking_entry,TRAFFIC_ANPR_NETWORK
VEHEV-B5C7CFA278,VEH-518EA0,2025-12-05T11:28:53,LOC-3EC306,parking_entry,TRAFFIC_ANPR_NETWORK
VEHEV-333E1ECABF,VEH-BDB3EB,2025-12-05T22:55:53,LOC-6B641B,parking_entry,TRAFFIC_ANPR_NETWORK
VEHEV-AAFBC8CD9B,VEH-5CD031,2025-12-06T05:35:39,LOC-858C2E,anpr_capture,TRAFFIC_ANPR_NETWORK
VEHEV-1C8B246EA9,VEH-7D5BEE,2025-12-07T09:22:53,LOC-8343B9,toll_crossing,TRAFFIC_ANPR_NETWORK
VEHEV-05A2D35C15,VEH-F6901F,2025-12-07T09:26:34,LOC-60AA0D,toll_crossing,TRAFFIC_ANPR_NETWORK
VEHEV-FDA1E338FA,VEH-AE4521,2025-12-07T16:02:57,LOC-8B4EBB,toll_crossing,TRAFFIC_ANPR_NETWORK
VEHEV-3D0E898956,VEH-5AAD80,2025-12-08T11:54:34,LOC-60AA0D,parking_entry,TRAFFIC_ANPR_NETWORK
VEHEV-AA92D16303,VEH-DBFE17,2025-12-08T22:59:08,LOC-564023,toll_crossing,TRAFFIC_ANPR_NETWORK
VEHEV-BF7614335E,VEH-55B9BA,2025-12-09T03:33:21,LOC-A56A62,anpr_capture,TRAFFIC_ANPR_NETWORK
VEHEV-8150805FA3,VEH-C00A83,2025-12-09T16:29:25,LOC-A56A62,anpr_capture,TRAFFIC_ANPR_NETWORK
VEHEV-0F9E80AB0D,VEH-527EB5,2025-12-09T20:22:38,LOC-961151,anpr_capture,TRAFFIC_ANPR_NETWORK
VEHEV-AE146A052D,VEH-79ADF7,2025-12-09T20:45:18,LOC-5653D4,anpr_capture,TRAFFIC_ANPR_NETWORK
VEHEV-E3BE2EBCF0,VEH-F24509,2025-12-10T06:37:25,LOC-056FB8,parking_entry,TRAFFIC_ANPR_NETWORK
VEHEV-BE2D58A9BC,VEH-F7D3E8,2025-12-10T08:59:03,LOC-0F4A38,anpr_capture,TRAFFIC_ANPR_NETWORK
VEHEV-C829682687,VEH-7BA5B2,2025-12-10T11:53:11,LOC-CBE54C,parking_entry,TRAFFIC_ANPR_NETWORK
VEHEV-5F94806764,VEH-FA9F7D,2025-12-10T15:59:17,LOC-5653D4,parking_entry,TRAFFIC_ANPR_NETWORK
VEHEV-0D838B7BCA,VEH-7D614E,2025-12-10T20:46:12,LOC-1A1F14,toll_crossing,TRAFFIC_ANPR_NETWORK
VEHEV-52316D1D6A,VEH-A89C8B,2025-12-10T21:14:28,LOC-166DD6,anpr_capture,TRAFFIC_ANPR_NETWORK
VEHEV-965D92E0E8,VEH-66D736,2025-12-10T21:32:16,LOC-8343B9,parking_entry,TRAFFIC_ANPR_NETWORK
VEHEV-F96C7FBAE8,VEH-52FF4A,2025-12-11T01:43:29,LOC-8F9B34,parking_entry,TRAFFIC_ANPR_NETWORK
VEHEV-D6FCBCF5C6,VEH-43898D,2025-12-11T02:44:34,LOC-056FB8,toll_crossing,TRAFFIC_ANPR_NETWORK
VEHEV-929F0507CC,VEH-D03371,2025-12-11T08:11:33,LOC-B8654D,toll_crossing,TRAFFIC_ANPR_NETWORK
VEHEV-653F1D7B44,VEH-872698,2025-12-11T09:46:49,LOC-3BBE58,toll_crossing,TRAFFIC_ANPR_NETWORK
VEHEV-3404E6A119,VEH-96D316,2025-12-11T10:33:07,LOC-28DFA2,toll_crossing,TRAFFIC_ANPR_NETWORK
VEHEV-07E9CE2721,VEH-50E854,2025-12-11T17:32:35,LOC-443CDE,parking_entry,TRAFFIC_ANPR_NETWORK
VEHEV-830EB8F8C3,VEH-00A4A2,2025-12-11T21:59:35,LOC-AAC991,anpr_capture,TRAFFIC_ANPR_NETWORK
VEHEV-3C68F8869C,VEH-916D9E,2025-12-12T04:45:08,LOC-49A6DB,anpr_capture,TRAFFIC_ANPR_NETWORK
VEHEV-0E9F98C00B,VEH-424E0A,2025-12-12T05:44:41,LOC-564023,anpr_capture,TRAFFIC_ANPR_NETWORK
VEHEV-D3A3E16616,VEH-798265,2025-12-12T07:36:19,LOC-166DD6,anpr_capture,TRAFFIC_ANPR_NETWORK
VEHEV-A90FFFA6C4,VEH-BDB3EB,2025-12-12T16:16:55,LOC-056FB8,parking_entry,TRAFFIC_ANPR_NETWORK
VEHEV-AF2FA1DD3E,VEH-226B1B,2025-12-12T17:18:35,LOC-7CA5D0,parking_entry,TRAFFIC_ANPR_NETWORK
VEHEV-16E376980E,VEH-7A16BA,2025-12-12T21:01:22,LOC-98B485,toll_crossing,TRAFFIC_ANPR_NETWORK
VEHEV-46A8D840AB,VEH-C27D72,2025-12-13T01:11:54,LOC-7CA5D0,parking_entry,TRAFFIC_ANPR_NETWORK
VEHEV-B2C7F5A73B,VEH-870CDB,2025-12-13T16:00:37,LOC-1651DD,toll_crossing,TRAFFIC_ANPR_NETWORK
VEHEV-B67E5E736F,VEH-E26362,2025-12-13T21:12:58,LOC-166DD6,toll_crossing,TRAFFIC_ANPR_NETWORK
VEHEV-E12202E59E,VEH-18FA4B,2025-12-13T22:36:05,LOC-7CA5D0,parking_entry,TRAFFIC_ANPR_NETWORK
VEHEV-67FA854330,VEH-46096D,2025-12-13T23:30:10,LOC-B8654D,toll_crossing,TRAFFIC_ANPR_NETWORK
VEHEV-6190B8F069,VEH-F7EA3C,2025-12-14T11:49:23,LOC-8546A1,toll_crossing,TRAFFIC_ANPR_NETWORK
VEHEV-38C945592D,VEH-0A13C0,2025-12-14T13:01:42,LOC-550AE8,parking_entry,TRAFFIC_ANPR_NETWORK
VEHEV-B68AB1B274,VEH-E26362,2025-12-14T13:08:24,LOC-98B485,anpr_capture,TRAFFIC_ANPR_NETWORK
VEHEV-F16CAD1CCC,VEH-5B899F,2025-12-14T16:52:55,LOC-246595,anpr_capture,TRAFFIC_ANPR_NETWORK
VEHEV-F2606F1133,VEH-92F5E9,2025-12-14T23:57:07,LOC-961151,toll_crossing,TRAFFIC_ANPR_NETWORK
VEHEV-A92187E0C1,VEH-5CD031,2025-12-15T12:31:09,LOC-246595,anpr_capture,TRAFFIC_ANPR_NETWORK
VEHEV-7B8D70EC12,VEH-D236A4,2025-12-16T04:34:47,LOC-B8654D,toll_crossing,TRAFFIC_ANPR_NETWORK
VEHEV-92CDA23D34,VEH-EEBE88,2025-12-16T05:19:53,LOC-C75B69,toll_crossing,TRAFFIC_ANPR_NETWORK
VEHEV-CB0DD23702,VEH-E28F4A,2025-12-16T06:38:01,LOC-8B4EBB,toll_crossing,TRAFFIC_ANPR_NETWORK
VEHEV-97D479BEBD,VEH-2F680E,2025-12-16T08:42:50,LOC-8B4EBB,parking_entry,TRAFFIC_ANPR_NETWORK
VEHEV-F57C44C4B9,VEH-872698,2025-12-16T15:33:33,LOC-056FB8,anpr_capture,TRAFFIC_ANPR_NETWORK
VEHEV-D708BA40AE,VEH-C0901A,2025-12-16T19:01:56,LOC-8343B9,toll_crossing,TRAFFIC_ANPR_NETWORK
VEHEV-06583AFEF8,VEH-99FB63,2025-12-16T19:17:00,LOC-86EE62,anpr_capture,TRAFFIC_ANPR_NETWORK
VEHEV-B6772FC900,VEH-DEEB48,2025-12-16T21:23:15,LOC-3EC306,anpr_capture,TRAFFIC_ANPR_NETWORK
VEHEV-E5D685E077,VEH-619BCF,2025-12-17T07:38:18,LOC-4AB381,parking_entry,TRAFFIC_ANPR_NETWORK
VEHEV-1B67365CFB,VEH-4CF855,2025-12-17T08:04:41,LOC-443CDE,toll_crossing,TRAFFIC_ANPR_NETWORK
VEHEV-FD219863CB,VEH-7D614E,2025-12-18T01:45:09,LOC-49A6DB,anpr_capture,TRAFFIC_ANPR_NETWORK
VEHEV-BB116789AC,VEH-9D806D,2025-12-18T03:12:38,LOC-5653D4,parking_entry,TRAFFIC_ANPR_NETWORK
VEHEV-A36B77155E,VEH-530D35,2025-12-18T04:04:56,LOC-60AA0D,anpr_capture,TRAFFIC_ANPR_NETWORK
VEHEV-AF289D3586,VEH-154687,2025-12-18T08:33:16,LOC-7CA5D0,parking_entry,TRAFFIC_ANPR_NETWORK
VEHEV-22CAEB7011,VEH-129D6F,2025-12-18T11:41:58,LOC-782390,toll_crossing,TRAFFIC_ANPR_NETWORK
VEHEV-D2FAAC20EA,VEH-F6EB17,2025-12-18T15:36:57,LOC-7CA5D0,parking_entry,TRAFFIC_ANPR_NETWORK
VEHEV-4CEBB75D23,VEH-F74CAA,2025-12-18T22:58:41,LOC-D2F79E,parking_entry,TRAFFIC_ANPR_NETWORK
VEHEV-2E2AD77D05,VEH-0E4E62,2025-12-19T08:31:29,LOC-056FB8,anpr_capture,TRAFFIC_ANPR_NETWORK
VEHEV-47D59EF08F,VEH-A0FFAA,2025-12-19T08:52:37,LOC-B9CFDA,parking_entry,TRAFFIC_ANPR_NETWORK
VEHEV-6D7F3DB08E,VEH-DDD950,2025-12-19T23:15:15,LOC-858C2E,parking_entry,TRAFFIC_ANPR_NETWORK
VEHEV-2849267C1B,VEH-32615D,2025-12-20T02:25:01,LOC-782390,toll_crossing,TRAFFIC_ANPR_NETWORK
VEHEV-42536BD9D0,VEH-025E62,2025-12-20T06:48:25,LOC-AAC991,anpr_capture,TRAFFIC_ANPR_NETWORK
VEHEV-FD4F26D1B4,VEH-A50C0A,2025-12-20T08:52:54,LOC-166DD6,parking_entry,TRAFFIC_ANPR_NETWORK
VEHEV-F99B586C58,VEH-DE3C79,2025-12-20T19:12:23,LOC-1651DD,anpr_capture,TRAFFIC_ANPR_NETWORK
VEHEV-65502164A5,VEH-078C8C,2025-12-21T00:19:18,LOC-0826C0,anpr_capture,TRAFFIC_ANPR_NETWORK
VEHEV-9399FDA46D,VEH-71A8FF,2025-12-21T03:24:58,LOC-1651DD,toll_crossing,TRAFFIC_ANPR_NETWORK
VEHEV-B4FC43D540,VEH-F7BD97,2025-12-21T08:45:08,LOC-1A1F14,parking_entry,TRAFFIC_ANPR_NETWORK
VEHEV-8B6C70B9DF,VEH-45C713,2025-12-21T08:52:37,LOC-C3A1CB,toll_crossing,TRAFFIC_ANPR_NETWORK
VEHEV-78919F9183,VEH-3418BD,2025-12-21T12:41:30,LOC-3BBE58,anpr_capture,TRAFFIC_ANPR_NETWORK
VEHEV-7D7C4963E2,VEH-A3A586,2025-12-22T10:09:20,LOC-D2F79E,toll_crossing,TRAFFIC_ANPR_NETWORK
VEHEV-0D2EE26546,VEH-AA5946,2025-12-22T10:46:40,LOC-2E747C,anpr_capture,TRAFFIC_ANPR_NETWORK
VEHEV-1C49BA4F61,VEH-C0901A,2025-12-22T11:50:10,LOC-550AE8,anpr_capture,TRAFFIC_ANPR_NETWORK
VEHEV-7998228D40,VEH-5F6C14,2025-12-22T20:04:10,LOC-B8654D,parking_entry,TRAFFIC_ANPR_NETWORK
VEHEV-509D7C71D7,VEH-90408C,2025-12-23T06:42:00,LOC-550AE8,anpr_capture,TRAFFIC_ANPR_NETWORK
VEHEV-B95FC8F982,VEH-5CD031,2025-12-23T18:55:25,LOC-443CDE,toll_crossing,TRAFFIC_ANPR_NETWORK
VEHEV-4A5F43E21A,VEH-424E0A,2025-12-23T19:26:26,LOC-28DFA2,anpr_capture,TRAFFIC_ANPR_NETWORK
VEHEV-107AD1F0EC,VEH-32615D,2025-12-23T20:11:26,LOC-A56A62,anpr_capture,TRAFFIC_ANPR_NETWORK
VEHEV-FE6E6D495A,VEH-D8AC4C,2025-12-23T20:15:39,LOC-B9CFDA,toll_crossing,TRAFFIC_ANPR_NETWORK
VEHEV-ECC9B675DE,VEH-9DF1B2,2025-12-24T01:40:58,LOC-1651DD,anpr_capture,TRAFFIC_ANPR_NETWORK
VEHEV-CD3C338505,VEH-24FFC2,2025-12-24T03:44:30,LOC-0F4A38,anpr_capture,TRAFFIC_ANPR_NETWORK
VEHEV-665589674A,VEH-BC59A1,2025-12-24T03:56:50,LOC-C75B69,toll_crossing,TRAFFIC_ANPR_NETWORK
VEHEV-948C458D24,VEH-0128ED,2025-12-24T12:19:21,LOC-166DD6,parking_entry,TRAFFIC_ANPR_NETWORK
VEHEV-0E69EC07BB,VEH-3418BD,2025-12-24T18:55:30,LOC-7CA5D0,parking_entry,TRAFFIC_ANPR_NETWORK
VEHEV-C210442681,VEH-B58A64,2025-12-24T19:37:42,LOC-0F4A38,toll_crossing,TRAFFIC_ANPR_NETWORK
VEHEV-50EC4DDE11,VEH-A87390,2025-12-25T18:10:40,LOC-D2F79E,anpr_capture,TRAFFIC_ANPR_NETWORK
VEHEV-1CA4BC35A3,VEH-68DCCB,2025-12-26T00:58:14,LOC-98B485,parking_entry,TRAFFIC_ANPR_NETWORK
VEHEV-D9F0654406,VEH-BC59A1,2025-12-26T16:11:47,LOC-98B485,toll_crossing,TRAFFIC_ANPR_NETWORK
VEHEV-408129DC7E,VEH-204EB6,2025-12-27T05:57:17,LOC-AAC991,parking_entry,TRAFFIC_ANPR_NETWORK
VEHEV-894727CFD9,VEH-E88E5A,2025-12-27T11:03:50,LOC-858C2E,toll_crossing,TRAFFIC_ANPR_NETWORK
VEHEV-16DEC334F7,VEH-889DC0,2025-12-27T21:01:16,LOC-246595,parking_entry,TRAFFIC_ANPR_NETWORK
VEHEV-4E3CD20ACD,VEH-5D0FE6,2025-12-28T03:59:31,LOC-1A1F14,parking_entry,TRAFFIC_ANPR_NETWORK
VEHEV-DFF856B7E5,VEH-30B831,2025-12-28T06:51:23,LOC-782390,anpr_capture,TRAFFIC_ANPR_NETWORK
VEHEV-B812ACBE45,VEH-F110D5,2025-12-28T06:51:59,LOC-CBE54C,parking_entry,TRAFFIC_ANPR_NETWORK
VEHEV-288CF13EB1,VEH-F9D5E2,2025-12-28T16:22:15,LOC-2E747C,anpr_capture,TRAFFIC_ANPR_NETWORK
VEHEV-8C602BF3A3,VEH-BEC8DB,2025-12-28T20:55:51,LOC-5653D4,anpr_capture,TRAFFIC_ANPR_NETWORK
VEHEV-BFBE5F413A,VEH-F24509,2025-12-29T16:45:57,LOC-8F9B34,parking_entry,TRAFFIC_ANPR_NETWORK
VEHEV-22D7F1E39E,VEH-68B60A,2025-12-29T19:46:04,LOC-8343B9,anpr_capture,TRAFFIC_ANPR_NETWORK
VEHEV-90B4760DCE,VEH-791775,2025-12-29T22:25:11,LOC-3BBE58,toll_crossing,TRAFFIC_ANPR_NETWORK
VEHEV-7FFB3F140D,VEH-5F5B99,2025-12-29T23:35:11,LOC-AAC991,parking_entry,TRAFFIC_ANPR_NETWORK
VEHEV-0F22A4488F,VEH-D4E1BE,2025-12-30T05:24:19,LOC-2E747C,toll_crossing,TRAFFIC_ANPR_NETWORK
VEHEV-24BBB2ABC6,VEH-96D316,2025-12-30T06:31:04,LOC-443CDE,parking_entry,TRAFFIC_ANPR_NETWORK
VEHEV-E699E567ED,VEH-4629C7,2025-12-30T12:30:05,LOC-B9CFDA,anpr_capture,TRAFFIC_ANPR_NETWORK
VEHEV-21890F55A0,VEH-DDD950,2025-12-30T13:21:46,LOC-A8778C,anpr_capture,TRAFFIC_ANPR_NETWORK
VEHEV-554AF0936D,VEH-51607B,2025-12-30T19:41:36,LOC-A56A62,anpr_capture,TRAFFIC_ANPR_NETWORK
VEHEV-85DF5FD79F,VEH-C27FD9,2025-12-31T04:10:59,LOC-782390,anpr_capture,TRAFFIC_ANPR_NETWORK
VEHEV-2F3770DA3C,VEH-B51525,2025-12-31T13:36:10,LOC-5653D4,anpr_capture,TRAFFIC_ANPR_NETWORK
VEHEV-24DBB24667,VEH-68E1F9,2025-12-31T22:45:36,LOC-1A1F14,parking_entry,TRAFFIC_ANPR_NETWORK
VEHEV-BA527D7915,VEH-C00A83,2026-01-01T13:48:31,LOC-6B641B,parking_entry,TRAFFIC_ANPR_NETWORK
VEHEV-201A42668D,VEH-55B9BA,2026-01-01T15:46:04,LOC-166DD6,parking_entry,TRAFFIC_ANPR_NETWORK
VEHEV-92C3C67FF4,VEH-18F9D1,2026-01-01T22:46:30,LOC-0F4A38,anpr_capture,TRAFFIC_ANPR_NETWORK
VEHEV-F96885A591,VEH-B7338E,2026-01-02T05:02:08,LOC-2E747C,toll_crossing,TRAFFIC_ANPR_NETWORK
VEHEV-29ABAFF008,VEH-FA6C1D,2026-01-02T07:32:14,LOC-8F9B34,anpr_capture,TRAFFIC_ANPR_NETWORK
VEHEV-36D61D07FF,VEH-B7338E,2026-01-02T14:18:08,LOC-550AE8,toll_crossing,TRAFFIC_ANPR_NETWORK
VEHEV-927BDACE9D,VEH-04A3FE,2026-01-02T20:33:00,LOC-AAC991,toll_crossing,TRAFFIC_ANPR_NETWORK
VEHEV-AA6D18472D,VEH-7A16BA,2026-01-02T22:16:58,LOC-1651DD,toll_crossing,TRAFFIC_ANPR_NETWORK
VEHEV-E62F6298C0,VEH-530D35,2026-01-03T00:31:06,LOC-8B4EBB,anpr_capture,TRAFFIC_ANPR_NETWORK
VEHEV-B009B508E7,VEH-79ADF7,2026-01-03T13:24:23,LOC-8F9B34,anpr_capture,TRAFFIC_ANPR_NETWORK
VEHEV-5987E5954E,VEH-724A0D,2026-01-04T01:23:24,LOC-8B4EBB,parking_entry,TRAFFIC_ANPR_NETWORK
VEHEV-A513D2C895,VEH-39D999,2026-01-04T03:57:30,LOC-166DD6,anpr_capture,TRAFFIC_ANPR_NETWORK
VEHEV-6679EC3633,VEH-AE4521,2026-01-04T08:34:02,LOC-C609DC,anpr_capture,TRAFFIC_ANPR_NETWORK
VEHEV-2BCF40302A,VEH-C27D72,2026-01-04T14:25:38,LOC-858C2E,toll_crossing,TRAFFIC_ANPR_NETWORK
VEHEV-69716065FC,VEH-DE3C79,2026-01-04T15:56:54,LOC-246595,toll_crossing,TRAFFIC_ANPR_NETWORK
VEHEV-E5D07EA226,VEH-724A0D,2026-01-04T23:19:27,LOC-8B4EBB,anpr_capture,TRAFFIC_ANPR_NETWORK
VEHEV-B781C31DE3,VEH-CB55D9,2026-01-05T09:32:35,LOC-28DFA2,anpr_capture,TRAFFIC_ANPR_NETWORK
VEHEV-4F6ED59153,VEH-F94811,2026-01-05T14:35:15,LOC-8B4EBB,parking_entry,TRAFFIC_ANPR_NETWORK
VEHEV-4DBE69DE8E,VEH-AA5946,2026-01-05T18:53:17,LOC-3EC306,parking_entry,TRAFFIC_ANPR_NETWORK
VEHEV-5BBA0C542A,VEH-BC4D2F,2026-01-05T20:29:55,LOC-0826C0,anpr_capture,TRAFFIC_ANPR_NETWORK
VEHEV-586AE4325E,VEH-D236A4,2026-01-06T17:37:15,LOC-166DD6,anpr_capture,TRAFFIC_ANPR_NETWORK
VEHEV-761BC3659C,VEH-79ADF7,2026-01-06T20:47:49,LOC-443CDE,parking_entry,TRAFFIC_ANPR_NETWORK
VEHEV-17C517695D,VEH-F110D5,2026-01-06T22:35:12,LOC-A56A62,parking_entry,TRAFFIC_ANPR_NETWORK
VEHEV-7AC70233AA,VEH-A89C8B,2026-01-06T22:50:48,LOC-98B485,anpr_capture,TRAFFIC_ANPR_NETWORK
VEHEV-09296674F2,VEH-DE3C79,2026-01-07T00:16:07,LOC-1A1F14,parking_entry,TRAFFIC_ANPR_NETWORK
VEHEV-F6EEAB0C13,VEH-E28F4A,2026-01-07T01:25:56,LOC-1651DD,parking_entry,TRAFFIC_ANPR_NETWORK
VEHEV-C3E8F356DB,VEH-870CDB,2026-01-07T09:35:02,LOC-6B641B,parking_entry,TRAFFIC_ANPR_NETWORK
VEHEV-020D68B38B,VEH-24FFC2,2026-01-07T12:34:32,LOC-5653D4,toll_crossing,TRAFFIC_ANPR_NETWORK
VEHEV-ED867EFCD5,VEH-3D93F6,2026-01-07T17:51:22,LOC-246595,parking_entry,TRAFFIC_ANPR_NETWORK
VEHEV-F93AFC09C5,VEH-A69C70,2026-01-07T18:36:01,LOC-2E747C,anpr_capture,TRAFFIC_ANPR_NETWORK
VEHEV-DE53F74209,VEH-F6901F,2026-01-08T01:28:16,LOC-B8654D,toll_crossing,TRAFFIC_ANPR_NETWORK
VEHEV-A00FCA16B2,VEH-45C713,2026-01-08T06:25:28,LOC-28DFA2,parking_entry,TRAFFIC_ANPR_NETWORK
VEHEV-F8636343BE,VEH-872698,2026-01-08T07:15:57,LOC-3EC306,toll_crossing,TRAFFIC_ANPR_NETWORK
VEHEV-4D2BACD9B3,VEH-9D785B,2026-01-08T16:15:40,LOC-1651DD,toll_crossing,TRAFFIC_ANPR_NETWORK
VEHEV-882E3134E0,VEH-24FFC2,2026-01-08T18:07:26,LOC-858C2E,anpr_capture,TRAFFIC_ANPR_NETWORK
VEHEV-1FE630E479,VEH-79ADF7,2026-01-08T22:16:37,LOC-98B485,anpr_capture,TRAFFIC_ANPR_NETWORK
VEHEV-1F555D9B69,VEH-ECA7C4,2026-01-09T01:07:49,LOC-B9CFDA,parking_entry,TRAFFIC_ANPR_NETWORK
VEHEV-8B202D5D81,VEH-90408C,2026-01-09T02:30:31,LOC-3BBE58,parking_entry,TRAFFIC_ANPR_NETWORK
VEHEV-6EDD9EE8E3,VEH-BC59A1,2026-01-09T04:58:50,LOC-C609DC,parking_entry,TRAFFIC_ANPR_NETWORK
VEHEV-024ED1A264,VEH-0478A9,2026-01-09T09:42:03,LOC-A56A62,toll_crossing,TRAFFIC_ANPR_NETWORK
VEHEV-4C64D65872,VEH-5DB746,2026-01-09T19:44:40,LOC-A8778C,anpr_capture,TRAFFIC_ANPR_NETWORK
VEHEV-AC0BE4575F,VEH-834B3F,2026-01-10T01:20:28,LOC-A56A62,anpr_capture,TRAFFIC_ANPR_NETWORK
VEHEV-1779549A3B,VEH-45C713,2026-01-10T06:00:53,LOC-4AB381,toll_crossing,TRAFFIC_ANPR_NETWORK
VEHEV-65D93826AE,VEH-465718,2026-01-10T13:36:50,LOC-C3A1CB,toll_crossing,TRAFFIC_ANPR_NETWORK
VEHEV-ACF2DCECE3,VEH-0478A9,2026-01-10T14:32:23,LOC-0F4A38,anpr_capture,TRAFFIC_ANPR_NETWORK
VEHEV-F2F245B19D,VEH-424E0A,2026-01-10T16:12:57,LOC-B9CFDA,parking_entry,TRAFFIC_ANPR_NETWORK
VEHEV-23B5B3B1F1,VEH-FAF976,2026-01-10T16:19:57,LOC-2E747C,toll_crossing,TRAFFIC_ANPR_NETWORK
VEHEV-DE77026433,VEH-39D999,2026-01-10T23:54:54,LOC-11E374,anpr_capture,TRAFFIC_ANPR_NETWORK
VEHEV-218CB70A1D,VEH-D4E1BE,2026-01-11T07:53:36,LOC-8546A1,anpr_capture,TRAFFIC_ANPR_NETWORK
VEHEV-E9422C71A8,VEH-A769F7,2026-01-11T13:59:28,LOC-6B641B,parking_entry,TRAFFIC_ANPR_NETWORK
VEHEV-0DF343038C,VEH-D8AC4C,2026-01-11T20:38:48,LOC-28DFA2,parking_entry,TRAFFIC_ANPR_NETWORK
VEHEV-5B07738B54,VEH-DF8641,2026-01-12T02:02:37,LOC-60AA0D,anpr_capture,TRAFFIC_ANPR_NETWORK
VEHEV-4EFA1378A3,VEH-3F3CBC,2026-01-12T10:20:09,LOC-3BBE58,toll_crossing,TRAFFIC_ANPR_NETWORK
VEHEV-ABFF850685,VEH-C372F2,2026-01-12T13:10:21,LOC-8F9B34,parking_entry,TRAFFIC_ANPR_NETWORK
VEHEV-25D41E4653,VEH-3D93F6,2026-01-13T01:04:56,LOC-056FB8,anpr_capture,TRAFFIC_ANPR_NETWORK
VEHEV-951DB2AB26,VEH-D03371,2026-01-13T04:29:43,LOC-86EE62,anpr_capture,TRAFFIC_ANPR_NETWORK
VEHEV-8260F3CA1B,VEH-BF026F,2026-01-13T04:58:56,LOC-B8654D,toll_crossing,TRAFFIC_ANPR_NETWORK
VEHEV-5A2E3BCA79,VEH-025E62,2026-01-13T05:35:34,LOC-858C2E,anpr_capture,TRAFFIC_ANPR_NETWORK
VEHEV-EC2B30E27B,VEH-5F6C14,2026-01-13T14:41:24,LOC-49A6DB,parking_entry,TRAFFIC_ANPR_NETWORK
VEHEV-F9516BC5EE,VEH-C1AD5E,2026-01-13T14:57:13,LOC-443CDE,anpr_capture,TRAFFIC_ANPR_NETWORK
VEHEV-6DBE0E54C5,VEH-2F680E,2026-01-13T19:44:33,LOC-443CDE,toll_crossing,TRAFFIC_ANPR_NETWORK
VEHEV-77C928051B,VEH-540237,2026-01-14T14:30:45,LOC-0F4A38,toll_crossing,TRAFFIC_ANPR_NETWORK
VEHEV-B67FA26CC1,VEH-154687,2026-01-14T23:23:14,LOC-CBE54C,toll_crossing,TRAFFIC_ANPR_NETWORK
VEHEV-7B2779CAEF,VEH-204EB6,2026-01-15T03:37:10,LOC-550AE8,anpr_capture,TRAFFIC_ANPR_NETWORK
VEHEV-E07BBB56A2,VEH-F110D5,2026-01-15T04:48:25,LOC-961151,toll_crossing,TRAFFIC_ANPR_NETWORK
VEHEV-AF6AFFE5BC,VEH-79FF14,2026-01-16T04:37:57,LOC-2E747C,anpr_capture,TRAFFIC_ANPR_NETWORK
VEHEV-6997957A55,VEH-129D6F,2026-01-16T12:45:01,LOC-A56A62,parking_entry,TRAFFIC_ANPR_NETWORK
VEHEV-8561BF232E,VEH-619BCF,2026-01-16T15:36:41,LOC-CBE54C,anpr_capture,TRAFFIC_ANPR_NETWORK
VEHEV-3DFF6A2DE2,VEH-EF1616,2026-01-17T00:34:38,LOC-7CA5D0,parking_entry,TRAFFIC_ANPR_NETWORK
VEHEV-047F5204EE,VEH-07EB7A,2026-01-17T05:36:27,LOC-6B641B,toll_crossing,TRAFFIC_ANPR_NETWORK
VEHEV-006D94C8C4,VEH-F90BF8,2026-01-18T05:34:56,LOC-98B485,toll_crossing,TRAFFIC_ANPR_NETWORK
VEHEV-C452267792,VEH-F9D5E2,2026-01-18T09:06:21,LOC-8F9B34,toll_crossing,TRAFFIC_ANPR_NETWORK
VEHEV-17DD90680E,VEH-6F278E,2026-01-18T16:23:41,LOC-A8778C,parking_entry,TRAFFIC_ANPR_NETWORK
VEHEV-F7D697FD8F,VEH-74BCBA,2026-01-19T22:57:51,LOC-49A6DB,toll_crossing,TRAFFIC_ANPR_NETWORK
VEHEV-8A2E4FEDC9,VEH-3F3CBC,2026-01-20T00:39:39,LOC-5653D4,anpr_capture,TRAFFIC_ANPR_NETWORK
VEHEV-615188EC33,VEH-4C6E56,2026-01-20T07:12:05,LOC-782390,anpr_capture,TRAFFIC_ANPR_NETWORK
VEHEV-2072436D67,VEH-479916,2026-01-20T13:59:36,LOC-550AE8,parking_entry,TRAFFIC_ANPR_NETWORK
VEHEV-BBDCCA7931,VEH-ECA7C4,2026-01-20T20:29:30,LOC-A56A62,toll_crossing,TRAFFIC_ANPR_NETWORK
VEHEV-ED57BA508C,VEH-A769F7,2026-01-21T06:52:18,LOC-6B641B,parking_entry,TRAFFIC_ANPR_NETWORK
VEHEV-0B5FDA245F,VEH-64AE34,2026-01-21T09:20:41,LOC-961151,toll_crossing,TRAFFIC_ANPR_NETWORK
VEHEV-C3FFA68E2B,VEH-CB55D9,2026-01-21T09:46:55,LOC-B8654D,parking_entry,TRAFFIC_ANPR_NETWORK
VEHEV-B995CA1469,VEH-7BA5B2,2026-01-21T19:13:48,LOC-4AB381,parking_entry,TRAFFIC_ANPR_NETWORK
VEHEV-383E21B7BE,VEH-9F9101,2026-01-21T21:17:43,LOC-166DD6,toll_crossing,TRAFFIC_ANPR_NETWORK
VEHEV-00875574BB,VEH-B81B10,2026-01-22T05:33:00,LOC-443CDE,anpr_capture,TRAFFIC_ANPR_NETWORK
VEHEV-8AF4802CF4,VEH-AE4521,2026-01-22T08:17:34,LOC-C3A1CB,anpr_capture,TRAFFIC_ANPR_NETWORK
VEHEV-5DABDB5501,VEH-527EB5,2026-01-22T16:46:29,LOC-7CA5D0,toll_crossing,TRAFFIC_ANPR_NETWORK
VEHEV-70DCB4362D,VEH-52FF4A,2026-01-22T18:05:47,LOC-86EE62,parking_entry,TRAFFIC_ANPR_NETWORK
VEHEV-EA8CFD35EC,VEH-0478A9,2026-01-22T19:01:48,LOC-1B923E,anpr_capture,TRAFFIC_ANPR_NETWORK
VEHEV-F143158802,VEH-F7D3E8,2026-01-22T20:22:25,LOC-B9CFDA,toll_crossing,TRAFFIC_ANPR_NETWORK
VEHEV-7134E9E6FD,VEH-C27D72,2026-01-23T15:42:40,LOC-11E374,parking_entry,TRAFFIC_ANPR_NETWORK
VEHEV-83F74AB5B7,VEH-479916,2026-01-23T16:46:45,LOC-C3A1CB,toll_crossing,TRAFFIC_ANPR_NETWORK
VEHEV-945BEC3415,VEH-4629C7,2026-01-23T17:14:20,LOC-7CA5D0,toll_crossing,TRAFFIC_ANPR_NETWORK
VEHEV-076484ED78,VEH-C00A83,2026-01-24T02:24:57,LOC-AAC991,toll_crossing,TRAFFIC_ANPR_NETWORK
VEHEV-B66D19F501,VEH-28AE2D,2026-01-24T04:48:47,LOC-49A6DB,parking_entry,TRAFFIC_ANPR_NETWORK
VEHEV-D25A7A8191,VEH-A1BD56,2026-01-24T22:48:40,LOC-2E747C,anpr_capture,TRAFFIC_ANPR_NETWORK
VEHEV-F53AFDB462,VEH-EEBE88,2026-01-25T00:54:24,LOC-CBE54C,toll_crossing,TRAFFIC_ANPR_NETWORK
VEHEV-6D86AF6402,VEH-F87888,2026-01-25T02:50:19,LOC-AAC991,toll_crossing,TRAFFIC_ANPR_NETWORK
VEHEV-F791BE3EB7,VEH-50E854,2026-01-25T04:07:34,LOC-3BBE58,anpr_capture,TRAFFIC_ANPR_NETWORK
VEHEV-950292BB8E,VEH-9F0193,2026-01-25T14:21:09,LOC-1A1F14,toll_crossing,TRAFFIC_ANPR_NETWORK
VEHEV-15DE71B8F6,VEH-4CF855,2026-01-25T22:08:49,LOC-86EE62,anpr_capture,TRAFFIC_ANPR_NETWORK
VEHEV-3E23363F88,VEH-5DB746,2026-01-25T23:13:50,LOC-564023,toll_crossing,TRAFFIC_ANPR_NETWORK
VEHEV-2B913112F5,VEH-BC59A1,2026-01-26T06:01:46,LOC-1651DD,toll_crossing,TRAFFIC_ANPR_NETWORK
VEHEV-4E9E5B9773,VEH-527EB5,2026-01-27T01:02:50,LOC-8B4EBB,anpr_capture,TRAFFIC_ANPR_NETWORK
VEHEV-4A17E62AB7,VEH-EEBE88,2026-01-27T09:28:10,LOC-C609DC,anpr_capture,TRAFFIC_ANPR_NETWORK
VEHEV-E6BE7FE46D,VEH-3D7608,2026-01-27T11:49:04,LOC-8546A1,toll_crossing,TRAFFIC_ANPR_NETWORK
VEHEV-DFB33EF238,VEH-BC59A1,2026-01-27T12:43:47,LOC-86EE62,toll_crossing,TRAFFIC_ANPR_NETWORK
VEHEV-DD7DEBCD68,VEH-D988F8,2026-01-27T20:55:24,LOC-2E747C,anpr_capture,TRAFFIC_ANPR_NETWORK
VEHEV-5E0C0D78F4,VEH-24FFC2,2026-01-28T14:27:39,LOC-166DD6,toll_crossing,TRAFFIC_ANPR_NETWORK
VEHEV-95AF433192,VEH-9CF527,2026-01-28T14:49:57,LOC-B9CFDA,parking_entry,TRAFFIC_ANPR_NETWORK
VEHEV-E7BAC40EA0,VEH-3AA1B5,2026-01-28T17:57:41,LOC-443CDE,parking_entry,TRAFFIC_ANPR_NETWORK
VEHEV-1C11083FD6,VEH-8D24D5,2026-01-28T22:19:12,LOC-6B641B,toll_crossing,TRAFFIC_ANPR_NETWORK
VEHEV-08D623076A,VEH-3418BD,2026-01-28T22:22:28,LOC-0826C0,toll_crossing,TRAFFIC_ANPR_NETWORK
VEHEV-6C87A36036,VEH-04A3FE,2026-01-29T00:49:50,LOC-A56A62,anpr_capture,TRAFFIC_ANPR_NETWORK
VEHEV-3CF61F2554,VEH-4629C7,2026-01-30T08:22:35,LOC-0F4A38,toll_crossing,TRAFFIC_ANPR_NETWORK
VEHEV-A2FDB87351,VEH-14ED44,2026-01-31T00:02:27,LOC-B9CFDA,anpr_capture,TRAFFIC_ANPR_NETWORK
VEHEV-15DB25AD27,VEH-E28F4A,2026-01-31T02:58:26,LOC-8546A1,anpr_capture,TRAFFIC_ANPR_NETWORK
VEHEV-F8D7710351,VEH-5AAD80,2026-01-31T07:28:33,LOC-056FB8,parking_entry,TRAFFIC_ANPR_NETWORK
VEHEV-267A1279C8,VEH-0128ED,2026-01-31T09:05:53,LOC-1651DD,parking_entry,TRAFFIC_ANPR_NETWORK
VEHEV-D06A7CD66B,VEH-4CF855,2026-01-31T14:37:47,LOC-8343B9,anpr_capture,TRAFFIC_ANPR_NETWORK
VEHEV-A44EEAD1BD,VEH-C1AD5E,2026-01-31T19:16:38,LOC-60AA0D,toll_crossing,TRAFFIC_ANPR_NETWORK
VEHEV-79E063EF0C,VEH-299FE5,2026-02-01T18:22:41,LOC-A56A62,toll_crossing,TRAFFIC_ANPR_NETWORK
VEHEV-B6859F7E3A,VEH-BD0766,2026-02-01T20:15:59,LOC-782390,anpr_capture,TRAFFIC_ANPR_NETWORK
VEHEV-D9072DF635,VEH-4CF855,2026-02-03T00:32:03,LOC-3EC306,parking_entry,TRAFFIC_ANPR_NETWORK
VEHEV-E1CE60DE65,VEH-990B1F,2026-02-03T09:19:59,LOC-246595,anpr_capture,TRAFFIC_ANPR_NETWORK
VEHEV-3C2AE6AAF7,VEH-AE4521,2026-02-03T09:40:22,LOC-246595,parking_entry,TRAFFIC_ANPR_NETWORK
VEHEV-C2DDAD517E,VEH-F90BF8,2026-02-03T13:36:57,LOC-C75B69,toll_crossing,TRAFFIC_ANPR_NETWORK
VEHEV-341ECEDBEA,VEH-B5CB13,2026-02-03T14:50:47,LOC-0826C0,anpr_capture,TRAFFIC_ANPR_NETWORK
VEHEV-C7B17497D8,VEH-5F6C14,2026-02-03T15:08:57,LOC-1A1F14,toll_crossing,TRAFFIC_ANPR_NETWORK
VEHEV-DF4B9CDA62,VEH-92F5E9,2026-02-03T19:02:25,LOC-0F4A38,toll_crossing,TRAFFIC_ANPR_NETWORK
VEHEV-655D9933FF,VEH-90408C,2026-02-04T21:15:13,LOC-3EC306,anpr_capture,TRAFFIC_ANPR_NETWORK
VEHEV-60B11F45D7,VEH-DE3C79,2026-02-04T22:06:53,LOC-246595,toll_crossing,TRAFFIC_ANPR_NETWORK
VEHEV-AEFA7D2430,VEH-5F6C14,2026-02-04T23:12:26,LOC-7CA5D0,toll_crossing,TRAFFIC_ANPR_NETWORK
VEHEV-7559CAC0B2,VEH-222D1C,2026-02-05T05:54:58,LOC-6B641B,parking_entry,TRAFFIC_ANPR_NETWORK
VEHEV-0F877D3ED8,VEH-99FB63,2026-02-05T05:58:32,LOC-3BBE58,toll_crossing,TRAFFIC_ANPR_NETWORK
VEHEV-8B8D70E7EF,VEH-B81B10,2026-02-05T15:40:07,LOC-961151,toll_crossing,TRAFFIC_ANPR_NETWORK
VEHEV-B72D2BF4D3,VEH-479916,2026-02-06T03:23:28,LOC-550AE8,anpr_capture,TRAFFIC_ANPR_NETWORK
VEHEV-D1D8FD14A6,VEH-1619C7,2026-02-06T10:01:03,LOC-86EE62,toll_crossing,TRAFFIC_ANPR_NETWORK
VEHEV-04519AB5CA,VEH-F7BD97,2026-02-06T11:05:39,LOC-86EE62,toll_crossing,TRAFFIC_ANPR_NETWORK
VEHEV-E6BFAA4EFC,VEH-299FE5,2026-02-06T12:17:38,LOC-2E747C,parking_entry,TRAFFIC_ANPR_NETWORK
VEHEV-87AD91624D,VEH-3418BD,2026-02-06T18:05:19,LOC-7CA5D0,anpr_capture,TRAFFIC_ANPR_NETWORK
VEHEV-5236253048,VEH-791775,2026-02-07T03:44:43,LOC-8B4EBB,anpr_capture,TRAFFIC_ANPR_NETWORK
VEHEV-85B5A32B97,VEH-5F6C14,2026-02-08T00:15:45,LOC-8546A1,parking_entry,TRAFFIC_ANPR_NETWORK
VEHEV-AEB077C66B,VEH-5AAD80,2026-02-08T12:45:32,LOC-28DFA2,parking_entry,TRAFFIC_ANPR_NETWORK
VEHEV-7CDFCE4C51,VEH-F8A27A,2026-02-08T16:44:35,LOC-5653D4,anpr_capture,TRAFFIC_ANPR_NETWORK
VEHEV-EB789D63BC,VEH-99FB63,2026-02-08T19:11:53,LOC-3EC306,toll_crossing,TRAFFIC_ANPR_NETWORK
VEHEV-55A9231EE8,VEH-2510AF,2026-02-08T23:40:59,LOC-D2F79E,parking_entry,TRAFFIC_ANPR_NETWORK
VEHEV-227AB75017,VEH-C96C55,2026-02-09T04:34:18,LOC-246595,toll_crossing,TRAFFIC_ANPR_NETWORK
VEHEV-095C256E45,VEH-5DB746,2026-02-09T18:36:21,LOC-A56A62,anpr_capture,TRAFFIC_ANPR_NETWORK
VEHEV-E99E9056FB,VEH-0A13C0,2026-02-09T22:27:52,LOC-8546A1,toll_crossing,TRAFFIC_ANPR_NETWORK
VEHEV-D1B1264FF2,VEH-5AAD80,2026-02-10T04:08:06,LOC-246595,parking_entry,TRAFFIC_ANPR_NETWORK
VEHEV-C008C91A38,VEH-A0FFAA,2026-02-10T04:55:46,LOC-8343B9,parking_entry,TRAFFIC_ANPR_NETWORK
VEHEV-4296491F86,VEH-B58A64,2026-02-10T06:52:37,LOC-8546A1,anpr_capture,TRAFFIC_ANPR_NETWORK
VEHEV-FF5C7ED0AE,VEH-9D785B,2026-02-10T10:19:04,LOC-B9CFDA,toll_crossing,TRAFFIC_ANPR_NETWORK
VEHEV-70F8545E4F,VEH-AE4521,2026-02-10T16:14:30,LOC-8546A1,toll_crossing,TRAFFIC_ANPR_NETWORK
VEHEV-07DBF5D3B8,VEH-204EB6,2026-02-10T22:49:40,LOC-C75B69,anpr_capture,TRAFFIC_ANPR_NETWORK
VEHEV-0C69044976,VEH-A769F7,2026-02-11T04:00:06,LOC-C75B69,toll_crossing,TRAFFIC_ANPR_NETWORK
VEHEV-B40869A67F,VEH-BDB3EB,2026-02-11T10:30:13,LOC-3EC306,toll_crossing,TRAFFIC_ANPR_NETWORK
VEHEV-D63B006EB6,VEH-52FF4A,2026-02-11T10:53:50,LOC-1A1F14,anpr_capture,TRAFFIC_ANPR_NETWORK
VEHEV-FEE121BCD7,VEH-055299,2026-02-11T21:58:43,LOC-49A6DB,parking_entry,TRAFFIC_ANPR_NETWORK
VEHEV-9ED4BAAA85,VEH-872698,2026-02-12T06:46:16,LOC-B8654D,toll_crossing,TRAFFIC_ANPR_NETWORK
VEHEV-50D980786D,VEH-154687,2026-02-12T13:30:23,LOC-0826C0,toll_crossing,TRAFFIC_ANPR_NETWORK
VEHEV-005F6BEE80,VEH-B81B10,2026-02-12T17:14:19,LOC-564023,toll_crossing,TRAFFIC_ANPR_NETWORK
VEHEV-3D96205B85,VEH-96D316,2026-02-12T19:01:25,LOC-782390,parking_entry,TRAFFIC_ANPR_NETWORK
VEHEV-0543288E5E,VEH-BC59A1,2026-02-13T02:15:13,LOC-CBE54C,anpr_capture,TRAFFIC_ANPR_NETWORK
VEHEV-98999299F0,VEH-A25387,2026-02-13T03:23:37,LOC-961151,parking_entry,TRAFFIC_ANPR_NETWORK
VEHEV-24C53C57F1,VEH-BF026F,2026-02-13T06:19:09,LOC-8546A1,toll_crossing,TRAFFIC_ANPR_NETWORK
VEHEV-5DF7E73E12,VEH-FBBD55,2026-02-13T07:06:51,LOC-1A1F14,toll_crossing,TRAFFIC_ANPR_NETWORK
VEHEV-64FF30F471,VEH-BD0766,2026-02-13T08:06:55,LOC-782390,parking_entry,TRAFFIC_ANPR_NETWORK
VEHEV-097DF071E7,VEH-809BDE,2026-02-13T10:59:36,LOC-858C2E,anpr_capture,TRAFFIC_ANPR_NETWORK
VEHEV-A94951F92E,VEH-204EB6,2026-02-13T17:06:38,LOC-3EC306,anpr_capture,TRAFFIC_ANPR_NETWORK
VEHEV-2B5965083B,VEH-D988F8,2026-02-13T22:22:15,LOC-056FB8,anpr_capture,TRAFFIC_ANPR_NETWORK
VEHEV-538C0DA4D0,VEH-B1CA00,2026-02-13T22:53:09,LOC-5653D4,anpr_capture,TRAFFIC_ANPR_NETWORK
VEHEV-32468268A3,VEH-1619C7,2026-02-14T00:45:23,LOC-858C2E,toll_crossing,TRAFFIC_ANPR_NETWORK
VEHEV-C96F69DCA8,VEH-37180E,2026-02-14T12:07:29,LOC-AAC991,parking_entry,TRAFFIC_ANPR_NETWORK
VEHEV-CF4C5EF3DD,VEH-222D1C,2026-02-14T12:15:58,LOC-8F9B34,toll_crossing,TRAFFIC_ANPR_NETWORK
VEHEV-C0FDF11776,VEH-0128ED,2026-02-15T23:02:25,LOC-C75B69,anpr_capture,TRAFFIC_ANPR_NETWORK
VEHEV-3DE1A057AC,VEH-66D736,2026-02-16T08:42:16,LOC-8F9B34,toll_crossing,TRAFFIC_ANPR_NETWORK
VEHEV-B66E0E3160,VEH-C372F2,2026-02-16T14:09:12,LOC-28DFA2,anpr_capture,TRAFFIC_ANPR_NETWORK
VEHEV-618D083A9D,VEH-EEBE88,2026-02-16T14:31:35,LOC-056FB8,parking_entry,TRAFFIC_ANPR_NETWORK
VEHEV-2CC12213B0,VEH-12D9CB,2026-02-17T00:58:06,LOC-1B923E,anpr_capture,TRAFFIC_ANPR_NETWORK
VEHEV-124AC3083D,VEH-92F5E9,2026-02-17T01:06:50,LOC-7CA5D0,toll_crossing,TRAFFIC_ANPR_NETWORK
VEHEV-8431A7D565,VEH-430C47,2026-02-17T10:01:57,LOC-246595,parking_entry,TRAFFIC_ANPR_NETWORK
VEHEV-4A5CDDC1D2,VEH-FB0CA5,2026-02-17T11:34:57,LOC-5653D4,parking_entry,TRAFFIC_ANPR_NETWORK
VEHEV-85432CC54F,VEH-424E0A,2026-02-18T03:18:12,LOC-11E374,toll_crossing,TRAFFIC_ANPR_NETWORK
VEHEV-863908C938,VEH-30B831,2026-02-18T05:27:25,LOC-C3A1CB,parking_entry,TRAFFIC_ANPR_NETWORK
VEHEV-9D3563FF70,VEH-E472FE,2026-02-18T17:32:32,LOC-1A1F14,toll_crossing,TRAFFIC_ANPR_NETWORK
VEHEV-C2938A4ECB,VEH-F9D5E2,2026-02-18T18:39:10,LOC-A8778C,toll_crossing,TRAFFIC_ANPR_NETWORK
VEHEV-8E01F021E1,VEH-42A441,2026-02-18T23:07:14,LOC-8F9B34,parking_entry,TRAFFIC_ANPR_NETWORK
VEHEV-545289B0F2,VEH-68B60A,2026-02-19T00:01:36,LOC-CBE54C,parking_entry,TRAFFIC_ANPR_NETWORK
VEHEV-3EB6AB49EC,VEH-DE3C79,2026-02-19T03:36:40,LOC-AAC991,parking_entry,TRAFFIC_ANPR_NETWORK
VEHEV-E9D698F174,VEH-B58A64,2026-02-19T14:19:27,LOC-D2F79E,parking_entry,TRAFFIC_ANPR_NETWORK
VEHEV-0AA1681731,VEH-D988F8,2026-02-20T12:46:13,LOC-550AE8,parking_entry,TRAFFIC_ANPR_NETWORK
VEHEV-BE439BE06E,VEH-51A60A,2026-02-21T02:26:05,LOC-8B4EBB,anpr_capture,TRAFFIC_ANPR_NETWORK
VEHEV-6D9186D0F7,VEH-92C7A9,2026-02-21T04:28:40,LOC-A8778C,anpr_capture,TRAFFIC_ANPR_NETWORK
VEHEV-DA245B4123,VEH-30B831,2026-02-21T14:25:38,LOC-8F9B34,anpr_capture,TRAFFIC_ANPR_NETWORK
VEHEV-17E6298E62,VEH-19FE3A,2026-02-21T16:07:01,LOC-B9CFDA,toll_crossing,TRAFFIC_ANPR_NETWORK
VEHEV-3D595837BF,VEH-6BB4F6,2026-02-21T18:17:22,LOC-C75B69,parking_entry,TRAFFIC_ANPR_NETWORK
VEHEV-187DFD369C,VEH-204EB6,2026-02-22T03:18:53,LOC-B9CFDA,parking_entry,TRAFFIC_ANPR_NETWORK
VEHEV-879000292A,VEH-73A3B3,2026-02-22T05:49:17,LOC-166DD6,toll_crossing,TRAFFIC_ANPR_NETWORK
VEHEV-B9392F9DDA,VEH-870CDB,2026-02-22T13:49:44,LOC-3EC306,toll_crossing,TRAFFIC_ANPR_NETWORK
VEHEV-3835224717,VEH-7A16BA,2026-02-22T16:00:30,LOC-8343B9,toll_crossing,TRAFFIC_ANPR_NETWORK
VEHEV-202E37890B,VEH-79FF14,2026-02-22T19:46:08,LOC-0826C0,anpr_capture,TRAFFIC_ANPR_NETWORK
VEHEV-1FA6C06518,VEH-66D736,2026-02-23T00:07:34,LOC-3BBE58,parking_entry,TRAFFIC_ANPR_NETWORK
VEHEV-0D7E47767F,VEH-99FB63,2026-02-23T02:30:26,LOC-49A6DB,anpr_capture,TRAFFIC_ANPR_NETWORK
VEHEV-703D9C064E,VEH-DDD950,2026-02-23T06:18:38,LOC-86EE62,anpr_capture,TRAFFIC_ANPR_NETWORK
VEHEV-8398596E71,VEH-0E4E62,2026-02-24T02:27:27,LOC-C609DC,toll_crossing,TRAFFIC_ANPR_NETWORK
VEHEV-26B75F5AE5,VEH-F90BF8,2026-02-24T06:04:59,LOC-2E747C,toll_crossing,TRAFFIC_ANPR_NETWORK
VEHEV-F4C8186206,VEH-983B89,2026-02-24T06:47:14,LOC-8343B9,anpr_capture,TRAFFIC_ANPR_NETWORK
VEHEV-2915615E70,VEH-51A60A,2026-02-24T14:51:44,LOC-86EE62,toll_crossing,TRAFFIC_ANPR_NETWORK
VEHEV-B7FC3B0CF8,VEH-9D806D,2026-02-24T21:51:57,LOC-86EE62,toll_crossing,TRAFFIC_ANPR_NETWORK
VEHEV-D62BDFAF6A,VEH-28AE2D,2026-02-25T05:23:58,LOC-A56A62,parking_entry,TRAFFIC_ANPR_NETWORK
VEHEV-E038E34AA8,VEH-789FF5,2026-02-25T07:22:29,LOC-C3A1CB,anpr_capture,TRAFFIC_ANPR_NETWORK
VEHEV-DF371F5BE2,VEH-14ED44,2026-02-25T08:33:04,LOC-1651DD,anpr_capture,TRAFFIC_ANPR_NETWORK
VEHEV-5F2153A8E0,VEH-A87390,2026-02-25T19:07:29,LOC-98B485,anpr_capture,TRAFFIC_ANPR_NETWORK
VEHEV-3F3346036F,VEH-5AAD80,2026-02-25T23:42:33,LOC-A56A62,toll_crossing,TRAFFIC_ANPR_NETWORK
VEHEV-BF2D10227D,VEH-870CDB,2026-02-26T00:17:12,LOC-4AB381,parking_entry,TRAFFIC_ANPR_NETWORK
VEHEV-2E6D5D3F1E,VEH-BDB3EB,2026-02-26T19:27:15,LOC-6B641B,parking_entry,TRAFFIC_ANPR_NETWORK
VEHEV-3BD6021B83,VEH-0E6ED7,2026-02-26T21:39:22,LOC-86EE62,parking_entry,TRAFFIC_ANPR_NETWORK
VEHEV-A89B463DFB,VEH-92C7A9,2026-02-26T22:37:49,LOC-86EE62,anpr_capture,TRAFFIC_ANPR_NETWORK
VEHEV-42D8450C72,VEH-C372F2,2026-02-27T10:48:31,LOC-5653D4,toll_crossing,TRAFFIC_ANPR_NETWORK
VEHEV-1230FDFA9E,VEH-85B1E7,2026-02-27T13:29:02,LOC-246595,toll_crossing,TRAFFIC_ANPR_NETWORK
VEHEV-6867569C76,VEH-B5CB13,2026-02-27T14:17:52,LOC-1651DD,anpr_capture,TRAFFIC_ANPR_NETWORK
VEHEV-7B10D7F2F6,VEH-1A67C1,2026-02-27T21:54:27,LOC-056FB8,parking_entry,TRAFFIC_ANPR_NETWORK
VEHEV-6E50932B13,VEH-FF3C3F,2026-02-27T23:23:37,LOC-C609DC,parking_entry,TRAFFIC_ANPR_NETWORK
VEHEV-E3B72D5589,VEH-E88E5A,2026-02-27T23:36:31,LOC-0F4A38,parking_entry,TRAFFIC_ANPR_NETWORK
VEHEV-EA0FC24014,VEH-D054BE,2026-02-28T09:21:41,LOC-2E747C,toll_crossing,TRAFFIC_ANPR_NETWORK
VEHEV-420CB77405,VEH-078C8C,2026-02-28T23:23:53,LOC-B8654D,toll_crossing,TRAFFIC_ANPR_NETWORK
VEHEV-8CC15C3981,VEH-BC4D2F,2026-03-01T01:19:19,LOC-3EC306,toll_crossing,TRAFFIC_ANPR_NETWORK
VEHEV-1C9C8D7B8E,VEH-B81B10,2026-03-01T08:01:16,LOC-2E747C,anpr_capture,TRAFFIC_ANPR_NETWORK
VEHEV-9BC18E7B77,VEH-A4D76A,2026-03-01T15:42:53,LOC-AAC991,anpr_capture,TRAFFIC_ANPR_NETWORK
VEHEV-30B93F31EA,VEH-50E854,2026-03-01T15:52:35,LOC-564023,anpr_capture,TRAFFIC_ANPR_NETWORK
VEHEV-709D6CFFC4,VEH-D4E1BE,2026-03-02T02:01:51,LOC-B9CFDA,anpr_capture,TRAFFIC_ANPR_NETWORK
VEHEV-6A42F0402B,VEH-37180E,2026-03-02T10:28:04,LOC-60AA0D,anpr_capture,TRAFFIC_ANPR_NETWORK
VEHEV-FE79BA8981,VEH-5D0FE6,2026-03-02T20:21:18,LOC-2E747C,toll_crossing,TRAFFIC_ANPR_NETWORK
VEHEV-906C8057D4,VEH-7D5BEE,2026-03-02T21:15:42,LOC-CBE54C,toll_crossing,TRAFFIC_ANPR_NETWORK
VEHEV-E1C77D88E2,VEH-ECA7C4,2026-03-03T16:39:34,LOC-782390,parking_entry,TRAFFIC_ANPR_NETWORK
VEHEV-86BCAFD9A8,VEH-7D5BEE,2026-03-03T20:33:53,LOC-2E747C,parking_entry,TRAFFIC_ANPR_NETWORK
VEHEV-963D866179,VEH-791775,2026-03-04T03:42:11,LOC-1A1F14,parking_entry,TRAFFIC_ANPR_NETWORK
VEHEV-D23A757C3E,VEH-BF026F,2026-03-04T06:47:36,LOC-2E747C,anpr_capture,TRAFFIC_ANPR_NETWORK
VEHEV-32D34D1E1C,VEH-531456,2026-03-04T17:50:04,LOC-86EE62,toll_crossing,TRAFFIC_ANPR_NETWORK
VEHEV-53BA40127F,VEH-8B8D01,2026-03-05T05:59:44,LOC-443CDE,anpr_capture,TRAFFIC_ANPR_NETWORK
VEHEV-8FFD49F85B,VEH-619BCF,2026-03-05T07:22:54,LOC-443CDE,toll_crossing,TRAFFIC_ANPR_NETWORK
VEHEV-129CE4743D,VEH-BC4D2F,2026-03-05T17:47:14,LOC-8343B9,toll_crossing,TRAFFIC_ANPR_NETWORK
VEHEV-6C7A2353CF,VEH-0E6ED7,2026-03-06T05:56:57,LOC-8B4EBB,toll_crossing,TRAFFIC_ANPR_NETWORK
VEHEV-F344AC07C5,VEH-48AC1E,2026-03-06T07:07:51,LOC-8B4EBB,parking_entry,TRAFFIC_ANPR_NETWORK
VEHEV-7759292A4B,VEH-EEBE88,2026-03-06T09:13:46,LOC-4AB381,parking_entry,TRAFFIC_ANPR_NETWORK
VEHEV-D91CF5EBAD,VEH-50E854,2026-03-06T13:52:01,LOC-5653D4,toll_crossing,TRAFFIC_ANPR_NETWORK
VEHEV-8431177124,VEH-AE4521,2026-03-06T14:56:56,LOC-CBE54C,toll_crossing,TRAFFIC_ANPR_NETWORK
VEHEV-1968BE7E62,VEH-ECA8AD,2026-03-07T01:30:06,LOC-8B4EBB,anpr_capture,TRAFFIC_ANPR_NETWORK
VEHEV-3A3F5C2B65,VEH-791775,2026-03-07T02:46:33,LOC-A56A62,parking_entry,TRAFFIC_ANPR_NETWORK
VEHEV-CA38B717E8,VEH-43898D,2026-03-07T07:13:22,LOC-782390,anpr_capture,TRAFFIC_ANPR_NETWORK
VEHEV-AE475968BE,VEH-0A13C0,2026-03-07T09:20:57,LOC-858C2E,anpr_capture,TRAFFIC_ANPR_NETWORK
VEHEV-DD46A67A3D,VEH-9F0193,2026-03-08T15:58:42,LOC-0F4A38,anpr_capture,TRAFFIC_ANPR_NETWORK
VEHEV-0EBBC0ED10,VEH-B2E6B8,2026-03-08T23:47:36,LOC-1B923E,toll_crossing,TRAFFIC_ANPR_NETWORK
VEHEV-65078BE7C8,VEH-FA9F7D,2026-03-09T04:13:24,LOC-B8654D,parking_entry,TRAFFIC_ANPR_NETWORK
VEHEV-293388E08C,VEH-F110D5,2026-03-09T04:53:24,LOC-2E747C,toll_crossing,TRAFFIC_ANPR_NETWORK
VEHEV-DDD227DE31,VEH-ECA7C4,2026-03-09T18:41:55,LOC-A8778C,anpr_capture,TRAFFIC_ANPR_NETWORK
VEHEV-9D89F901D2,VEH-F8A27A,2026-03-09T22:29:56,LOC-B8654D,toll_crossing,TRAFFIC_ANPR_NETWORK
VEHEV-436670E389,VEH-5BBA14,2026-03-10T08:35:39,LOC-1651DD,anpr_capture,TRAFFIC_ANPR_NETWORK
VEHEV-B6239D6584,VEH-52FF4A,2026-03-10T17:26:17,LOC-A8778C,parking_entry,TRAFFIC_ANPR_NETWORK
VEHEV-FE47AA4EC7,VEH-28AE2D,2026-03-10T21:08:52,LOC-0F4A38,parking_entry,TRAFFIC_ANPR_NETWORK
VEHEV-4E314D8DFA,VEH-F7D3E8,2026-03-11T04:09:18,LOC-B9CFDA,toll_crossing,TRAFFIC_ANPR_NETWORK
VEHEV-6E44998799,VEH-0A13C0,2026-03-11T19:45:56,LOC-1A1F14,anpr_capture,TRAFFIC_ANPR_NETWORK
VEHEV-63C4F6D0E2,VEH-3418BD,2026-03-12T06:17:52,LOC-4AB381,parking_entry,TRAFFIC_ANPR_NETWORK
VEHEV-AA48D4B75A,VEH-F8A27A,2026-03-12T11:35:02,LOC-550AE8,toll_crossing,TRAFFIC_ANPR_NETWORK
VEHEV-D53B2DF602,VEH-983B89,2026-03-12T12:09:08,LOC-550AE8,toll_crossing,TRAFFIC_ANPR_NETWORK
VEHEV-E44B9F051F,VEH-5B899F,2026-03-12T16:52:11,LOC-2E747C,toll_crossing,TRAFFIC_ANPR_NETWORK
VEHEV-F8DEAE6D1B,VEH-BF026F,2026-03-12T17:01:43,LOC-A56A62,parking_entry,TRAFFIC_ANPR_NETWORK
VEHEV-A4EA72913D,VEH-24FFC2,2026-03-12T20:09:07,LOC-86EE62,toll_crossing,TRAFFIC_ANPR_NETWORK
VEHEV-964D945E17,VEH-5F6C14,2026-03-12T22:33:35,LOC-A56A62,parking_entry,TRAFFIC_ANPR_NETWORK
VEHEV-6A86BD9F56,VEH-FBBD55,2026-03-12T23:39:23,LOC-98B485,anpr_capture,TRAFFIC_ANPR_NETWORK
VEHEV-C1AB850591,VEH-C1AD5E,2026-03-13T08:43:33,LOC-C75B69,toll_crossing,TRAFFIC_ANPR_NETWORK
VEHEV-A95AF3B7C9,VEH-DE3C79,2026-03-13T21:32:37,LOC-7CA5D0,parking_entry,TRAFFIC_ANPR_NETWORK
VEHEV-C034107700,VEH-79982A,2026-03-14T01:48:40,LOC-246595,parking_entry,TRAFFIC_ANPR_NETWORK
VEHEV-7CB2E1530A,VEH-B5CB13,2026-03-14T05:46:20,LOC-3BBE58,parking_entry,TRAFFIC_ANPR_NETWORK
VEHEV-7A52F76571,VEH-A50C0A,2026-03-14T10:22:13,LOC-8F9B34,parking_entry,TRAFFIC_ANPR_NETWORK
VEHEV-32B00048CE,VEH-9F0193,2026-03-14T10:53:10,LOC-8B4EBB,toll_crossing,TRAFFIC_ANPR_NETWORK
VEHEV-E88929C260,VEH-9DF1B2,2026-03-14T15:39:31,LOC-3BBE58,parking_entry,TRAFFIC_ANPR_NETWORK
VEHEV-4B78E3EF26,VEH-078C8C,2026-03-14T17:39:30,LOC-C3A1CB,anpr_capture,TRAFFIC_ANPR_NETWORK
VEHEV-945AAA190B,VEH-F7D3E8,2026-03-14T18:29:57,LOC-246595,anpr_capture,TRAFFIC_ANPR_NETWORK
VEHEV-360D08AB8A,VEH-A1BD56,2026-03-14T18:43:38,LOC-1B923E,parking_entry,TRAFFIC_ANPR_NETWORK
VEHEV-1392C3E031,VEH-32615D,2026-03-14T18:43:43,LOC-858C2E,toll_crossing,TRAFFIC_ANPR_NETWORK
VEHEV-DC2894371C,VEH-EF1616,2026-03-14T19:13:47,LOC-1B923E,parking_entry,TRAFFIC_ANPR_NETWORK
VEHEV-9126247026,VEH-B7338E,2026-03-15T00:04:58,LOC-A56A62,toll_crossing,TRAFFIC_ANPR_NETWORK
VEHEV-C2A6CC56A5,VEH-F7EA3C,2026-03-15T00:56:13,LOC-1B923E,toll_crossing,TRAFFIC_ANPR_NETWORK
VEHEV-A20B8570E5,VEH-3418BD,2026-03-15T01:00:01,LOC-C75B69,toll_crossing,TRAFFIC_ANPR_NETWORK
VEHEV-428E0DD743,VEH-24FFC2,2026-03-15T08:25:17,LOC-8F9B34,parking_entry,TRAFFIC_ANPR_NETWORK
VEHEV-B46B5B70DC,VEH-28AE2D,2026-03-15T08:26:37,LOC-166DD6,toll_crossing,TRAFFIC_ANPR_NETWORK
VEHEV-DB6744725B,VEH-F8A27A,2026-03-15T09:34:40,LOC-C75B69,anpr_capture,TRAFFIC_ANPR_NETWORK
VEHEV-3306AE8982,VEH-4B4897,2026-03-15T12:40:34,LOC-49A6DB,toll_crossing,TRAFFIC_ANPR_NETWORK
VEHEV-BACA41871A,VEH-2D308C,2026-03-15T12:48:13,LOC-CBE54C,anpr_capture,TRAFFIC_ANPR_NETWORK
VEHEV-2763427572,VEH-F8A27A,2026-03-15T14:02:10,LOC-564023,toll_crossing,TRAFFIC_ANPR_NETWORK
VEHEV-224D800BB0,VEH-A69C70,2026-03-15T14:53:27,LOC-8546A1,anpr_capture,TRAFFIC_ANPR_NETWORK
VEHEV-2355EC057A,VEH-A87390,2026-03-15T21:29:31,LOC-86EE62,anpr_capture,TRAFFIC_ANPR_NETWORK
VEHEV-48BE937193,VEH-F8A27A,2026-03-16T02:52:42,LOC-3BBE58,parking_entry,TRAFFIC_ANPR_NETWORK
VEHEV-97DE120765,VEH-A0FFAA,2026-03-16T10:11:49,LOC-5653D4,toll_crossing,TRAFFIC_ANPR_NETWORK
VEHEV-C7459403E7,VEH-B2E6B8,2026-03-16T10:26:45,LOC-60AA0D,toll_crossing,TRAFFIC_ANPR_NETWORK
VEHEV-2A91059997,VEH-889DC0,2026-03-17T05:42:41,LOC-60AA0D,toll_crossing,TRAFFIC_ANPR_NETWORK
VEHEV-F691B511B0,VEH-B58A64,2026-03-17T06:55:10,LOC-550AE8,parking_entry,TRAFFIC_ANPR_NETWORK
VEHEV-5AB59C714F,VEH-809BDE,2026-03-17T08:38:10,LOC-D2F79E,parking_entry,TRAFFIC_ANPR_NETWORK
VEHEV-1107F6F930,VEH-798265,2026-03-17T12:31:42,LOC-28DFA2,toll_crossing,TRAFFIC_ANPR_NETWORK
VEHEV-6C280A1B6A,VEH-9C2620,2026-03-17T13:12:43,LOC-CBE54C,toll_crossing,TRAFFIC_ANPR_NETWORK
VEHEV-10A51A86D6,VEH-896AF4,2026-03-17T15:44:35,LOC-443CDE,parking_entry,TRAFFIC_ANPR_NETWORK
VEHEV-9EF254466D,VEH-154687,2026-03-17T17:00:48,LOC-B8654D,parking_entry,TRAFFIC_ANPR_NETWORK
VEHEV-4181E10B99,VEH-68E1F9,2026-03-18T14:30:41,LOC-246595,toll_crossing,TRAFFIC_ANPR_NETWORK
VEHEV-198CBF29E8,VEH-FA9F7D,2026-03-18T17:43:51,LOC-443CDE,parking_entry,TRAFFIC_ANPR_NETWORK
VEHEV-2E1138380E,VEH-68E1F9,2026-03-19T01:56:34,LOC-B9CFDA,anpr_capture,TRAFFIC_ANPR_NETWORK
VEHEV-833CBBEB95,VEH-CB55D9,2026-03-19T12:05:13,LOC-7CA5D0,toll_crossing,TRAFFIC_ANPR_NETWORK
VEHEV-31AA62288B,VEH-B7338E,2026-03-19T12:52:04,LOC-C3A1CB,toll_crossing,TRAFFIC_ANPR_NETWORK
VEHEV-8CB4021BC5,VEH-E556AE,2026-03-19T21:17:54,LOC-98B485,toll_crossing,TRAFFIC_ANPR_NETWORK
VEHEV-916AC30EF6,VEH-7D5BEE,2026-03-19T22:52:39,LOC-60AA0D,parking_entry,TRAFFIC_ANPR_NETWORK
VEHEV-F0CE4AA559,VEH-D80DB3,2026-03-20T05:53:13,LOC-0F4A38,toll_crossing,TRAFFIC_ANPR_NETWORK
VEHEV-79067E354F,VEH-E28F4A,2026-03-20T16:50:13,LOC-60AA0D,toll_crossing,TRAFFIC_ANPR_NETWORK
VEHEV-6C63CCA343,VEH-0E6ED7,2026-03-20T19:03:41,LOC-8546A1,parking_entry,TRAFFIC_ANPR_NETWORK
VEHEV-8BF98752E4,VEH-A4D76A,2026-03-21T04:38:47,LOC-564023,parking_entry,TRAFFIC_ANPR_NETWORK
VEHEV-183443922B,VEH-8D28C2,2026-03-21T10:49:46,LOC-D2F79E,parking_entry,TRAFFIC_ANPR_NETWORK
VEHEV-843D5A7B73,VEH-E28F4A,2026-03-21T11:27:16,LOC-858C2E,anpr_capture,TRAFFIC_ANPR_NETWORK
VEHEV-8EF9DE92F2,VEH-479916,2026-03-21T15:46:12,LOC-782390,parking_entry,TRAFFIC_ANPR_NETWORK
VEHEV-04F092052C,VEH-424E0A,2026-03-21T16:38:26,LOC-CBE54C,anpr_capture,TRAFFIC_ANPR_NETWORK
VEHEV-FA14701792,VEH-916D9E,2026-03-21T20:45:18,LOC-1B923E,toll_crossing,TRAFFIC_ANPR_NETWORK
VEHEV-7ACCE2C9D2,VEH-99FB63,2026-03-22T01:15:53,LOC-98B485,toll_crossing,TRAFFIC_ANPR_NETWORK
VEHEV-4593D209DC,VEH-1619C7,2026-03-22T05:26:54,LOC-A56A62,toll_crossing,TRAFFIC_ANPR_NETWORK
VEHEV-48D2D3E939,VEH-79982A,2026-03-22T20:50:51,LOC-D2F79E,toll_crossing,TRAFFIC_ANPR_NETWORK
VEHEV-7205033BB0,VEH-809BDE,2026-03-22T22:49:35,LOC-C75B69,anpr_capture,TRAFFIC_ANPR_NETWORK
VEHEV-6F2BDBB380,VEH-A4D76A,2026-03-23T00:49:56,LOC-AAC991,anpr_capture,TRAFFIC_ANPR_NETWORK
VEHEV-89BBA2294E,VEH-E26362,2026-03-23T01:02:22,LOC-CBE54C,parking_entry,TRAFFIC_ANPR_NETWORK
VEHEV-12466E0D2C,VEH-789FF5,2026-03-23T04:45:12,LOC-858C2E,toll_crossing,TRAFFIC_ANPR_NETWORK
VEHEV-4AD0B4BAA7,VEH-90408C,2026-03-23T07:05:53,LOC-858C2E,parking_entry,TRAFFIC_ANPR_NETWORK
VEHEV-97BD557406,VEH-68B60A,2026-03-23T12:44:46,LOC-1B923E,parking_entry,TRAFFIC_ANPR_NETWORK
VEHEV-FC7209CED2,VEH-8D28C2,2026-03-23T14:03:44,LOC-2E747C,parking_entry,TRAFFIC_ANPR_NETWORK
VEHEV-653BA1734A,VEH-F74CAA,2026-03-23T16:48:25,LOC-49A6DB,toll_crossing,TRAFFIC_ANPR_NETWORK
VEHEV-353D9788A1,VEH-C1AD5E,2026-03-23T23:42:09,LOC-4AB381,toll_crossing,TRAFFIC_ANPR_NETWORK
VEHEV-DA93DB9F7C,VEH-19FE3A,2026-03-24T04:21:17,LOC-B9CFDA,parking_entry,TRAFFIC_ANPR_NETWORK
VEHEV-3561B58CDA,VEH-30B831,2026-03-25T03:30:25,LOC-782390,parking_entry,TRAFFIC_ANPR_NETWORK
VEHEV-3FEDF85901,VEH-7BA5B2,2026-03-25T04:10:24,LOC-60AA0D,anpr_capture,TRAFFIC_ANPR_NETWORK
VEHEV-4A67AA2838,VEH-809BDE,2026-03-25T09:48:39,LOC-0826C0,anpr_capture,TRAFFIC_ANPR_NETWORK
VEHEV-74CE67F649,VEH-ECA8AD,2026-03-25T14:56:00,LOC-1A1F14,anpr_capture,TRAFFIC_ANPR_NETWORK
VEHEV-B073967C46,VEH-3D7608,2026-03-25T18:52:15,LOC-1A1F14,toll_crossing,TRAFFIC_ANPR_NETWORK
VEHEV-2BCE5A4814,VEH-BD0766,2026-03-25T20:36:30,LOC-2E747C,toll_crossing,TRAFFIC_ANPR_NETWORK
VEHEV-92D3B7779A,VEH-AA5946,2026-03-27T02:40:29,LOC-B8654D,parking_entry,TRAFFIC_ANPR_NETWORK
VEHEV-C256144D16,VEH-798265,2026-03-27T16:09:00,LOC-8546A1,anpr_capture,TRAFFIC_ANPR_NETWORK
VEHEV-7A31406ADC,VEH-025E62,2026-03-27T18:30:24,LOC-5653D4,anpr_capture,TRAFFIC_ANPR_NETWORK
VEHEV-0410F8BCA0,VEH-60122E,2026-03-27T20:07:02,LOC-8343B9,anpr_capture,TRAFFIC_ANPR_NETWORK
VEHEV-96A5D67ACB,VEH-68B60A,2026-03-27T23:48:19,LOC-C609DC,anpr_capture,TRAFFIC_ANPR_NETWORK
VEHEV-2B0661ABB9,VEH-289718,2026-03-28T03:30:16,LOC-D2F79E,toll_crossing,TRAFFIC_ANPR_NETWORK
VEHEV-E87AD1EDD5,VEH-916D9E,2026-03-28T15:45:19,LOC-8F9B34,toll_crossing,TRAFFIC_ANPR_NETWORK
VEHEV-09F8536077,VEH-BC4D2F,2026-03-28T16:42:03,LOC-49A6DB,anpr_capture,TRAFFIC_ANPR_NETWORK
VEHEV-FB8F52EFD9,VEH-B51525,2026-03-29T01:12:20,LOC-782390,anpr_capture,TRAFFIC_ANPR_NETWORK
VEHEV-027627F4AB,VEH-479916,2026-03-29T01:33:28,LOC-98B485,toll_crossing,TRAFFIC_ANPR_NETWORK
VEHEV-3B11685B7C,VEH-19FE3A,2026-03-29T08:36:38,LOC-443CDE,parking_entry,TRAFFIC_ANPR_NETWORK
VEHEV-D2D71F48F6,VEH-7A16BA,2026-03-29T17:54:49,LOC-C75B69,parking_entry,TRAFFIC_ANPR_NETWORK
VEHEV-0A7D3D0E60,VEH-A95487,2026-03-29T18:19:56,LOC-0826C0,parking_entry,TRAFFIC_ANPR_NETWORK
VEHEV-4F90B26B26,VEH-5DB746,2026-03-29T18:55:54,LOC-1651DD,anpr_capture,TRAFFIC_ANPR_NETWORK
VEHEV-90AF0ED456,VEH-DF8641,2026-03-29T22:51:19,LOC-B9CFDA,parking_entry,TRAFFIC_ANPR_NETWORK
VEHEV-08AFFE6D37,VEH-025E62,2026-03-30T00:34:07,LOC-8343B9,parking_entry,TRAFFIC_ANPR_NETWORK
VEHEV-CB405DBCA8,VEH-39D999,2026-03-30T02:05:56,LOC-1B923E,anpr_capture,TRAFFIC_ANPR_NETWORK
VEHEV-171A7B2C38,VEH-73A3B3,2026-03-30T04:02:39,LOC-782390,anpr_capture,TRAFFIC_ANPR_NETWORK
VEHEV-252DF16488,VEH-154687,2026-03-30T06:07:44,LOC-98B485,parking_entry,TRAFFIC_ANPR_NETWORK
VEHEV-896C32A25C,VEH-95682B,2026-03-30T17:46:37,LOC-11E374,toll_crossing,TRAFFIC_ANPR_NETWORK
VEHEV-4FA429B3A2,VEH-BDB3EB,2026-03-30T18:01:51,LOC-0826C0,toll_crossing,TRAFFIC_ANPR_NETWORK
VEHEV-DFA6CA3648,VEH-0478A9,2026-03-31T03:32:49,LOC-B8654D,anpr_capture,TRAFFIC_ANPR_NETWORK
VEHEV-DFEEBC8A8C,VEH-5B899F,2026-03-31T06:10:33,LOC-443CDE,toll_crossing,TRAFFIC_ANPR_NETWORK
VEHEV-B52A0E2CC9,VEH-7A16BA,2026-03-31T10:35:54,LOC-60AA0D,parking_entry,TRAFFIC_ANPR_NETWORK
